TRACE::2023-01-23.14:53:16::SCWPlatform::Trying to open the hw design at C:/Travail/s4InfoAtelier4/atelier4_wrapper/hw/atelier4_wrapper.xsa
TRACE::2023-01-23.14:53:16::SCWPlatform::DSA given C:/Travail/s4InfoAtelier4/atelier4_wrapper/hw/atelier4_wrapper.xsa
TRACE::2023-01-23.14:53:16::SCWPlatform::DSA absoulate path C:/Travail/s4InfoAtelier4/atelier4_wrapper/hw/atelier4_wrapper.xsa
TRACE::2023-01-23.14:53:18::SCWPlatform::DSA directory C:/Travail/s4InfoAtelier4/atelier4_wrapper/hw
TRACE::2023-01-23.14:53:18::SCWPlatform:: Platform Path C:/Travail/s4InfoAtelier4/atelier4_wrapper/hw/atelier4_wrapper.xsa
TRACE::2023-01-23.14:53:18::SCWPlatform:: Unique name xilinx:zybo-z7-10::0.0
TRACE::2023-01-23.14:53:18::SCWPlatform::Do not have an existing db opened. 
TRACE::2023-01-23.14:53:19::SCWPlatform::Opened new HwDB with name atelier4_wrapper_0
TRACE::2023-01-23.14:53:19::SCWWriter::formatted JSON is {
	"platformName":	"atelier4_wrapper",
	"sprVersion":	"2.0",
	"mode":	"gui",
	"dsaType":	"Fixed",
	"platformDesc":	"atelier4_wrapper",
	"platHandOff":	"<platformDir>.xsa",
	"platIntHandOff":	"<platformDir>/hw/atelier4_wrapper.xsa",
	"deviceType":	"zynq",
	"platIsPrebuiltAutogen":	"false",
	"platIsNoBootBsp":	"false",
	"hasFsblMakeHasChanges":	"false",
	"hasPmufwMakeHasChanges":	"false",
	"platPreBuiltFlag":	false,
	"platformSamplesDir":	""
}
TRACE::2023-01-23.14:53:19::SCWWriter::formatted JSON is {
	"platformName":	"atelier4_wrapper",
	"sprVersion":	"2.0",
	"mode":	"gui",
	"dsaType":	"Fixed",
	"platformDesc":	"atelier4_wrapper",
	"platHandOff":	"<platformDir>.xsa",
	"platIntHandOff":	"<platformDir>/hw/atelier4_wrapper.xsa",
	"deviceType":	"zynq",
	"platIsPrebuiltAutogen":	"false",
	"platIsNoBootBsp":	"false",
	"hasFsblMakeHasChanges":	"false",
	"hasPmufwMakeHasChanges":	"false",
	"platPreBuiltFlag":	false,
	"platformSamplesDir":	"",
	"platActiveSys":	"atelier4_wrapper",
	"systems":	[{
			"systemName":	"atelier4_wrapper",
			"systemDesc":	"atelier4_wrapper",
			"sysIsBootAutoGen":	"true",
			"systemDispName":	"atelier4_wrapper"
		}]
}
TRACE::2023-01-23.14:53:19::SCWPlatform::Boot application domains not present, creating them
TRACE::2023-01-23.14:53:19::SCWDomain::checking for install qemu data   : 
TRACE::2023-01-23.14:53:19::SCWDomain:: Using the QEMU Data from install at  : C:/Xilinx/Vitis/2020.2/data/emulation/platforms/zynq/sw/a9_standalone/qemu/
TRACE::2023-01-23.14:53:19::SCWDomain:: Using the QEMU args  from install at  : C:/Xilinx/Vitis/2020.2/data/emulation/platforms/zynq/sw/a9_standalone/qemu/qemu_args.txt
TRACE::2023-01-23.14:53:19::SCWPlatform::Trying to open the hw design at C:/Travail/s4InfoAtelier4/atelier4_wrapper/hw/atelier4_wrapper.xsa
TRACE::2023-01-23.14:53:19::SCWPlatform::DSA given C:/Travail/s4InfoAtelier4/atelier4_wrapper/hw/atelier4_wrapper.xsa
TRACE::2023-01-23.14:53:19::SCWPlatform::DSA absoulate path C:/Travail/s4InfoAtelier4/atelier4_wrapper/hw/atelier4_wrapper.xsa
TRACE::2023-01-23.14:53:19::SCWPlatform::DSA directory C:/Travail/s4InfoAtelier4/atelier4_wrapper/hw
TRACE::2023-01-23.14:53:19::SCWPlatform:: Platform Path C:/Travail/s4InfoAtelier4/atelier4_wrapper/hw/atelier4_wrapper.xsa
TRACE::2023-01-23.14:53:19::SCWPlatform:: Unique name xilinx:zybo-z7-10::0.0
TRACE::2023-01-23.14:53:19::SCWPlatform::Trying to set the existing hwdb with name atelier4_wrapper_0
TRACE::2023-01-23.14:53:19::SCWPlatform::Opened existing hwdb atelier4_wrapper_0
TRACE::2023-01-23.14:53:19::SCWPlatform::Found the Hw Db part of the input DSA
TRACE::2023-01-23.14:53:19::SCWPlatform::Trying to open the hw design at C:/Travail/s4InfoAtelier4/atelier4_wrapper/hw/atelier4_wrapper.xsa
TRACE::2023-01-23.14:53:19::SCWPlatform::DSA given C:/Travail/s4InfoAtelier4/atelier4_wrapper/hw/atelier4_wrapper.xsa
TRACE::2023-01-23.14:53:19::SCWPlatform::DSA absoulate path C:/Travail/s4InfoAtelier4/atelier4_wrapper/hw/atelier4_wrapper.xsa
TRACE::2023-01-23.14:53:19::SCWPlatform::DSA directory C:/Travail/s4InfoAtelier4/atelier4_wrapper/hw
TRACE::2023-01-23.14:53:19::SCWPlatform:: Platform Path C:/Travail/s4InfoAtelier4/atelier4_wrapper/hw/atelier4_wrapper.xsa
TRACE::2023-01-23.14:53:19::SCWPlatform:: Unique name xilinx:zybo-z7-10::0.0
TRACE::2023-01-23.14:53:19::SCWPlatform::Trying to set the existing hwdb with name atelier4_wrapper_0
TRACE::2023-01-23.14:53:19::SCWPlatform::Opened existing hwdb atelier4_wrapper_0
TRACE::2023-01-23.14:53:19::SCWPlatform::Found the Hw Db part of the input DSA
TRACE::2023-01-23.14:53:19::SCWPlatform::Trying to open the hw design at C:/Travail/s4InfoAtelier4/atelier4_wrapper/hw/atelier4_wrapper.xsa
TRACE::2023-01-23.14:53:19::SCWPlatform::DSA given C:/Travail/s4InfoAtelier4/atelier4_wrapper/hw/atelier4_wrapper.xsa
TRACE::2023-01-23.14:53:19::SCWPlatform::DSA absoulate path C:/Travail/s4InfoAtelier4/atelier4_wrapper/hw/atelier4_wrapper.xsa
TRACE::2023-01-23.14:53:19::SCWPlatform::DSA directory C:/Travail/s4InfoAtelier4/atelier4_wrapper/hw
TRACE::2023-01-23.14:53:19::SCWPlatform:: Platform Path C:/Travail/s4InfoAtelier4/atelier4_wrapper/hw/atelier4_wrapper.xsa
TRACE::2023-01-23.14:53:19::SCWPlatform:: Unique name xilinx:zybo-z7-10::0.0
TRACE::2023-01-23.14:53:19::SCWPlatform::Trying to set the existing hwdb with name atelier4_wrapper_0
TRACE::2023-01-23.14:53:19::SCWPlatform::Opened existing hwdb atelier4_wrapper_0
TRACE::2023-01-23.14:53:19::SCWPlatform::Found the Hw Db part of the input DSA
TRACE::2023-01-23.14:53:19::SCWPlatform::Boot application domain added for zynq_fsbl
TRACE::2023-01-23.14:53:19::SCWPlatform::Generating the sources  .
TRACE::2023-01-23.14:53:19::SCWBDomain::Generating boot domain sources.
TRACE::2023-01-23.14:53:19::SCWBDomain:: Generating the zynq_fsbl Application.
TRACE::2023-01-23.14:53:19::SCWPlatform::Trying to open the hw design at C:/Travail/s4InfoAtelier4/atelier4_wrapper/hw/atelier4_wrapper.xsa
TRACE::2023-01-23.14:53:19::SCWPlatform::DSA given C:/Travail/s4InfoAtelier4/atelier4_wrapper/hw/atelier4_wrapper.xsa
TRACE::2023-01-23.14:53:19::SCWPlatform::DSA absoulate path C:/Travail/s4InfoAtelier4/atelier4_wrapper/hw/atelier4_wrapper.xsa
TRACE::2023-01-23.14:53:19::SCWPlatform::DSA directory C:/Travail/s4InfoAtelier4/atelier4_wrapper/hw
TRACE::2023-01-23.14:53:19::SCWPlatform:: Platform Path C:/Travail/s4InfoAtelier4/atelier4_wrapper/hw/atelier4_wrapper.xsa
TRACE::2023-01-23.14:53:19::SCWPlatform:: Unique name xilinx:zybo-z7-10::0.0
TRACE::2023-01-23.14:53:19::SCWPlatform::Trying to set the existing hwdb with name atelier4_wrapper_0
TRACE::2023-01-23.14:53:19::SCWPlatform::Opened existing hwdb atelier4_wrapper_0
TRACE::2023-01-23.14:53:19::SCWPlatform::Found the Hw Db part of the input DSA
TRACE::2023-01-23.14:53:19::SCWMssOS::Checking the sw design at  C:/Travail/s4InfoAtelier4/atelier4_wrapper/zynq_fsbl/zynq_fsbl_bsp/system.mss
TRACE::2023-01-23.14:53:19::SCWMssOS::DEBUG:  swdes dump  
TRACE::2023-01-23.14:53:19::SCWMssOS::No sw design opened at  C:/Travail/s4InfoAtelier4/atelier4_wrapper/zynq_fsbl/zynq_fsbl_bsp/system.mss
TRACE::2023-01-23.14:53:19::SCWMssOS::mss does not exists at C:/Travail/s4InfoAtelier4/atelier4_wrapper/zynq_fsbl/zynq_fsbl_bsp/system.mss
TRACE::2023-01-23.14:53:19::SCWMssOS::Creating sw design at  C:/Travail/s4InfoAtelier4/atelier4_wrapper/zynq_fsbl/zynq_fsbl_bsp/system.mss
TRACE::2023-01-23.14:53:19::SCWMssOS::Adding the swdes entry, created swdb C:/Travail/s4InfoAtelier4/atelier4_wrapper/zynq_fsbl/zynq_fsbl_bsp/system.mss with des name C:/Travail/s4InfoAtelier4/atelier4_wrapper/zynq_fsbl/zynq_fsbl_bsp/system.mss
TRACE::2023-01-23.14:53:19::SCWMssOS::updating the scw layer changes to swdes at   C:/Travail/s4InfoAtelier4/atelier4_wrapper/zynq_fsbl/zynq_fsbl_bsp/system.mss
TRACE::2023-01-23.14:53:19::SCWMssOS::Writing mss at C:/Travail/s4InfoAtelier4/atelier4_wrapper/zynq_fsbl/zynq_fsbl_bsp/system.mss
TRACE::2023-01-23.14:53:19::SCWMssOS::Completed writing the mss file at C:/Travail/s4InfoAtelier4/atelier4_wrapper/zynq_fsbl/zynq_fsbl_bsp
TRACE::2023-01-23.14:53:19::SCWMssOS::Picking up changes from newly written mss file into SCW Layer. 
TRACE::2023-01-23.14:53:19::SCWMssOS::Updated the changes from newly written mss file into SCW Layer. 
TRACE::2023-01-23.14:53:19::SCWBDomain::Completed writing the mss file at C:/Travail/s4InfoAtelier4/atelier4_wrapper/zynq_fsbl/zynq_fsbl_bsp
TRACE::2023-01-23.14:53:27::SCWPlatform::Generating sources Done.
TRACE::2023-01-23.14:53:27::SCWPlatform::Trying to open the hw design at C:/Travail/s4InfoAtelier4/atelier4_wrapper/hw/atelier4_wrapper.xsa
TRACE::2023-01-23.14:53:27::SCWPlatform::DSA given C:/Travail/s4InfoAtelier4/atelier4_wrapper/hw/atelier4_wrapper.xsa
TRACE::2023-01-23.14:53:27::SCWPlatform::DSA absoulate path C:/Travail/s4InfoAtelier4/atelier4_wrapper/hw/atelier4_wrapper.xsa
TRACE::2023-01-23.14:53:27::SCWPlatform::DSA directory C:/Travail/s4InfoAtelier4/atelier4_wrapper/hw
TRACE::2023-01-23.14:53:27::SCWPlatform:: Platform Path C:/Travail/s4InfoAtelier4/atelier4_wrapper/hw/atelier4_wrapper.xsa
TRACE::2023-01-23.14:53:27::SCWPlatform:: Unique name xilinx:zybo-z7-10::0.0
TRACE::2023-01-23.14:53:27::SCWPlatform::Trying to set the existing hwdb with name atelier4_wrapper_0
TRACE::2023-01-23.14:53:27::SCWPlatform::Opened existing hwdb atelier4_wrapper_0
TRACE::2023-01-23.14:53:27::SCWPlatform::Found the Hw Db part of the input DSA
TRACE::2023-01-23.14:53:27::SCWMssOS::Checking the sw design at  C:/Travail/s4InfoAtelier4/atelier4_wrapper/zynq_fsbl/zynq_fsbl_bsp/system.mss
TRACE::2023-01-23.14:53:27::SCWMssOS::DEBUG:  swdes dump  C:/Travail/s4InfoAtelier4/atelier4_wrapper/zynq_fsbl/zynq_fsbl_bsp/system.mss|C:/Travail/s4InfoAtelier4/atelier4_wrapper/zynq_fsbl/zynq_fsbl_bsp/system.mss||

KEYINFO::2023-01-23.14:53:27::SCWMssOS::Could not open the swdb for C:/Travail/s4InfoAtelier4/atelier4_wrapper/zynq_fsbl/zynq_fsbl_bsp/system.mss
KEYINFO::2023-01-23.14:53:27::SCWMssOS::Could not open the sw design at  C:/Travail/s4InfoAtelier4/atelier4_wrapper/zynq_fsbl/zynq_fsbl_bsp/system.mss
ERROR: [Hsi 55-1558] Software Design C:/Travail/s4InfoAtelier4/atelier4_wrapper/zynq_fsbl/zynq_fsbl_bsp/system.mss is not found

TRACE::2023-01-23.14:53:27::SCWMssOS::Cleared the swdb table entry
TRACE::2023-01-23.14:53:27::SCWMssOS::No sw design opened at  C:/Travail/s4InfoAtelier4/atelier4_wrapper/zynq_fsbl/zynq_fsbl_bsp/system.mss
TRACE::2023-01-23.14:53:27::SCWMssOS::mss exists loading the mss file  C:/Travail/s4InfoAtelier4/atelier4_wrapper/zynq_fsbl/zynq_fsbl_bsp/system.mss
TRACE::2023-01-23.14:53:27::SCWMssOS::Opened the sw design from mss  C:/Travail/s4InfoAtelier4/atelier4_wrapper/zynq_fsbl/zynq_fsbl_bsp/system.mss
TRACE::2023-01-23.14:53:27::SCWMssOS::Adding the swdes entry C:/Travail/s4InfoAtelier4/atelier4_wrapper/zynq_fsbl/zynq_fsbl_bsp/system.mss with des name system
TRACE::2023-01-23.14:53:27::SCWMssOS::updating the scw layer about changes
TRACE::2023-01-23.14:53:27::SCWMssOS::Opened the sw design.  C:/Travail/s4InfoAtelier4/atelier4_wrapper/zynq_fsbl/zynq_fsbl_bsp/system.mss
TRACE::2023-01-23.14:53:27::SCWMssOS::Saving the mss changes C:/Travail/s4InfoAtelier4/atelier4_wrapper/zynq_fsbl/zynq_fsbl_bsp/system.mss
TRACE::2023-01-23.14:53:27::SCWMssOS::Found a swdesign opened with the mssfile.
TRACE::2023-01-23.14:53:27::SCWMssOS::Completed writemss as part of save.
TRACE::2023-01-23.14:53:27::SCWMssOS::Commit changes completed.
TRACE::2023-01-23.14:53:27::SCWPlatform::Trying to open the hw design at C:/Travail/s4InfoAtelier4/atelier4_wrapper/hw/atelier4_wrapper.xsa
TRACE::2023-01-23.14:53:27::SCWPlatform::DSA given C:/Travail/s4InfoAtelier4/atelier4_wrapper/hw/atelier4_wrapper.xsa
TRACE::2023-01-23.14:53:27::SCWPlatform::DSA absoulate path C:/Travail/s4InfoAtelier4/atelier4_wrapper/hw/atelier4_wrapper.xsa
TRACE::2023-01-23.14:53:27::SCWPlatform::DSA directory C:/Travail/s4InfoAtelier4/atelier4_wrapper/hw
TRACE::2023-01-23.14:53:27::SCWPlatform:: Platform Path C:/Travail/s4InfoAtelier4/atelier4_wrapper/hw/atelier4_wrapper.xsa
TRACE::2023-01-23.14:53:27::SCWPlatform:: Unique name xilinx:zybo-z7-10::0.0
TRACE::2023-01-23.14:53:27::SCWPlatform::Trying to set the existing hwdb with name atelier4_wrapper_0
TRACE::2023-01-23.14:53:27::SCWPlatform::Opened existing hwdb atelier4_wrapper_0
TRACE::2023-01-23.14:53:27::SCWPlatform::Found the Hw Db part of the input DSA
TRACE::2023-01-23.14:53:27::SCWMssOS::Checking the sw design at  C:/Travail/s4InfoAtelier4/atelier4_wrapper/zynq_fsbl/zynq_fsbl_bsp/system.mss
TRACE::2023-01-23.14:53:27::SCWMssOS::DEBUG:  swdes dump  C:/Travail/s4InfoAtelier4/atelier4_wrapper/zynq_fsbl/zynq_fsbl_bsp/system.mss|system||

TRACE::2023-01-23.14:53:27::SCWMssOS::Sw design exists and opened at  C:/Travail/s4InfoAtelier4/atelier4_wrapper/zynq_fsbl/zynq_fsbl_bsp/system.mss
TRACE::2023-01-23.14:53:27::SCWPlatform::Trying to open the hw design at C:/Travail/s4InfoAtelier4/atelier4_wrapper/hw/atelier4_wrapper.xsa
TRACE::2023-01-23.14:53:27::SCWPlatform::DSA given C:/Travail/s4InfoAtelier4/atelier4_wrapper/hw/atelier4_wrapper.xsa
TRACE::2023-01-23.14:53:27::SCWPlatform::DSA absoulate path C:/Travail/s4InfoAtelier4/atelier4_wrapper/hw/atelier4_wrapper.xsa
TRACE::2023-01-23.14:53:27::SCWPlatform::DSA directory C:/Travail/s4InfoAtelier4/atelier4_wrapper/hw
TRACE::2023-01-23.14:53:27::SCWPlatform:: Platform Path C:/Travail/s4InfoAtelier4/atelier4_wrapper/hw/atelier4_wrapper.xsa
TRACE::2023-01-23.14:53:27::SCWPlatform:: Unique name xilinx:zybo-z7-10::0.0
TRACE::2023-01-23.14:53:27::SCWPlatform::Trying to set the existing hwdb with name atelier4_wrapper_0
TRACE::2023-01-23.14:53:27::SCWPlatform::Opened existing hwdb atelier4_wrapper_0
TRACE::2023-01-23.14:53:27::SCWPlatform::Found the Hw Db part of the input DSA
TRACE::2023-01-23.14:53:27::SCWMssOS::Checking the sw design at  C:/Travail/s4InfoAtelier4/atelier4_wrapper/zynq_fsbl/zynq_fsbl_bsp/system.mss
TRACE::2023-01-23.14:53:27::SCWMssOS::DEBUG:  swdes dump  C:/Travail/s4InfoAtelier4/atelier4_wrapper/zynq_fsbl/zynq_fsbl_bsp/system.mss|system||

TRACE::2023-01-23.14:53:27::SCWMssOS::Sw design exists and opened at  C:/Travail/s4InfoAtelier4/atelier4_wrapper/zynq_fsbl/zynq_fsbl_bsp/system.mss
TRACE::2023-01-23.14:53:27::SCWPlatform::Trying to open the hw design at C:/Travail/s4InfoAtelier4/atelier4_wrapper/hw/atelier4_wrapper.xsa
TRACE::2023-01-23.14:53:27::SCWPlatform::DSA given C:/Travail/s4InfoAtelier4/atelier4_wrapper/hw/atelier4_wrapper.xsa
TRACE::2023-01-23.14:53:27::SCWPlatform::DSA absoulate path C:/Travail/s4InfoAtelier4/atelier4_wrapper/hw/atelier4_wrapper.xsa
TRACE::2023-01-23.14:53:27::SCWPlatform::DSA directory C:/Travail/s4InfoAtelier4/atelier4_wrapper/hw
TRACE::2023-01-23.14:53:27::SCWPlatform:: Platform Path C:/Travail/s4InfoAtelier4/atelier4_wrapper/hw/atelier4_wrapper.xsa
TRACE::2023-01-23.14:53:27::SCWPlatform:: Unique name xilinx:zybo-z7-10::0.0
TRACE::2023-01-23.14:53:27::SCWPlatform::Trying to set the existing hwdb with name atelier4_wrapper_0
TRACE::2023-01-23.14:53:27::SCWPlatform::Opened existing hwdb atelier4_wrapper_0
TRACE::2023-01-23.14:53:27::SCWPlatform::Found the Hw Db part of the input DSA
TRACE::2023-01-23.14:53:27::SCWMssOS::Checking the sw design at  C:/Travail/s4InfoAtelier4/atelier4_wrapper/zynq_fsbl/zynq_fsbl_bsp/system.mss
TRACE::2023-01-23.14:53:27::SCWMssOS::DEBUG:  swdes dump  C:/Travail/s4InfoAtelier4/atelier4_wrapper/zynq_fsbl/zynq_fsbl_bsp/system.mss|system||

TRACE::2023-01-23.14:53:27::SCWMssOS::Sw design exists and opened at  C:/Travail/s4InfoAtelier4/atelier4_wrapper/zynq_fsbl/zynq_fsbl_bsp/system.mss
TRACE::2023-01-23.14:53:27::SCWWriter::formatted JSON is {
	"platformName":	"atelier4_wrapper",
	"sprVersion":	"2.0",
	"mode":	"gui",
	"dsaType":	"Fixed",
	"platformDesc":	"atelier4_wrapper",
	"platHandOff":	"<platformDir>.xsa",
	"platIntHandOff":	"<platformDir>/hw/atelier4_wrapper.xsa",
	"deviceType":	"zynq",
	"platIsPrebuiltAutogen":	"false",
	"platIsNoBootBsp":	"false",
	"platFsblTarget":	"ps7_cortexa9_0",
	"hasFsblMakeHasChanges":	"false",
	"hasPmufwMakeHasChanges":	"false",
	"fsblExtraCompilerFlags":	"-MMD -MP       -mcpu=cortex-a9 -mfpu=vfpv3 -mfloat-abi=hard ",
	"platPreBuiltFlag":	false,
	"platformSamplesDir":	"",
	"platActiveSys":	"atelier4_wrapper",
	"systems":	[{
			"systemName":	"atelier4_wrapper",
			"systemDesc":	"atelier4_wrapper",
			"sysIsBootAutoGen":	"true",
			"systemDispName":	"atelier4_wrapper",
			"sysActiveDom":	"zynq_fsbl",
			"sysDefaultDom":	"",
			"domains":	[{
					"domainName":	"zynq_fsbl",
					"domainDispName":	"zynq_fsbl",
					"domainDesc":	"FSBL Application BSP - Auto Generated.",
					"processors":	"ps7_cortexa9_0",
					"os":	"standalone",
					"sdxOs":	"standalone",
					"debugEnable":	"",
					"domRuntimes":	["cpp"],
					"swRepo":	"",
					"mssOsVer":	"7.3",
					"mssFile":	"",
					"md5Digest":	"0be5ea4ab905254957fadc8566944063",
					"compatibleApp":	"zynq_fsbl",
					"domType":	"bootDomain",
					"arch":	"32-bit",
					"appSettings":	{
						"appCompilerFlags":	"",
						"appLinkerFlags":	""
					},
					"addedLibs":	["xilffs:4.4", "xilrsa:1.6"],
					"libOptions":	{
						"libsContainingOptions":	[]
					},
					"prebuiltLibs":	{
						"prebuiltIncPath":	[],
						"prebuiltLibPath":	[]
					},
					"isolation":	{
					}
				}]
		}]
}
TRACE::2023-01-23.14:53:27::SCWMssOS::Saving the mss changes C:/Travail/s4InfoAtelier4/atelier4_wrapper/zynq_fsbl/zynq_fsbl_bsp/system.mss
TRACE::2023-01-23.14:53:27::SCWMssOS::Found a swdesign opened with the mssfile.
TRACE::2023-01-23.14:53:27::SCWMssOS::Completed writemss as part of save.
TRACE::2023-01-23.14:53:27::SCWMssOS::Commit changes completed.
TRACE::2023-01-23.14:53:27::SCWPlatform::Trying to open the hw design at C:/Travail/s4InfoAtelier4/atelier4_wrapper/hw/atelier4_wrapper.xsa
TRACE::2023-01-23.14:53:27::SCWPlatform::DSA given C:/Travail/s4InfoAtelier4/atelier4_wrapper/hw/atelier4_wrapper.xsa
TRACE::2023-01-23.14:53:27::SCWPlatform::DSA absoulate path C:/Travail/s4InfoAtelier4/atelier4_wrapper/hw/atelier4_wrapper.xsa
TRACE::2023-01-23.14:53:27::SCWPlatform::DSA directory C:/Travail/s4InfoAtelier4/atelier4_wrapper/hw
TRACE::2023-01-23.14:53:27::SCWPlatform:: Platform Path C:/Travail/s4InfoAtelier4/atelier4_wrapper/hw/atelier4_wrapper.xsa
TRACE::2023-01-23.14:53:27::SCWPlatform:: Unique name xilinx:zybo-z7-10::0.0
TRACE::2023-01-23.14:53:27::SCWPlatform::Trying to set the existing hwdb with name atelier4_wrapper_0
TRACE::2023-01-23.14:53:27::SCWPlatform::Opened existing hwdb atelier4_wrapper_0
TRACE::2023-01-23.14:53:27::SCWPlatform::Found the Hw Db part of the input DSA
TRACE::2023-01-23.14:53:27::SCWMssOS::Checking the sw design at  C:/Travail/s4InfoAtelier4/atelier4_wrapper/zynq_fsbl/zynq_fsbl_bsp/system.mss
TRACE::2023-01-23.14:53:27::SCWMssOS::DEBUG:  swdes dump  C:/Travail/s4InfoAtelier4/atelier4_wrapper/zynq_fsbl/zynq_fsbl_bsp/system.mss|system||

TRACE::2023-01-23.14:53:27::SCWMssOS::Sw design exists and opened at  C:/Travail/s4InfoAtelier4/atelier4_wrapper/zynq_fsbl/zynq_fsbl_bsp/system.mss
TRACE::2023-01-23.14:53:27::SCWPlatform::Trying to open the hw design at C:/Travail/s4InfoAtelier4/atelier4_wrapper/hw/atelier4_wrapper.xsa
TRACE::2023-01-23.14:53:27::SCWPlatform::DSA given C:/Travail/s4InfoAtelier4/atelier4_wrapper/hw/atelier4_wrapper.xsa
TRACE::2023-01-23.14:53:27::SCWPlatform::DSA absoulate path C:/Travail/s4InfoAtelier4/atelier4_wrapper/hw/atelier4_wrapper.xsa
TRACE::2023-01-23.14:53:27::SCWPlatform::DSA directory C:/Travail/s4InfoAtelier4/atelier4_wrapper/hw
TRACE::2023-01-23.14:53:27::SCWPlatform:: Platform Path C:/Travail/s4InfoAtelier4/atelier4_wrapper/hw/atelier4_wrapper.xsa
TRACE::2023-01-23.14:53:27::SCWPlatform:: Unique name xilinx:zybo-z7-10::0.0
TRACE::2023-01-23.14:53:27::SCWPlatform::Trying to set the existing hwdb with name atelier4_wrapper_0
TRACE::2023-01-23.14:53:27::SCWPlatform::Opened existing hwdb atelier4_wrapper_0
TRACE::2023-01-23.14:53:27::SCWPlatform::Found the Hw Db part of the input DSA
TRACE::2023-01-23.14:53:27::SCWMssOS::Checking the sw design at  C:/Travail/s4InfoAtelier4/atelier4_wrapper/zynq_fsbl/zynq_fsbl_bsp/system.mss
TRACE::2023-01-23.14:53:27::SCWMssOS::DEBUG:  swdes dump  C:/Travail/s4InfoAtelier4/atelier4_wrapper/zynq_fsbl/zynq_fsbl_bsp/system.mss|system||

TRACE::2023-01-23.14:53:27::SCWMssOS::Sw design exists and opened at  C:/Travail/s4InfoAtelier4/atelier4_wrapper/zynq_fsbl/zynq_fsbl_bsp/system.mss
TRACE::2023-01-23.14:53:27::SCWPlatform::Trying to open the hw design at C:/Travail/s4InfoAtelier4/atelier4_wrapper/hw/atelier4_wrapper.xsa
TRACE::2023-01-23.14:53:27::SCWPlatform::DSA given C:/Travail/s4InfoAtelier4/atelier4_wrapper/hw/atelier4_wrapper.xsa
TRACE::2023-01-23.14:53:27::SCWPlatform::DSA absoulate path C:/Travail/s4InfoAtelier4/atelier4_wrapper/hw/atelier4_wrapper.xsa
TRACE::2023-01-23.14:53:27::SCWPlatform::DSA directory C:/Travail/s4InfoAtelier4/atelier4_wrapper/hw
TRACE::2023-01-23.14:53:27::SCWPlatform:: Platform Path C:/Travail/s4InfoAtelier4/atelier4_wrapper/hw/atelier4_wrapper.xsa
TRACE::2023-01-23.14:53:27::SCWPlatform:: Unique name xilinx:zybo-z7-10::0.0
TRACE::2023-01-23.14:53:27::SCWPlatform::Trying to set the existing hwdb with name atelier4_wrapper_0
TRACE::2023-01-23.14:53:27::SCWPlatform::Opened existing hwdb atelier4_wrapper_0
TRACE::2023-01-23.14:53:27::SCWPlatform::Found the Hw Db part of the input DSA
TRACE::2023-01-23.14:53:27::SCWMssOS::Checking the sw design at  C:/Travail/s4InfoAtelier4/atelier4_wrapper/zynq_fsbl/zynq_fsbl_bsp/system.mss
TRACE::2023-01-23.14:53:27::SCWMssOS::DEBUG:  swdes dump  C:/Travail/s4InfoAtelier4/atelier4_wrapper/zynq_fsbl/zynq_fsbl_bsp/system.mss|system||

TRACE::2023-01-23.14:53:27::SCWMssOS::Sw design exists and opened at  C:/Travail/s4InfoAtelier4/atelier4_wrapper/zynq_fsbl/zynq_fsbl_bsp/system.mss
TRACE::2023-01-23.14:53:27::SCWWriter::formatted JSON is {
	"platformName":	"atelier4_wrapper",
	"sprVersion":	"2.0",
	"mode":	"gui",
	"dsaType":	"Fixed",
	"platformDesc":	"atelier4_wrapper",
	"platHandOff":	"<platformDir>.xsa",
	"platIntHandOff":	"<platformDir>/hw/atelier4_wrapper.xsa",
	"deviceType":	"zynq",
	"platIsPrebuiltAutogen":	"false",
	"platIsNoBootBsp":	"false",
	"platFsblTarget":	"ps7_cortexa9_0",
	"hasFsblMakeHasChanges":	"false",
	"hasPmufwMakeHasChanges":	"false",
	"fsblExtraCompilerFlags":	"-MMD -MP       -mcpu=cortex-a9 -mfpu=vfpv3 -mfloat-abi=hard ",
	"platPreBuiltFlag":	false,
	"platformSamplesDir":	"",
	"platActiveSys":	"atelier4_wrapper",
	"systems":	[{
			"systemName":	"atelier4_wrapper",
			"systemDesc":	"atelier4_wrapper",
			"sysIsBootAutoGen":	"true",
			"systemDispName":	"atelier4_wrapper",
			"sysActiveDom":	"zynq_fsbl",
			"sysDefaultDom":	"",
			"domains":	[{
					"domainName":	"zynq_fsbl",
					"domainDispName":	"zynq_fsbl",
					"domainDesc":	"FSBL Application BSP - Auto Generated.",
					"processors":	"ps7_cortexa9_0",
					"os":	"standalone",
					"sdxOs":	"standalone",
					"debugEnable":	"",
					"domRuntimes":	["cpp"],
					"swRepo":	"",
					"mssOsVer":	"7.3",
					"mssFile":	"",
					"md5Digest":	"0be5ea4ab905254957fadc8566944063",
					"compatibleApp":	"zynq_fsbl",
					"domType":	"bootDomain",
					"arch":	"32-bit",
					"appSettings":	{
						"appCompilerFlags":	"",
						"appLinkerFlags":	""
					},
					"addedLibs":	["xilffs:4.4", "xilrsa:1.6"],
					"libOptions":	{
						"libsContainingOptions":	[]
					},
					"prebuiltLibs":	{
						"prebuiltIncPath":	[],
						"prebuiltLibPath":	[]
					},
					"isolation":	{
					}
				}]
		}]
}
TRACE::2023-01-23.14:53:27::SCWDomain::checking for install qemu data   : 
TRACE::2023-01-23.14:53:27::SCWDomain:: Using the QEMU Data from install at  : C:/Xilinx/Vitis/2020.2/data/emulation/platforms/zynq/sw/a9_standalone/qemu/
TRACE::2023-01-23.14:53:27::SCWDomain:: Using the QEMU args  from install at  : C:/Xilinx/Vitis/2020.2/data/emulation/platforms/zynq/sw/a9_standalone/qemu/qemu_args.txt
TRACE::2023-01-23.14:53:27::SCWPlatform::Trying to open the hw design at C:/Travail/s4InfoAtelier4/atelier4_wrapper/hw/atelier4_wrapper.xsa
TRACE::2023-01-23.14:53:27::SCWPlatform::DSA given C:/Travail/s4InfoAtelier4/atelier4_wrapper/hw/atelier4_wrapper.xsa
TRACE::2023-01-23.14:53:27::SCWPlatform::DSA absoulate path C:/Travail/s4InfoAtelier4/atelier4_wrapper/hw/atelier4_wrapper.xsa
TRACE::2023-01-23.14:53:27::SCWPlatform::DSA directory C:/Travail/s4InfoAtelier4/atelier4_wrapper/hw
TRACE::2023-01-23.14:53:27::SCWPlatform:: Platform Path C:/Travail/s4InfoAtelier4/atelier4_wrapper/hw/atelier4_wrapper.xsa
TRACE::2023-01-23.14:53:27::SCWPlatform:: Unique name xilinx:zybo-z7-10::0.0
TRACE::2023-01-23.14:53:27::SCWPlatform::Trying to set the existing hwdb with name atelier4_wrapper_0
TRACE::2023-01-23.14:53:27::SCWPlatform::Opened existing hwdb atelier4_wrapper_0
TRACE::2023-01-23.14:53:27::SCWPlatform::Found the Hw Db part of the input DSA
TRACE::2023-01-23.14:53:27::SCWPlatform::Trying to open the hw design at C:/Travail/s4InfoAtelier4/atelier4_wrapper/hw/atelier4_wrapper.xsa
TRACE::2023-01-23.14:53:27::SCWPlatform::DSA given C:/Travail/s4InfoAtelier4/atelier4_wrapper/hw/atelier4_wrapper.xsa
TRACE::2023-01-23.14:53:27::SCWPlatform::DSA absoulate path C:/Travail/s4InfoAtelier4/atelier4_wrapper/hw/atelier4_wrapper.xsa
TRACE::2023-01-23.14:53:27::SCWPlatform::DSA directory C:/Travail/s4InfoAtelier4/atelier4_wrapper/hw
TRACE::2023-01-23.14:53:27::SCWPlatform:: Platform Path C:/Travail/s4InfoAtelier4/atelier4_wrapper/hw/atelier4_wrapper.xsa
TRACE::2023-01-23.14:53:27::SCWPlatform:: Unique name xilinx:zybo-z7-10::0.0
TRACE::2023-01-23.14:53:27::SCWPlatform::Trying to set the existing hwdb with name atelier4_wrapper_0
TRACE::2023-01-23.14:53:27::SCWPlatform::Opened existing hwdb atelier4_wrapper_0
TRACE::2023-01-23.14:53:27::SCWPlatform::Found the Hw Db part of the input DSA
TRACE::2023-01-23.14:53:27::SCWPlatform::Trying to open the hw design at C:/Travail/s4InfoAtelier4/atelier4_wrapper/hw/atelier4_wrapper.xsa
TRACE::2023-01-23.14:53:27::SCWPlatform::DSA given C:/Travail/s4InfoAtelier4/atelier4_wrapper/hw/atelier4_wrapper.xsa
TRACE::2023-01-23.14:53:27::SCWPlatform::DSA absoulate path C:/Travail/s4InfoAtelier4/atelier4_wrapper/hw/atelier4_wrapper.xsa
TRACE::2023-01-23.14:53:27::SCWPlatform::DSA directory C:/Travail/s4InfoAtelier4/atelier4_wrapper/hw
TRACE::2023-01-23.14:53:27::SCWPlatform:: Platform Path C:/Travail/s4InfoAtelier4/atelier4_wrapper/hw/atelier4_wrapper.xsa
TRACE::2023-01-23.14:53:27::SCWPlatform:: Unique name xilinx:zybo-z7-10::0.0
TRACE::2023-01-23.14:53:27::SCWPlatform::Trying to set the existing hwdb with name atelier4_wrapper_0
TRACE::2023-01-23.14:53:27::SCWPlatform::Opened existing hwdb atelier4_wrapper_0
TRACE::2023-01-23.14:53:27::SCWPlatform::Found the Hw Db part of the input DSA
TRACE::2023-01-23.14:53:27::SCWMssOS::Checking the sw design at  C:/Travail/s4InfoAtelier4/atelier4_wrapper/ps7_cortexa9_0/standalone_ps7_cortexa9_0/bsp/system.mss
TRACE::2023-01-23.14:53:27::SCWMssOS::DEBUG:  swdes dump  C:/Travail/s4InfoAtelier4/atelier4_wrapper/zynq_fsbl/zynq_fsbl_bsp/system.mss|system||

TRACE::2023-01-23.14:53:27::SCWMssOS::No sw design opened at  C:/Travail/s4InfoAtelier4/atelier4_wrapper/ps7_cortexa9_0/standalone_ps7_cortexa9_0/bsp/system.mss
TRACE::2023-01-23.14:53:27::SCWMssOS::mss does not exists at C:/Travail/s4InfoAtelier4/atelier4_wrapper/ps7_cortexa9_0/standalone_ps7_cortexa9_0/bsp/system.mss
TRACE::2023-01-23.14:53:27::SCWMssOS::Creating sw design at  C:/Travail/s4InfoAtelier4/atelier4_wrapper/ps7_cortexa9_0/standalone_ps7_cortexa9_0/bsp/system.mss
TRACE::2023-01-23.14:53:28::SCWMssOS::Adding the swdes entry, created swdb C:/Travail/s4InfoAtelier4/atelier4_wrapper/ps7_cortexa9_0/standalone_ps7_cortexa9_0/bsp/system.mss with des name C:/Travail/s4InfoAtelier4/atelier4_wrapper/ps7_cortexa9_0/standalone_ps7_cortexa9_0/bsp/system.mss
TRACE::2023-01-23.14:53:28::SCWMssOS::updating the scw layer changes to swdes at   C:/Travail/s4InfoAtelier4/atelier4_wrapper/ps7_cortexa9_0/standalone_ps7_cortexa9_0/bsp/system.mss
TRACE::2023-01-23.14:53:28::SCWMssOS::Writing mss at C:/Travail/s4InfoAtelier4/atelier4_wrapper/ps7_cortexa9_0/standalone_ps7_cortexa9_0/bsp/system.mss
TRACE::2023-01-23.14:53:28::SCWMssOS::Completed writing the mss file at C:/Travail/s4InfoAtelier4/atelier4_wrapper/ps7_cortexa9_0/standalone_ps7_cortexa9_0/bsp
TRACE::2023-01-23.14:53:28::SCWMssOS::Picking up changes from newly written mss file into SCW Layer. 
TRACE::2023-01-23.14:53:28::SCWMssOS::Updated the changes from newly written mss file into SCW Layer. 
TRACE::2023-01-23.14:53:28::SCWMssOS::Completed writing the mss file at C:/Travail/s4InfoAtelier4/atelier4_wrapper/ps7_cortexa9_0/standalone_ps7_cortexa9_0/bsp
TRACE::2023-01-23.14:53:28::SCWMssOS::Forcing BSP Sources regeneration.
TRACE::2023-01-23.14:53:29::SCWMssOS::Saving the mss changes C:/Travail/s4InfoAtelier4/atelier4_wrapper/zynq_fsbl/zynq_fsbl_bsp/system.mss
TRACE::2023-01-23.14:53:29::SCWMssOS::Found a swdesign opened with the mssfile.
TRACE::2023-01-23.14:53:29::SCWMssOS::Completed writemss as part of save.
TRACE::2023-01-23.14:53:29::SCWMssOS::Commit changes completed.
TRACE::2023-01-23.14:53:29::SCWMssOS::Saving the mss changes C:/Travail/s4InfoAtelier4/atelier4_wrapper/ps7_cortexa9_0/standalone_ps7_cortexa9_0/bsp/system.mss
TRACE::2023-01-23.14:53:29::SCWMssOS::Found a swdesign opened with the mssfile.
TRACE::2023-01-23.14:53:29::SCWMssOS::Running validate of swdbs.
KEYINFO::2023-01-23.14:53:29::SCWMssOS::Could not open the swdb for C:/Travail/s4InfoAtelier4/atelier4_wrapper/ps7_cortexa9_0/standalone_ps7_cortexa9_0/bsp/system.mss
KEYINFO::2023-01-23.14:53:29::SCWMssOS::Could not open the sw design at  C:/Travail/s4InfoAtelier4/atelier4_wrapper/ps7_cortexa9_0/standalone_ps7_cortexa9_0/bsp/system.mss
ERROR: [Hsi 55-1558] Software Design C:/Travail/s4InfoAtelier4/atelier4_wrapper/ps7_cortexa9_0/standalone_ps7_cortexa9_0/bsp/system.mss is not found

TRACE::2023-01-23.14:53:29::SCWMssOS::Cleared the swdb table entry
TRACE::2023-01-23.14:53:29::SCWMssOS::Adding the swdes entry, mss present, able to open swdb C:/Travail/s4InfoAtelier4/atelier4_wrapper/ps7_cortexa9_0/standalone_ps7_cortexa9_0/bsp/system.mss with des name system_0
TRACE::2023-01-23.14:53:29::SCWMssOS::Writing the mss file completed C:/Travail/s4InfoAtelier4/atelier4_wrapper/ps7_cortexa9_0/standalone_ps7_cortexa9_0/bsp/system.mss
TRACE::2023-01-23.14:53:29::SCWMssOS::Commit changes completed.
TRACE::2023-01-23.14:53:29::SCWPlatform::Trying to open the hw design at C:/Travail/s4InfoAtelier4/atelier4_wrapper/hw/atelier4_wrapper.xsa
TRACE::2023-01-23.14:53:29::SCWPlatform::DSA given C:/Travail/s4InfoAtelier4/atelier4_wrapper/hw/atelier4_wrapper.xsa
TRACE::2023-01-23.14:53:29::SCWPlatform::DSA absoulate path C:/Travail/s4InfoAtelier4/atelier4_wrapper/hw/atelier4_wrapper.xsa
TRACE::2023-01-23.14:53:29::SCWPlatform::DSA directory C:/Travail/s4InfoAtelier4/atelier4_wrapper/hw
TRACE::2023-01-23.14:53:29::SCWPlatform:: Platform Path C:/Travail/s4InfoAtelier4/atelier4_wrapper/hw/atelier4_wrapper.xsa
TRACE::2023-01-23.14:53:29::SCWPlatform:: Unique name xilinx:zybo-z7-10::0.0
TRACE::2023-01-23.14:53:29::SCWPlatform::Trying to set the existing hwdb with name atelier4_wrapper_0
TRACE::2023-01-23.14:53:29::SCWPlatform::Opened existing hwdb atelier4_wrapper_0
TRACE::2023-01-23.14:53:29::SCWPlatform::Found the Hw Db part of the input DSA
TRACE::2023-01-23.14:53:29::SCWMssOS::Checking the sw design at  C:/Travail/s4InfoAtelier4/atelier4_wrapper/zynq_fsbl/zynq_fsbl_bsp/system.mss
TRACE::2023-01-23.14:53:29::SCWMssOS::DEBUG:  swdes dump  C:/Travail/s4InfoAtelier4/atelier4_wrapper/ps7_cortexa9_0/standalone_ps7_cortexa9_0/bsp/system.mss|system_0||
C:/Travail/s4InfoAtelier4/atelier4_wrapper/zynq_fsbl/zynq_fsbl_bsp/system.mss|system||

TRACE::2023-01-23.14:53:29::SCWMssOS::Sw design exists and opened at  C:/Travail/s4InfoAtelier4/atelier4_wrapper/zynq_fsbl/zynq_fsbl_bsp/system.mss
TRACE::2023-01-23.14:53:29::SCWPlatform::Trying to open the hw design at C:/Travail/s4InfoAtelier4/atelier4_wrapper/hw/atelier4_wrapper.xsa
TRACE::2023-01-23.14:53:29::SCWPlatform::DSA given C:/Travail/s4InfoAtelier4/atelier4_wrapper/hw/atelier4_wrapper.xsa
TRACE::2023-01-23.14:53:29::SCWPlatform::DSA absoulate path C:/Travail/s4InfoAtelier4/atelier4_wrapper/hw/atelier4_wrapper.xsa
TRACE::2023-01-23.14:53:29::SCWPlatform::DSA directory C:/Travail/s4InfoAtelier4/atelier4_wrapper/hw
TRACE::2023-01-23.14:53:29::SCWPlatform:: Platform Path C:/Travail/s4InfoAtelier4/atelier4_wrapper/hw/atelier4_wrapper.xsa
TRACE::2023-01-23.14:53:29::SCWPlatform:: Unique name xilinx:zybo-z7-10::0.0
TRACE::2023-01-23.14:53:29::SCWPlatform::Trying to set the existing hwdb with name atelier4_wrapper_0
TRACE::2023-01-23.14:53:29::SCWPlatform::Opened existing hwdb atelier4_wrapper_0
TRACE::2023-01-23.14:53:29::SCWPlatform::Found the Hw Db part of the input DSA
TRACE::2023-01-23.14:53:29::SCWMssOS::Checking the sw design at  C:/Travail/s4InfoAtelier4/atelier4_wrapper/zynq_fsbl/zynq_fsbl_bsp/system.mss
TRACE::2023-01-23.14:53:29::SCWMssOS::DEBUG:  swdes dump  C:/Travail/s4InfoAtelier4/atelier4_wrapper/ps7_cortexa9_0/standalone_ps7_cortexa9_0/bsp/system.mss|system_0||
C:/Travail/s4InfoAtelier4/atelier4_wrapper/zynq_fsbl/zynq_fsbl_bsp/system.mss|system||

TRACE::2023-01-23.14:53:29::SCWMssOS::Sw design exists and opened at  C:/Travail/s4InfoAtelier4/atelier4_wrapper/zynq_fsbl/zynq_fsbl_bsp/system.mss
TRACE::2023-01-23.14:53:29::SCWPlatform::Trying to open the hw design at C:/Travail/s4InfoAtelier4/atelier4_wrapper/hw/atelier4_wrapper.xsa
TRACE::2023-01-23.14:53:29::SCWPlatform::DSA given C:/Travail/s4InfoAtelier4/atelier4_wrapper/hw/atelier4_wrapper.xsa
TRACE::2023-01-23.14:53:29::SCWPlatform::DSA absoulate path C:/Travail/s4InfoAtelier4/atelier4_wrapper/hw/atelier4_wrapper.xsa
TRACE::2023-01-23.14:53:29::SCWPlatform::DSA directory C:/Travail/s4InfoAtelier4/atelier4_wrapper/hw
TRACE::2023-01-23.14:53:29::SCWPlatform:: Platform Path C:/Travail/s4InfoAtelier4/atelier4_wrapper/hw/atelier4_wrapper.xsa
TRACE::2023-01-23.14:53:29::SCWPlatform:: Unique name xilinx:zybo-z7-10::0.0
TRACE::2023-01-23.14:53:29::SCWPlatform::Trying to set the existing hwdb with name atelier4_wrapper_0
TRACE::2023-01-23.14:53:29::SCWPlatform::Opened existing hwdb atelier4_wrapper_0
TRACE::2023-01-23.14:53:29::SCWPlatform::Found the Hw Db part of the input DSA
TRACE::2023-01-23.14:53:29::SCWMssOS::Checking the sw design at  C:/Travail/s4InfoAtelier4/atelier4_wrapper/zynq_fsbl/zynq_fsbl_bsp/system.mss
TRACE::2023-01-23.14:53:29::SCWMssOS::DEBUG:  swdes dump  C:/Travail/s4InfoAtelier4/atelier4_wrapper/ps7_cortexa9_0/standalone_ps7_cortexa9_0/bsp/system.mss|system_0||
C:/Travail/s4InfoAtelier4/atelier4_wrapper/zynq_fsbl/zynq_fsbl_bsp/system.mss|system||

TRACE::2023-01-23.14:53:29::SCWMssOS::Sw design exists and opened at  C:/Travail/s4InfoAtelier4/atelier4_wrapper/zynq_fsbl/zynq_fsbl_bsp/system.mss
TRACE::2023-01-23.14:53:29::SCWPlatform::Trying to open the hw design at C:/Travail/s4InfoAtelier4/atelier4_wrapper/hw/atelier4_wrapper.xsa
TRACE::2023-01-23.14:53:29::SCWPlatform::DSA given C:/Travail/s4InfoAtelier4/atelier4_wrapper/hw/atelier4_wrapper.xsa
TRACE::2023-01-23.14:53:29::SCWPlatform::DSA absoulate path C:/Travail/s4InfoAtelier4/atelier4_wrapper/hw/atelier4_wrapper.xsa
TRACE::2023-01-23.14:53:29::SCWPlatform::DSA directory C:/Travail/s4InfoAtelier4/atelier4_wrapper/hw
TRACE::2023-01-23.14:53:29::SCWPlatform:: Platform Path C:/Travail/s4InfoAtelier4/atelier4_wrapper/hw/atelier4_wrapper.xsa
TRACE::2023-01-23.14:53:29::SCWPlatform:: Unique name xilinx:zybo-z7-10::0.0
TRACE::2023-01-23.14:53:29::SCWPlatform::Trying to set the existing hwdb with name atelier4_wrapper_0
TRACE::2023-01-23.14:53:29::SCWPlatform::Opened existing hwdb atelier4_wrapper_0
TRACE::2023-01-23.14:53:29::SCWPlatform::Found the Hw Db part of the input DSA
TRACE::2023-01-23.14:53:29::SCWMssOS::Checking the sw design at  C:/Travail/s4InfoAtelier4/atelier4_wrapper/ps7_cortexa9_0/standalone_ps7_cortexa9_0/bsp/system.mss
TRACE::2023-01-23.14:53:29::SCWMssOS::DEBUG:  swdes dump  C:/Travail/s4InfoAtelier4/atelier4_wrapper/ps7_cortexa9_0/standalone_ps7_cortexa9_0/bsp/system.mss|system_0||
C:/Travail/s4InfoAtelier4/atelier4_wrapper/zynq_fsbl/zynq_fsbl_bsp/system.mss|system||

TRACE::2023-01-23.14:53:29::SCWMssOS::Sw design exists and opened at  C:/Travail/s4InfoAtelier4/atelier4_wrapper/ps7_cortexa9_0/standalone_ps7_cortexa9_0/bsp/system.mss
TRACE::2023-01-23.14:53:29::SCWPlatform::Trying to open the hw design at C:/Travail/s4InfoAtelier4/atelier4_wrapper/hw/atelier4_wrapper.xsa
TRACE::2023-01-23.14:53:29::SCWPlatform::DSA given C:/Travail/s4InfoAtelier4/atelier4_wrapper/hw/atelier4_wrapper.xsa
TRACE::2023-01-23.14:53:29::SCWPlatform::DSA absoulate path C:/Travail/s4InfoAtelier4/atelier4_wrapper/hw/atelier4_wrapper.xsa
TRACE::2023-01-23.14:53:29::SCWPlatform::DSA directory C:/Travail/s4InfoAtelier4/atelier4_wrapper/hw
TRACE::2023-01-23.14:53:29::SCWPlatform:: Platform Path C:/Travail/s4InfoAtelier4/atelier4_wrapper/hw/atelier4_wrapper.xsa
TRACE::2023-01-23.14:53:29::SCWPlatform:: Unique name xilinx:zybo-z7-10::0.0
TRACE::2023-01-23.14:53:29::SCWPlatform::Trying to set the existing hwdb with name atelier4_wrapper_0
TRACE::2023-01-23.14:53:29::SCWPlatform::Opened existing hwdb atelier4_wrapper_0
TRACE::2023-01-23.14:53:29::SCWPlatform::Found the Hw Db part of the input DSA
TRACE::2023-01-23.14:53:29::SCWMssOS::Checking the sw design at  C:/Travail/s4InfoAtelier4/atelier4_wrapper/ps7_cortexa9_0/standalone_ps7_cortexa9_0/bsp/system.mss
TRACE::2023-01-23.14:53:29::SCWMssOS::DEBUG:  swdes dump  C:/Travail/s4InfoAtelier4/atelier4_wrapper/ps7_cortexa9_0/standalone_ps7_cortexa9_0/bsp/system.mss|system_0||
C:/Travail/s4InfoAtelier4/atelier4_wrapper/zynq_fsbl/zynq_fsbl_bsp/system.mss|system||

TRACE::2023-01-23.14:53:29::SCWMssOS::Sw design exists and opened at  C:/Travail/s4InfoAtelier4/atelier4_wrapper/ps7_cortexa9_0/standalone_ps7_cortexa9_0/bsp/system.mss
TRACE::2023-01-23.14:53:29::SCWPlatform::Trying to open the hw design at C:/Travail/s4InfoAtelier4/atelier4_wrapper/hw/atelier4_wrapper.xsa
TRACE::2023-01-23.14:53:29::SCWPlatform::DSA given C:/Travail/s4InfoAtelier4/atelier4_wrapper/hw/atelier4_wrapper.xsa
TRACE::2023-01-23.14:53:29::SCWPlatform::DSA absoulate path C:/Travail/s4InfoAtelier4/atelier4_wrapper/hw/atelier4_wrapper.xsa
TRACE::2023-01-23.14:53:29::SCWPlatform::DSA directory C:/Travail/s4InfoAtelier4/atelier4_wrapper/hw
TRACE::2023-01-23.14:53:29::SCWPlatform:: Platform Path C:/Travail/s4InfoAtelier4/atelier4_wrapper/hw/atelier4_wrapper.xsa
TRACE::2023-01-23.14:53:29::SCWPlatform:: Unique name xilinx:zybo-z7-10::0.0
TRACE::2023-01-23.14:53:29::SCWPlatform::Trying to set the existing hwdb with name atelier4_wrapper_0
TRACE::2023-01-23.14:53:29::SCWPlatform::Opened existing hwdb atelier4_wrapper_0
TRACE::2023-01-23.14:53:29::SCWPlatform::Found the Hw Db part of the input DSA
TRACE::2023-01-23.14:53:29::SCWMssOS::Checking the sw design at  C:/Travail/s4InfoAtelier4/atelier4_wrapper/ps7_cortexa9_0/standalone_ps7_cortexa9_0/bsp/system.mss
TRACE::2023-01-23.14:53:29::SCWMssOS::DEBUG:  swdes dump  C:/Travail/s4InfoAtelier4/atelier4_wrapper/ps7_cortexa9_0/standalone_ps7_cortexa9_0/bsp/system.mss|system_0||
C:/Travail/s4InfoAtelier4/atelier4_wrapper/zynq_fsbl/zynq_fsbl_bsp/system.mss|system||

TRACE::2023-01-23.14:53:29::SCWMssOS::Sw design exists and opened at  C:/Travail/s4InfoAtelier4/atelier4_wrapper/ps7_cortexa9_0/standalone_ps7_cortexa9_0/bsp/system.mss
TRACE::2023-01-23.14:53:29::SCWWriter::formatted JSON is {
	"platformName":	"atelier4_wrapper",
	"sprVersion":	"2.0",
	"mode":	"gui",
	"dsaType":	"Fixed",
	"platformDesc":	"atelier4_wrapper",
	"platHandOff":	"<platformDir>.xsa",
	"platIntHandOff":	"<platformDir>/hw/atelier4_wrapper.xsa",
	"deviceType":	"zynq",
	"platIsPrebuiltAutogen":	"false",
	"platIsNoBootBsp":	"false",
	"platFsblTarget":	"ps7_cortexa9_0",
	"hasFsblMakeHasChanges":	"false",
	"hasPmufwMakeHasChanges":	"false",
	"fsblExtraCompilerFlags":	"-MMD -MP       -mcpu=cortex-a9 -mfpu=vfpv3 -mfloat-abi=hard ",
	"platPreBuiltFlag":	false,
	"platformSamplesDir":	"",
	"platActiveSys":	"atelier4_wrapper",
	"systems":	[{
			"systemName":	"atelier4_wrapper",
			"systemDesc":	"atelier4_wrapper",
			"sysIsBootAutoGen":	"true",
			"systemDispName":	"atelier4_wrapper",
			"sysActiveDom":	"standalone_ps7_cortexa9_0",
			"sysDefaultDom":	"standalone_ps7_cortexa9_0",
			"domains":	[{
					"domainName":	"zynq_fsbl",
					"domainDispName":	"zynq_fsbl",
					"domainDesc":	"FSBL Application BSP - Auto Generated.",
					"processors":	"ps7_cortexa9_0",
					"os":	"standalone",
					"sdxOs":	"standalone",
					"debugEnable":	"",
					"domRuntimes":	["cpp"],
					"swRepo":	"",
					"mssOsVer":	"7.3",
					"mssFile":	"",
					"md5Digest":	"0be5ea4ab905254957fadc8566944063",
					"compatibleApp":	"zynq_fsbl",
					"domType":	"bootDomain",
					"arch":	"32-bit",
					"appSettings":	{
						"appCompilerFlags":	"",
						"appLinkerFlags":	""
					},
					"addedLibs":	["xilffs:4.4", "xilrsa:1.6"],
					"libOptions":	{
						"libsContainingOptions":	[]
					},
					"prebuiltLibs":	{
						"prebuiltIncPath":	[],
						"prebuiltLibPath":	[]
					},
					"isolation":	{
					}
				}, {
					"domainName":	"standalone_ps7_cortexa9_0",
					"domainDispName":	"standalone_ps7_cortexa9_0",
					"domainDesc":	"standalone_ps7_cortexa9_0",
					"processors":	"ps7_cortexa9_0",
					"os":	"standalone",
					"sdxOs":	"standalone",
					"qemuArgs":	"C:/Xilinx/Vitis/2020.2/data/emulation/platforms/zynq/sw/a9_standalone/qemu/qemu_args.txt",
					"qemuData":	"C:/Xilinx/Vitis/2020.2/data/emulation/platforms/zynq/sw/a9_standalone/qemu/",
					"debugEnable":	"False",
					"domRuntimes":	["cpp"],
					"swRepo":	"",
					"mssOsVer":	"7.3",
					"mssFile":	"",
					"md5Digest":	"c7b67555032dc1ffe6b30962acb1207c",
					"compatibleApp":	"empty_application",
					"domType":	"mssDomain",
					"arch":	"32-bit",
					"appSettings":	{
						"appCompilerFlags":	"",
						"appLinkerFlags":	""
					},
					"addedLibs":	[],
					"libOptions":	{
						"libsContainingOptions":	[]
					},
					"prebuiltLibs":	{
						"prebuiltIncPath":	[],
						"prebuiltLibPath":	[]
					},
					"isolation":	{
					}
				}]
		}]
}
LOG::2023-01-23.14:53:29::SCWPlatform::Started generating the artifacts platform atelier4_wrapper
TRACE::2023-01-23.14:53:29::SCWPlatform::Sanity checking of platform is completed
LOG::2023-01-23.14:53:29::SCWPlatform::Started generating the artifacts for system configuration atelier4_wrapper
LOG::2023-01-23.14:53:29::SCWSystem::Checking the domain zynq_fsbl
LOG::2023-01-23.14:53:29::SCWSystem::Doing application build for :  zynq_fsbl
TRACE::2023-01-23.14:53:29::SCWBDomain::Not a forced makefile updation, No changes are present. 
TRACE::2023-01-23.14:53:29::SCWDomain::Skipping the build for domain :  zynq_fsbl
LOG::2023-01-23.14:53:29::SCWSystem::Checking the domain standalone_ps7_cortexa9_0
LOG::2023-01-23.14:53:29::SCWSystem::Not a boot domain 
LOG::2023-01-23.14:53:29::SCWSystem::Started Processing the domain standalone_ps7_cortexa9_0
TRACE::2023-01-23.14:53:29::SCWDomain::Generating domain artifcats
TRACE::2023-01-23.14:53:29::SCWMssOS::Generating standalone artifcats
TRACE::2023-01-23.14:53:29::SCWMssOS::Copying the qemu file from  C:/Xilinx/Vitis/2020.2/data/emulation/platforms/zynq/sw/a9_standalone/qemu/qemu_args.txt To C:/Travail/s4InfoAtelier4/atelier4_wrapper/export/atelier4_wrapper/sw/atelier4_wrapper/qemu/
TRACE::2023-01-23.14:53:29::SCWMssOS::Copying the qemu file from  C:/Xilinx/Vitis/2020.2/data/emulation/platforms/zynq/sw/a9_standalone/qemu/qemu_args.txt To C:/Travail/s4InfoAtelier4/atelier4_wrapper/export/atelier4_wrapper/sw/atelier4_wrapper/standalone_ps7_cortexa9_0/qemu/
TRACE::2023-01-23.14:53:29::SCWMssOS:: Copying the user libraries. 
TRACE::2023-01-23.14:53:29::SCWPlatform::Trying to open the hw design at C:/Travail/s4InfoAtelier4/atelier4_wrapper/hw/atelier4_wrapper.xsa
TRACE::2023-01-23.14:53:29::SCWPlatform::DSA given C:/Travail/s4InfoAtelier4/atelier4_wrapper/hw/atelier4_wrapper.xsa
TRACE::2023-01-23.14:53:29::SCWPlatform::DSA absoulate path C:/Travail/s4InfoAtelier4/atelier4_wrapper/hw/atelier4_wrapper.xsa
TRACE::2023-01-23.14:53:29::SCWPlatform::DSA directory C:/Travail/s4InfoAtelier4/atelier4_wrapper/hw
TRACE::2023-01-23.14:53:29::SCWPlatform:: Platform Path C:/Travail/s4InfoAtelier4/atelier4_wrapper/hw/atelier4_wrapper.xsa
TRACE::2023-01-23.14:53:29::SCWPlatform:: Unique name xilinx:zybo-z7-10::0.0
TRACE::2023-01-23.14:53:29::SCWPlatform::Trying to set the existing hwdb with name atelier4_wrapper_0
TRACE::2023-01-23.14:53:29::SCWPlatform::Opened existing hwdb atelier4_wrapper_0
TRACE::2023-01-23.14:53:29::SCWPlatform::Found the Hw Db part of the input DSA
TRACE::2023-01-23.14:53:29::SCWMssOS::Checking the sw design at  C:/Travail/s4InfoAtelier4/atelier4_wrapper/ps7_cortexa9_0/standalone_ps7_cortexa9_0/bsp/system.mss
TRACE::2023-01-23.14:53:29::SCWMssOS::DEBUG:  swdes dump  C:/Travail/s4InfoAtelier4/atelier4_wrapper/ps7_cortexa9_0/standalone_ps7_cortexa9_0/bsp/system.mss|system_0||
C:/Travail/s4InfoAtelier4/atelier4_wrapper/zynq_fsbl/zynq_fsbl_bsp/system.mss|system||

TRACE::2023-01-23.14:53:29::SCWMssOS::Sw design exists and opened at  C:/Travail/s4InfoAtelier4/atelier4_wrapper/ps7_cortexa9_0/standalone_ps7_cortexa9_0/bsp/system.mss
TRACE::2023-01-23.14:53:29::SCWMssOS::Completed writing the mss file at C:/Travail/s4InfoAtelier4/atelier4_wrapper/ps7_cortexa9_0/standalone_ps7_cortexa9_0/bsp
TRACE::2023-01-23.14:53:29::SCWMssOS::Mss edits present, copying mssfile into export location C:/Travail/s4InfoAtelier4/atelier4_wrapper/ps7_cortexa9_0/standalone_ps7_cortexa9_0/bsp/system.mss
TRACE::2023-01-23.14:53:29::SCWMssOS::bsp generated is upto date with the mss file. Skipping bsp generation.
TRACE::2023-01-23.14:53:29::SCWMssOS::BSP is already built. skipping the bsp build ... 
TRACE::2023-01-23.14:53:29::SCWDomain::Skipping the build for domain :  standalone_ps7_cortexa9_0
TRACE::2023-01-23.14:53:29::SCWMssOS::skipping the bsp build ... 
TRACE::2023-01-23.14:53:29::SCWMssOS::Copying to export directory.
TRACE::2023-01-23.14:53:29::SCWMssOS:: Checking if to create the Supporting Applications
TRACE::2023-01-23.14:53:29::SCWMssOS:: No Linux domain exists, trying to generate FSBL 
TRACE::2023-01-23.14:53:29::SCWMssOS:: Completed Standalone Artifacts creation 
LOG::2023-01-23.14:53:29::SCWSystem::Completed Processing the domain standalone_ps7_cortexa9_0
LOG::2023-01-23.14:53:29::SCWSystem::Completed Processing the sysconfig atelier4_wrapper
LOG::2023-01-23.14:53:29::SCWPlatform::Completed generating the artifacts for system configuration atelier4_wrapper
TRACE::2023-01-23.14:53:29::SCWPlatform::Started preparing the platform 
TRACE::2023-01-23.14:53:29::SCWSystem::Writing the bif file for system config atelier4_wrapper
TRACE::2023-01-23.14:53:29::SCWSystem::dir created 
TRACE::2023-01-23.14:53:29::SCWSystem::Writing the bif 
TRACE::2023-01-23.14:53:29::SCWPlatform::Started writing the spfm file 
TRACE::2023-01-23.14:53:29::SCWPlatform::Started writing the xpfm file 
TRACE::2023-01-23.14:53:29::SCWPlatform::Completed generating the platform
TRACE::2023-01-23.14:53:29::SCWMssOS::Saving the mss changes C:/Travail/s4InfoAtelier4/atelier4_wrapper/zynq_fsbl/zynq_fsbl_bsp/system.mss
TRACE::2023-01-23.14:53:29::SCWMssOS::Found a swdesign opened with the mssfile.
TRACE::2023-01-23.14:53:29::SCWMssOS::Completed writemss as part of save.
TRACE::2023-01-23.14:53:29::SCWMssOS::Commit changes completed.
TRACE::2023-01-23.14:53:29::SCWMssOS::Saving the mss changes C:/Travail/s4InfoAtelier4/atelier4_wrapper/ps7_cortexa9_0/standalone_ps7_cortexa9_0/bsp/system.mss
TRACE::2023-01-23.14:53:29::SCWMssOS::Found a swdesign opened with the mssfile.
TRACE::2023-01-23.14:53:29::SCWMssOS::Completed writemss as part of save.
TRACE::2023-01-23.14:53:29::SCWMssOS::Commit changes completed.
TRACE::2023-01-23.14:53:29::SCWPlatform::Trying to open the hw design at C:/Travail/s4InfoAtelier4/atelier4_wrapper/hw/atelier4_wrapper.xsa
TRACE::2023-01-23.14:53:29::SCWPlatform::DSA given C:/Travail/s4InfoAtelier4/atelier4_wrapper/hw/atelier4_wrapper.xsa
TRACE::2023-01-23.14:53:29::SCWPlatform::DSA absoulate path C:/Travail/s4InfoAtelier4/atelier4_wrapper/hw/atelier4_wrapper.xsa
TRACE::2023-01-23.14:53:29::SCWPlatform::DSA directory C:/Travail/s4InfoAtelier4/atelier4_wrapper/hw
TRACE::2023-01-23.14:53:29::SCWPlatform:: Platform Path C:/Travail/s4InfoAtelier4/atelier4_wrapper/hw/atelier4_wrapper.xsa
TRACE::2023-01-23.14:53:29::SCWPlatform:: Unique name xilinx:zybo-z7-10::0.0
TRACE::2023-01-23.14:53:29::SCWPlatform::Trying to set the existing hwdb with name atelier4_wrapper_0
TRACE::2023-01-23.14:53:29::SCWPlatform::Opened existing hwdb atelier4_wrapper_0
TRACE::2023-01-23.14:53:29::SCWPlatform::Found the Hw Db part of the input DSA
TRACE::2023-01-23.14:53:29::SCWMssOS::Checking the sw design at  C:/Travail/s4InfoAtelier4/atelier4_wrapper/zynq_fsbl/zynq_fsbl_bsp/system.mss
TRACE::2023-01-23.14:53:29::SCWMssOS::DEBUG:  swdes dump  C:/Travail/s4InfoAtelier4/atelier4_wrapper/ps7_cortexa9_0/standalone_ps7_cortexa9_0/bsp/system.mss|system_0||
C:/Travail/s4InfoAtelier4/atelier4_wrapper/zynq_fsbl/zynq_fsbl_bsp/system.mss|system||

TRACE::2023-01-23.14:53:29::SCWMssOS::Sw design exists and opened at  C:/Travail/s4InfoAtelier4/atelier4_wrapper/zynq_fsbl/zynq_fsbl_bsp/system.mss
TRACE::2023-01-23.14:53:29::SCWPlatform::Trying to open the hw design at C:/Travail/s4InfoAtelier4/atelier4_wrapper/hw/atelier4_wrapper.xsa
TRACE::2023-01-23.14:53:29::SCWPlatform::DSA given C:/Travail/s4InfoAtelier4/atelier4_wrapper/hw/atelier4_wrapper.xsa
TRACE::2023-01-23.14:53:29::SCWPlatform::DSA absoulate path C:/Travail/s4InfoAtelier4/atelier4_wrapper/hw/atelier4_wrapper.xsa
TRACE::2023-01-23.14:53:29::SCWPlatform::DSA directory C:/Travail/s4InfoAtelier4/atelier4_wrapper/hw
TRACE::2023-01-23.14:53:29::SCWPlatform:: Platform Path C:/Travail/s4InfoAtelier4/atelier4_wrapper/hw/atelier4_wrapper.xsa
TRACE::2023-01-23.14:53:29::SCWPlatform:: Unique name xilinx:zybo-z7-10::0.0
TRACE::2023-01-23.14:53:29::SCWPlatform::Trying to set the existing hwdb with name atelier4_wrapper_0
TRACE::2023-01-23.14:53:29::SCWPlatform::Opened existing hwdb atelier4_wrapper_0
TRACE::2023-01-23.14:53:29::SCWPlatform::Found the Hw Db part of the input DSA
TRACE::2023-01-23.14:53:29::SCWMssOS::Checking the sw design at  C:/Travail/s4InfoAtelier4/atelier4_wrapper/zynq_fsbl/zynq_fsbl_bsp/system.mss
TRACE::2023-01-23.14:53:29::SCWMssOS::DEBUG:  swdes dump  C:/Travail/s4InfoAtelier4/atelier4_wrapper/ps7_cortexa9_0/standalone_ps7_cortexa9_0/bsp/system.mss|system_0||
C:/Travail/s4InfoAtelier4/atelier4_wrapper/zynq_fsbl/zynq_fsbl_bsp/system.mss|system||

TRACE::2023-01-23.14:53:29::SCWMssOS::Sw design exists and opened at  C:/Travail/s4InfoAtelier4/atelier4_wrapper/zynq_fsbl/zynq_fsbl_bsp/system.mss
TRACE::2023-01-23.14:53:29::SCWPlatform::Trying to open the hw design at C:/Travail/s4InfoAtelier4/atelier4_wrapper/hw/atelier4_wrapper.xsa
TRACE::2023-01-23.14:53:29::SCWPlatform::DSA given C:/Travail/s4InfoAtelier4/atelier4_wrapper/hw/atelier4_wrapper.xsa
TRACE::2023-01-23.14:53:29::SCWPlatform::DSA absoulate path C:/Travail/s4InfoAtelier4/atelier4_wrapper/hw/atelier4_wrapper.xsa
TRACE::2023-01-23.14:53:29::SCWPlatform::DSA directory C:/Travail/s4InfoAtelier4/atelier4_wrapper/hw
TRACE::2023-01-23.14:53:29::SCWPlatform:: Platform Path C:/Travail/s4InfoAtelier4/atelier4_wrapper/hw/atelier4_wrapper.xsa
TRACE::2023-01-23.14:53:29::SCWPlatform:: Unique name xilinx:zybo-z7-10::0.0
TRACE::2023-01-23.14:53:29::SCWPlatform::Trying to set the existing hwdb with name atelier4_wrapper_0
TRACE::2023-01-23.14:53:29::SCWPlatform::Opened existing hwdb atelier4_wrapper_0
TRACE::2023-01-23.14:53:29::SCWPlatform::Found the Hw Db part of the input DSA
TRACE::2023-01-23.14:53:29::SCWMssOS::Checking the sw design at  C:/Travail/s4InfoAtelier4/atelier4_wrapper/zynq_fsbl/zynq_fsbl_bsp/system.mss
TRACE::2023-01-23.14:53:29::SCWMssOS::DEBUG:  swdes dump  C:/Travail/s4InfoAtelier4/atelier4_wrapper/ps7_cortexa9_0/standalone_ps7_cortexa9_0/bsp/system.mss|system_0||
C:/Travail/s4InfoAtelier4/atelier4_wrapper/zynq_fsbl/zynq_fsbl_bsp/system.mss|system||

TRACE::2023-01-23.14:53:29::SCWMssOS::Sw design exists and opened at  C:/Travail/s4InfoAtelier4/atelier4_wrapper/zynq_fsbl/zynq_fsbl_bsp/system.mss
TRACE::2023-01-23.14:53:29::SCWPlatform::Trying to open the hw design at C:/Travail/s4InfoAtelier4/atelier4_wrapper/hw/atelier4_wrapper.xsa
TRACE::2023-01-23.14:53:29::SCWPlatform::DSA given C:/Travail/s4InfoAtelier4/atelier4_wrapper/hw/atelier4_wrapper.xsa
TRACE::2023-01-23.14:53:29::SCWPlatform::DSA absoulate path C:/Travail/s4InfoAtelier4/atelier4_wrapper/hw/atelier4_wrapper.xsa
TRACE::2023-01-23.14:53:29::SCWPlatform::DSA directory C:/Travail/s4InfoAtelier4/atelier4_wrapper/hw
TRACE::2023-01-23.14:53:29::SCWPlatform:: Platform Path C:/Travail/s4InfoAtelier4/atelier4_wrapper/hw/atelier4_wrapper.xsa
TRACE::2023-01-23.14:53:29::SCWPlatform:: Unique name xilinx:zybo-z7-10::0.0
TRACE::2023-01-23.14:53:29::SCWPlatform::Trying to set the existing hwdb with name atelier4_wrapper_0
TRACE::2023-01-23.14:53:29::SCWPlatform::Opened existing hwdb atelier4_wrapper_0
TRACE::2023-01-23.14:53:29::SCWPlatform::Found the Hw Db part of the input DSA
TRACE::2023-01-23.14:53:29::SCWMssOS::Checking the sw design at  C:/Travail/s4InfoAtelier4/atelier4_wrapper/ps7_cortexa9_0/standalone_ps7_cortexa9_0/bsp/system.mss
TRACE::2023-01-23.14:53:29::SCWMssOS::DEBUG:  swdes dump  C:/Travail/s4InfoAtelier4/atelier4_wrapper/ps7_cortexa9_0/standalone_ps7_cortexa9_0/bsp/system.mss|system_0||
C:/Travail/s4InfoAtelier4/atelier4_wrapper/zynq_fsbl/zynq_fsbl_bsp/system.mss|system||

TRACE::2023-01-23.14:53:29::SCWMssOS::Sw design exists and opened at  C:/Travail/s4InfoAtelier4/atelier4_wrapper/ps7_cortexa9_0/standalone_ps7_cortexa9_0/bsp/system.mss
TRACE::2023-01-23.14:53:29::SCWPlatform::Trying to open the hw design at C:/Travail/s4InfoAtelier4/atelier4_wrapper/hw/atelier4_wrapper.xsa
TRACE::2023-01-23.14:53:29::SCWPlatform::DSA given C:/Travail/s4InfoAtelier4/atelier4_wrapper/hw/atelier4_wrapper.xsa
TRACE::2023-01-23.14:53:29::SCWPlatform::DSA absoulate path C:/Travail/s4InfoAtelier4/atelier4_wrapper/hw/atelier4_wrapper.xsa
TRACE::2023-01-23.14:53:29::SCWPlatform::DSA directory C:/Travail/s4InfoAtelier4/atelier4_wrapper/hw
TRACE::2023-01-23.14:53:29::SCWPlatform:: Platform Path C:/Travail/s4InfoAtelier4/atelier4_wrapper/hw/atelier4_wrapper.xsa
TRACE::2023-01-23.14:53:29::SCWPlatform:: Unique name xilinx:zybo-z7-10::0.0
TRACE::2023-01-23.14:53:29::SCWPlatform::Trying to set the existing hwdb with name atelier4_wrapper_0
TRACE::2023-01-23.14:53:29::SCWPlatform::Opened existing hwdb atelier4_wrapper_0
TRACE::2023-01-23.14:53:29::SCWPlatform::Found the Hw Db part of the input DSA
TRACE::2023-01-23.14:53:29::SCWMssOS::Checking the sw design at  C:/Travail/s4InfoAtelier4/atelier4_wrapper/ps7_cortexa9_0/standalone_ps7_cortexa9_0/bsp/system.mss
TRACE::2023-01-23.14:53:29::SCWMssOS::DEBUG:  swdes dump  C:/Travail/s4InfoAtelier4/atelier4_wrapper/ps7_cortexa9_0/standalone_ps7_cortexa9_0/bsp/system.mss|system_0||
C:/Travail/s4InfoAtelier4/atelier4_wrapper/zynq_fsbl/zynq_fsbl_bsp/system.mss|system||

TRACE::2023-01-23.14:53:29::SCWMssOS::Sw design exists and opened at  C:/Travail/s4InfoAtelier4/atelier4_wrapper/ps7_cortexa9_0/standalone_ps7_cortexa9_0/bsp/system.mss
TRACE::2023-01-23.14:53:29::SCWPlatform::Trying to open the hw design at C:/Travail/s4InfoAtelier4/atelier4_wrapper/hw/atelier4_wrapper.xsa
TRACE::2023-01-23.14:53:29::SCWPlatform::DSA given C:/Travail/s4InfoAtelier4/atelier4_wrapper/hw/atelier4_wrapper.xsa
TRACE::2023-01-23.14:53:29::SCWPlatform::DSA absoulate path C:/Travail/s4InfoAtelier4/atelier4_wrapper/hw/atelier4_wrapper.xsa
TRACE::2023-01-23.14:53:29::SCWPlatform::DSA directory C:/Travail/s4InfoAtelier4/atelier4_wrapper/hw
TRACE::2023-01-23.14:53:29::SCWPlatform:: Platform Path C:/Travail/s4InfoAtelier4/atelier4_wrapper/hw/atelier4_wrapper.xsa
TRACE::2023-01-23.14:53:29::SCWPlatform:: Unique name xilinx:zybo-z7-10::0.0
TRACE::2023-01-23.14:53:29::SCWPlatform::Trying to set the existing hwdb with name atelier4_wrapper_0
TRACE::2023-01-23.14:53:29::SCWPlatform::Opened existing hwdb atelier4_wrapper_0
TRACE::2023-01-23.14:53:29::SCWPlatform::Found the Hw Db part of the input DSA
TRACE::2023-01-23.14:53:29::SCWMssOS::Checking the sw design at  C:/Travail/s4InfoAtelier4/atelier4_wrapper/ps7_cortexa9_0/standalone_ps7_cortexa9_0/bsp/system.mss
TRACE::2023-01-23.14:53:29::SCWMssOS::DEBUG:  swdes dump  C:/Travail/s4InfoAtelier4/atelier4_wrapper/ps7_cortexa9_0/standalone_ps7_cortexa9_0/bsp/system.mss|system_0||
C:/Travail/s4InfoAtelier4/atelier4_wrapper/zynq_fsbl/zynq_fsbl_bsp/system.mss|system||

TRACE::2023-01-23.14:53:29::SCWMssOS::Sw design exists and opened at  C:/Travail/s4InfoAtelier4/atelier4_wrapper/ps7_cortexa9_0/standalone_ps7_cortexa9_0/bsp/system.mss
TRACE::2023-01-23.14:53:29::SCWWriter::formatted JSON is {
	"platformName":	"atelier4_wrapper",
	"sprVersion":	"2.0",
	"mode":	"gui",
	"dsaType":	"Fixed",
	"platformDesc":	"atelier4_wrapper",
	"platHandOff":	"<platformDir>.xsa",
	"platIntHandOff":	"<platformDir>/hw/atelier4_wrapper.xsa",
	"deviceType":	"zynq",
	"platIsPrebuiltAutogen":	"false",
	"platIsNoBootBsp":	"false",
	"platFsblTarget":	"ps7_cortexa9_0",
	"hasFsblMakeHasChanges":	"false",
	"hasPmufwMakeHasChanges":	"false",
	"fsblExtraCompilerFlags":	"-MMD -MP       -mcpu=cortex-a9 -mfpu=vfpv3 -mfloat-abi=hard ",
	"platPreBuiltFlag":	false,
	"platformSamplesDir":	"",
	"platActiveSys":	"atelier4_wrapper",
	"systems":	[{
			"systemName":	"atelier4_wrapper",
			"systemDesc":	"atelier4_wrapper",
			"sysIsBootAutoGen":	"true",
			"systemDispName":	"atelier4_wrapper",
			"sysActiveDom":	"standalone_ps7_cortexa9_0",
			"sysDefaultDom":	"standalone_ps7_cortexa9_0",
			"domains":	[{
					"domainName":	"zynq_fsbl",
					"domainDispName":	"zynq_fsbl",
					"domainDesc":	"FSBL Application BSP - Auto Generated.",
					"processors":	"ps7_cortexa9_0",
					"os":	"standalone",
					"sdxOs":	"standalone",
					"debugEnable":	"",
					"domRuntimes":	["cpp"],
					"swRepo":	"",
					"mssOsVer":	"7.3",
					"mssFile":	"",
					"md5Digest":	"0be5ea4ab905254957fadc8566944063",
					"compatibleApp":	"zynq_fsbl",
					"domType":	"bootDomain",
					"arch":	"32-bit",
					"appSettings":	{
						"appCompilerFlags":	"",
						"appLinkerFlags":	""
					},
					"addedLibs":	["xilffs:4.4", "xilrsa:1.6"],
					"libOptions":	{
						"libsContainingOptions":	[]
					},
					"prebuiltLibs":	{
						"prebuiltIncPath":	[],
						"prebuiltLibPath":	[]
					},
					"isolation":	{
					}
				}, {
					"domainName":	"standalone_ps7_cortexa9_0",
					"domainDispName":	"standalone_ps7_cortexa9_0",
					"domainDesc":	"standalone_ps7_cortexa9_0",
					"processors":	"ps7_cortexa9_0",
					"os":	"standalone",
					"sdxOs":	"standalone",
					"qemuArgs":	"C:/Xilinx/Vitis/2020.2/data/emulation/platforms/zynq/sw/a9_standalone/qemu/qemu_args.txt",
					"qemuData":	"C:/Xilinx/Vitis/2020.2/data/emulation/platforms/zynq/sw/a9_standalone/qemu/",
					"debugEnable":	"False",
					"domRuntimes":	["cpp"],
					"swRepo":	"",
					"mssOsVer":	"7.3",
					"mssFile":	"",
					"md5Digest":	"c7b67555032dc1ffe6b30962acb1207c",
					"compatibleApp":	"empty_application",
					"domType":	"mssDomain",
					"arch":	"32-bit",
					"appSettings":	{
						"appCompilerFlags":	"",
						"appLinkerFlags":	""
					},
					"addedLibs":	[],
					"libOptions":	{
						"libsContainingOptions":	[]
					},
					"prebuiltLibs":	{
						"prebuiltIncPath":	[],
						"prebuiltLibPath":	[]
					},
					"isolation":	{
					}
				}]
		}]
}
KEYINFO::2023-01-23.14:53:29::SCWPlatform::updated the xpfm file.
TRACE::2023-01-23.14:53:29::SCWPlatform::Trying to open the hw design at C:/Travail/s4InfoAtelier4/atelier4_wrapper/hw/atelier4_wrapper.xsa
TRACE::2023-01-23.14:53:29::SCWPlatform::DSA given C:/Travail/s4InfoAtelier4/atelier4_wrapper/hw/atelier4_wrapper.xsa
TRACE::2023-01-23.14:53:29::SCWPlatform::DSA absoulate path C:/Travail/s4InfoAtelier4/atelier4_wrapper/hw/atelier4_wrapper.xsa
TRACE::2023-01-23.14:53:29::SCWPlatform::DSA directory C:/Travail/s4InfoAtelier4/atelier4_wrapper/hw
TRACE::2023-01-23.14:53:29::SCWPlatform:: Platform Path C:/Travail/s4InfoAtelier4/atelier4_wrapper/hw/atelier4_wrapper.xsa
TRACE::2023-01-23.14:53:29::SCWPlatform:: Unique name xilinx:zybo-z7-10::0.0
TRACE::2023-01-23.14:53:29::SCWPlatform::Trying to set the existing hwdb with name atelier4_wrapper_0
TRACE::2023-01-23.14:53:29::SCWPlatform::Opened existing hwdb atelier4_wrapper_0
TRACE::2023-01-23.14:53:29::SCWPlatform::Found the Hw Db part of the input DSA
TRACE::2023-01-23.14:53:29::SCWMssOS::Checking the sw design at  C:/Travail/s4InfoAtelier4/atelier4_wrapper/ps7_cortexa9_0/standalone_ps7_cortexa9_0/bsp/system.mss
TRACE::2023-01-23.14:53:29::SCWMssOS::DEBUG:  swdes dump  C:/Travail/s4InfoAtelier4/atelier4_wrapper/ps7_cortexa9_0/standalone_ps7_cortexa9_0/bsp/system.mss|system_0||
C:/Travail/s4InfoAtelier4/atelier4_wrapper/zynq_fsbl/zynq_fsbl_bsp/system.mss|system||

TRACE::2023-01-23.14:53:29::SCWMssOS::Sw design exists and opened at  C:/Travail/s4InfoAtelier4/atelier4_wrapper/ps7_cortexa9_0/standalone_ps7_cortexa9_0/bsp/system.mss
TRACE::2023-01-23.14:53:29::SCWMssOS::Saving the mss changes C:/Travail/s4InfoAtelier4/atelier4_wrapper/zynq_fsbl/zynq_fsbl_bsp/system.mss
TRACE::2023-01-23.14:53:29::SCWMssOS::Found a swdesign opened with the mssfile.
TRACE::2023-01-23.14:53:29::SCWMssOS::Completed writemss as part of save.
TRACE::2023-01-23.14:53:29::SCWMssOS::Commit changes completed.
TRACE::2023-01-23.14:53:29::SCWMssOS::Saving the mss changes C:/Travail/s4InfoAtelier4/atelier4_wrapper/ps7_cortexa9_0/standalone_ps7_cortexa9_0/bsp/system.mss
TRACE::2023-01-23.14:53:29::SCWMssOS::Found a swdesign opened with the mssfile.
TRACE::2023-01-23.14:53:29::SCWMssOS::Completed writemss as part of save.
TRACE::2023-01-23.14:53:29::SCWMssOS::Commit changes completed.
TRACE::2023-01-23.14:53:29::SCWPlatform::Trying to open the hw design at C:/Travail/s4InfoAtelier4/atelier4_wrapper/hw/atelier4_wrapper.xsa
TRACE::2023-01-23.14:53:29::SCWPlatform::DSA given C:/Travail/s4InfoAtelier4/atelier4_wrapper/hw/atelier4_wrapper.xsa
TRACE::2023-01-23.14:53:29::SCWPlatform::DSA absoulate path C:/Travail/s4InfoAtelier4/atelier4_wrapper/hw/atelier4_wrapper.xsa
TRACE::2023-01-23.14:53:29::SCWPlatform::DSA directory C:/Travail/s4InfoAtelier4/atelier4_wrapper/hw
TRACE::2023-01-23.14:53:29::SCWPlatform:: Platform Path C:/Travail/s4InfoAtelier4/atelier4_wrapper/hw/atelier4_wrapper.xsa
TRACE::2023-01-23.14:53:29::SCWPlatform:: Unique name xilinx:zybo-z7-10::0.0
TRACE::2023-01-23.14:53:29::SCWPlatform::Trying to set the existing hwdb with name atelier4_wrapper_0
TRACE::2023-01-23.14:53:29::SCWPlatform::Opened existing hwdb atelier4_wrapper_0
TRACE::2023-01-23.14:53:29::SCWPlatform::Found the Hw Db part of the input DSA
TRACE::2023-01-23.14:53:29::SCWMssOS::Checking the sw design at  C:/Travail/s4InfoAtelier4/atelier4_wrapper/zynq_fsbl/zynq_fsbl_bsp/system.mss
TRACE::2023-01-23.14:53:29::SCWMssOS::DEBUG:  swdes dump  C:/Travail/s4InfoAtelier4/atelier4_wrapper/ps7_cortexa9_0/standalone_ps7_cortexa9_0/bsp/system.mss|system_0||
C:/Travail/s4InfoAtelier4/atelier4_wrapper/zynq_fsbl/zynq_fsbl_bsp/system.mss|system||

TRACE::2023-01-23.14:53:29::SCWMssOS::Sw design exists and opened at  C:/Travail/s4InfoAtelier4/atelier4_wrapper/zynq_fsbl/zynq_fsbl_bsp/system.mss
TRACE::2023-01-23.14:53:29::SCWPlatform::Trying to open the hw design at C:/Travail/s4InfoAtelier4/atelier4_wrapper/hw/atelier4_wrapper.xsa
TRACE::2023-01-23.14:53:29::SCWPlatform::DSA given C:/Travail/s4InfoAtelier4/atelier4_wrapper/hw/atelier4_wrapper.xsa
TRACE::2023-01-23.14:53:29::SCWPlatform::DSA absoulate path C:/Travail/s4InfoAtelier4/atelier4_wrapper/hw/atelier4_wrapper.xsa
TRACE::2023-01-23.14:53:29::SCWPlatform::DSA directory C:/Travail/s4InfoAtelier4/atelier4_wrapper/hw
TRACE::2023-01-23.14:53:29::SCWPlatform:: Platform Path C:/Travail/s4InfoAtelier4/atelier4_wrapper/hw/atelier4_wrapper.xsa
TRACE::2023-01-23.14:53:29::SCWPlatform:: Unique name xilinx:zybo-z7-10::0.0
TRACE::2023-01-23.14:53:29::SCWPlatform::Trying to set the existing hwdb with name atelier4_wrapper_0
TRACE::2023-01-23.14:53:29::SCWPlatform::Opened existing hwdb atelier4_wrapper_0
TRACE::2023-01-23.14:53:29::SCWPlatform::Found the Hw Db part of the input DSA
TRACE::2023-01-23.14:53:29::SCWMssOS::Checking the sw design at  C:/Travail/s4InfoAtelier4/atelier4_wrapper/zynq_fsbl/zynq_fsbl_bsp/system.mss
TRACE::2023-01-23.14:53:29::SCWMssOS::DEBUG:  swdes dump  C:/Travail/s4InfoAtelier4/atelier4_wrapper/ps7_cortexa9_0/standalone_ps7_cortexa9_0/bsp/system.mss|system_0||
C:/Travail/s4InfoAtelier4/atelier4_wrapper/zynq_fsbl/zynq_fsbl_bsp/system.mss|system||

TRACE::2023-01-23.14:53:29::SCWMssOS::Sw design exists and opened at  C:/Travail/s4InfoAtelier4/atelier4_wrapper/zynq_fsbl/zynq_fsbl_bsp/system.mss
TRACE::2023-01-23.14:53:29::SCWPlatform::Trying to open the hw design at C:/Travail/s4InfoAtelier4/atelier4_wrapper/hw/atelier4_wrapper.xsa
TRACE::2023-01-23.14:53:29::SCWPlatform::DSA given C:/Travail/s4InfoAtelier4/atelier4_wrapper/hw/atelier4_wrapper.xsa
TRACE::2023-01-23.14:53:29::SCWPlatform::DSA absoulate path C:/Travail/s4InfoAtelier4/atelier4_wrapper/hw/atelier4_wrapper.xsa
TRACE::2023-01-23.14:53:29::SCWPlatform::DSA directory C:/Travail/s4InfoAtelier4/atelier4_wrapper/hw
TRACE::2023-01-23.14:53:29::SCWPlatform:: Platform Path C:/Travail/s4InfoAtelier4/atelier4_wrapper/hw/atelier4_wrapper.xsa
TRACE::2023-01-23.14:53:29::SCWPlatform:: Unique name xilinx:zybo-z7-10::0.0
TRACE::2023-01-23.14:53:29::SCWPlatform::Trying to set the existing hwdb with name atelier4_wrapper_0
TRACE::2023-01-23.14:53:29::SCWPlatform::Opened existing hwdb atelier4_wrapper_0
TRACE::2023-01-23.14:53:29::SCWPlatform::Found the Hw Db part of the input DSA
TRACE::2023-01-23.14:53:29::SCWMssOS::Checking the sw design at  C:/Travail/s4InfoAtelier4/atelier4_wrapper/zynq_fsbl/zynq_fsbl_bsp/system.mss
TRACE::2023-01-23.14:53:29::SCWMssOS::DEBUG:  swdes dump  C:/Travail/s4InfoAtelier4/atelier4_wrapper/ps7_cortexa9_0/standalone_ps7_cortexa9_0/bsp/system.mss|system_0||
C:/Travail/s4InfoAtelier4/atelier4_wrapper/zynq_fsbl/zynq_fsbl_bsp/system.mss|system||

TRACE::2023-01-23.14:53:29::SCWMssOS::Sw design exists and opened at  C:/Travail/s4InfoAtelier4/atelier4_wrapper/zynq_fsbl/zynq_fsbl_bsp/system.mss
TRACE::2023-01-23.14:53:29::SCWPlatform::Trying to open the hw design at C:/Travail/s4InfoAtelier4/atelier4_wrapper/hw/atelier4_wrapper.xsa
TRACE::2023-01-23.14:53:29::SCWPlatform::DSA given C:/Travail/s4InfoAtelier4/atelier4_wrapper/hw/atelier4_wrapper.xsa
TRACE::2023-01-23.14:53:29::SCWPlatform::DSA absoulate path C:/Travail/s4InfoAtelier4/atelier4_wrapper/hw/atelier4_wrapper.xsa
TRACE::2023-01-23.14:53:29::SCWPlatform::DSA directory C:/Travail/s4InfoAtelier4/atelier4_wrapper/hw
TRACE::2023-01-23.14:53:29::SCWPlatform:: Platform Path C:/Travail/s4InfoAtelier4/atelier4_wrapper/hw/atelier4_wrapper.xsa
TRACE::2023-01-23.14:53:29::SCWPlatform:: Unique name xilinx:zybo-z7-10::0.0
TRACE::2023-01-23.14:53:29::SCWPlatform::Trying to set the existing hwdb with name atelier4_wrapper_0
TRACE::2023-01-23.14:53:29::SCWPlatform::Opened existing hwdb atelier4_wrapper_0
TRACE::2023-01-23.14:53:29::SCWPlatform::Found the Hw Db part of the input DSA
TRACE::2023-01-23.14:53:29::SCWMssOS::Checking the sw design at  C:/Travail/s4InfoAtelier4/atelier4_wrapper/ps7_cortexa9_0/standalone_ps7_cortexa9_0/bsp/system.mss
TRACE::2023-01-23.14:53:29::SCWMssOS::DEBUG:  swdes dump  C:/Travail/s4InfoAtelier4/atelier4_wrapper/ps7_cortexa9_0/standalone_ps7_cortexa9_0/bsp/system.mss|system_0||
C:/Travail/s4InfoAtelier4/atelier4_wrapper/zynq_fsbl/zynq_fsbl_bsp/system.mss|system||

TRACE::2023-01-23.14:53:29::SCWMssOS::Sw design exists and opened at  C:/Travail/s4InfoAtelier4/atelier4_wrapper/ps7_cortexa9_0/standalone_ps7_cortexa9_0/bsp/system.mss
TRACE::2023-01-23.14:53:29::SCWPlatform::Trying to open the hw design at C:/Travail/s4InfoAtelier4/atelier4_wrapper/hw/atelier4_wrapper.xsa
TRACE::2023-01-23.14:53:29::SCWPlatform::DSA given C:/Travail/s4InfoAtelier4/atelier4_wrapper/hw/atelier4_wrapper.xsa
TRACE::2023-01-23.14:53:29::SCWPlatform::DSA absoulate path C:/Travail/s4InfoAtelier4/atelier4_wrapper/hw/atelier4_wrapper.xsa
TRACE::2023-01-23.14:53:29::SCWPlatform::DSA directory C:/Travail/s4InfoAtelier4/atelier4_wrapper/hw
TRACE::2023-01-23.14:53:29::SCWPlatform:: Platform Path C:/Travail/s4InfoAtelier4/atelier4_wrapper/hw/atelier4_wrapper.xsa
TRACE::2023-01-23.14:53:29::SCWPlatform:: Unique name xilinx:zybo-z7-10::0.0
TRACE::2023-01-23.14:53:29::SCWPlatform::Trying to set the existing hwdb with name atelier4_wrapper_0
TRACE::2023-01-23.14:53:29::SCWPlatform::Opened existing hwdb atelier4_wrapper_0
TRACE::2023-01-23.14:53:29::SCWPlatform::Found the Hw Db part of the input DSA
TRACE::2023-01-23.14:53:29::SCWMssOS::Checking the sw design at  C:/Travail/s4InfoAtelier4/atelier4_wrapper/ps7_cortexa9_0/standalone_ps7_cortexa9_0/bsp/system.mss
TRACE::2023-01-23.14:53:29::SCWMssOS::DEBUG:  swdes dump  C:/Travail/s4InfoAtelier4/atelier4_wrapper/ps7_cortexa9_0/standalone_ps7_cortexa9_0/bsp/system.mss|system_0||
C:/Travail/s4InfoAtelier4/atelier4_wrapper/zynq_fsbl/zynq_fsbl_bsp/system.mss|system||

TRACE::2023-01-23.14:53:29::SCWMssOS::Sw design exists and opened at  C:/Travail/s4InfoAtelier4/atelier4_wrapper/ps7_cortexa9_0/standalone_ps7_cortexa9_0/bsp/system.mss
TRACE::2023-01-23.14:53:29::SCWPlatform::Trying to open the hw design at C:/Travail/s4InfoAtelier4/atelier4_wrapper/hw/atelier4_wrapper.xsa
TRACE::2023-01-23.14:53:29::SCWPlatform::DSA given C:/Travail/s4InfoAtelier4/atelier4_wrapper/hw/atelier4_wrapper.xsa
TRACE::2023-01-23.14:53:29::SCWPlatform::DSA absoulate path C:/Travail/s4InfoAtelier4/atelier4_wrapper/hw/atelier4_wrapper.xsa
TRACE::2023-01-23.14:53:29::SCWPlatform::DSA directory C:/Travail/s4InfoAtelier4/atelier4_wrapper/hw
TRACE::2023-01-23.14:53:29::SCWPlatform:: Platform Path C:/Travail/s4InfoAtelier4/atelier4_wrapper/hw/atelier4_wrapper.xsa
TRACE::2023-01-23.14:53:29::SCWPlatform:: Unique name xilinx:zybo-z7-10::0.0
TRACE::2023-01-23.14:53:29::SCWPlatform::Trying to set the existing hwdb with name atelier4_wrapper_0
TRACE::2023-01-23.14:53:29::SCWPlatform::Opened existing hwdb atelier4_wrapper_0
TRACE::2023-01-23.14:53:29::SCWPlatform::Found the Hw Db part of the input DSA
TRACE::2023-01-23.14:53:29::SCWMssOS::Checking the sw design at  C:/Travail/s4InfoAtelier4/atelier4_wrapper/ps7_cortexa9_0/standalone_ps7_cortexa9_0/bsp/system.mss
TRACE::2023-01-23.14:53:29::SCWMssOS::DEBUG:  swdes dump  C:/Travail/s4InfoAtelier4/atelier4_wrapper/ps7_cortexa9_0/standalone_ps7_cortexa9_0/bsp/system.mss|system_0||
C:/Travail/s4InfoAtelier4/atelier4_wrapper/zynq_fsbl/zynq_fsbl_bsp/system.mss|system||

TRACE::2023-01-23.14:53:29::SCWMssOS::Sw design exists and opened at  C:/Travail/s4InfoAtelier4/atelier4_wrapper/ps7_cortexa9_0/standalone_ps7_cortexa9_0/bsp/system.mss
TRACE::2023-01-23.14:53:29::SCWWriter::formatted JSON is {
	"platformName":	"atelier4_wrapper",
	"sprVersion":	"2.0",
	"mode":	"gui",
	"dsaType":	"Fixed",
	"platformDesc":	"atelier4_wrapper",
	"platHandOff":	"<platformDir>.xsa",
	"platIntHandOff":	"<platformDir>/hw/atelier4_wrapper.xsa",
	"deviceType":	"zynq",
	"platIsPrebuiltAutogen":	"false",
	"platIsNoBootBsp":	"false",
	"platFsblTarget":	"ps7_cortexa9_0",
	"hasFsblMakeHasChanges":	"false",
	"hasPmufwMakeHasChanges":	"false",
	"fsblExtraCompilerFlags":	"-MMD -MP       -mcpu=cortex-a9 -mfpu=vfpv3 -mfloat-abi=hard ",
	"platPreBuiltFlag":	false,
	"platformSamplesDir":	"",
	"platActiveSys":	"atelier4_wrapper",
	"systems":	[{
			"systemName":	"atelier4_wrapper",
			"systemDesc":	"atelier4_wrapper",
			"sysIsBootAutoGen":	"true",
			"systemDispName":	"atelier4_wrapper",
			"sysActiveDom":	"standalone_ps7_cortexa9_0",
			"sysDefaultDom":	"standalone_ps7_cortexa9_0",
			"domains":	[{
					"domainName":	"zynq_fsbl",
					"domainDispName":	"zynq_fsbl",
					"domainDesc":	"FSBL Application BSP - Auto Generated.",
					"processors":	"ps7_cortexa9_0",
					"os":	"standalone",
					"sdxOs":	"standalone",
					"debugEnable":	"",
					"domRuntimes":	["cpp"],
					"swRepo":	"",
					"mssOsVer":	"7.3",
					"mssFile":	"",
					"md5Digest":	"0be5ea4ab905254957fadc8566944063",
					"compatibleApp":	"zynq_fsbl",
					"domType":	"bootDomain",
					"arch":	"32-bit",
					"appSettings":	{
						"appCompilerFlags":	"",
						"appLinkerFlags":	""
					},
					"addedLibs":	["xilffs:4.4", "xilrsa:1.6"],
					"libOptions":	{
						"libsContainingOptions":	[]
					},
					"prebuiltLibs":	{
						"prebuiltIncPath":	[],
						"prebuiltLibPath":	[]
					},
					"isolation":	{
					}
				}, {
					"domainName":	"standalone_ps7_cortexa9_0",
					"domainDispName":	"standalone_ps7_cortexa9_0",
					"domainDesc":	"standalone_ps7_cortexa9_0",
					"processors":	"ps7_cortexa9_0",
					"os":	"standalone",
					"sdxOs":	"standalone",
					"qemuArgs":	"C:/Xilinx/Vitis/2020.2/data/emulation/platforms/zynq/sw/a9_standalone/qemu/qemu_args.txt",
					"qemuData":	"C:/Xilinx/Vitis/2020.2/data/emulation/platforms/zynq/sw/a9_standalone/qemu/",
					"debugEnable":	"False",
					"domRuntimes":	["cpp"],
					"swRepo":	"",
					"mssOsVer":	"7.3",
					"mssFile":	"",
					"md5Digest":	"c7b67555032dc1ffe6b30962acb1207c",
					"compatibleApp":	"empty_application",
					"domType":	"mssDomain",
					"arch":	"32-bit",
					"appSettings":	{
						"appCompilerFlags":	"",
						"appLinkerFlags":	""
					},
					"addedLibs":	[],
					"libOptions":	{
						"libsContainingOptions":	[]
					},
					"prebuiltLibs":	{
						"prebuiltIncPath":	[],
						"prebuiltLibPath":	[]
					},
					"isolation":	{
					}
				}]
		}]
}
TRACE::2023-01-23.14:53:29::SCWPlatform::Trying to open the hw design at C:/Travail/s4InfoAtelier4/atelier4_wrapper/hw/atelier4_wrapper.xsa
TRACE::2023-01-23.14:53:29::SCWPlatform::DSA given C:/Travail/s4InfoAtelier4/atelier4_wrapper/hw/atelier4_wrapper.xsa
TRACE::2023-01-23.14:53:29::SCWPlatform::DSA absoulate path C:/Travail/s4InfoAtelier4/atelier4_wrapper/hw/atelier4_wrapper.xsa
TRACE::2023-01-23.14:53:29::SCWPlatform::DSA directory C:/Travail/s4InfoAtelier4/atelier4_wrapper/hw
TRACE::2023-01-23.14:53:29::SCWPlatform:: Platform Path C:/Travail/s4InfoAtelier4/atelier4_wrapper/hw/atelier4_wrapper.xsa
TRACE::2023-01-23.14:53:29::SCWPlatform:: Unique name xilinx:zybo-z7-10::0.0
TRACE::2023-01-23.14:53:29::SCWPlatform::Trying to set the existing hwdb with name atelier4_wrapper_0
TRACE::2023-01-23.14:53:29::SCWPlatform::Opened existing hwdb atelier4_wrapper_0
TRACE::2023-01-23.14:53:29::SCWPlatform::Found the Hw Db part of the input DSA
TRACE::2023-01-23.14:53:29::SCWMssOS::Checking the sw design at  C:/Travail/s4InfoAtelier4/atelier4_wrapper/ps7_cortexa9_0/standalone_ps7_cortexa9_0/bsp/system.mss
TRACE::2023-01-23.14:53:29::SCWMssOS::DEBUG:  swdes dump  C:/Travail/s4InfoAtelier4/atelier4_wrapper/ps7_cortexa9_0/standalone_ps7_cortexa9_0/bsp/system.mss|system_0||
C:/Travail/s4InfoAtelier4/atelier4_wrapper/zynq_fsbl/zynq_fsbl_bsp/system.mss|system||

TRACE::2023-01-23.14:53:29::SCWMssOS::Sw design exists and opened at  C:/Travail/s4InfoAtelier4/atelier4_wrapper/ps7_cortexa9_0/standalone_ps7_cortexa9_0/bsp/system.mss
TRACE::2023-01-23.14:53:29::SCWPlatform::Trying to open the hw design at C:/Travail/s4InfoAtelier4/atelier4_wrapper/hw/atelier4_wrapper.xsa
TRACE::2023-01-23.14:53:29::SCWPlatform::DSA given C:/Travail/s4InfoAtelier4/atelier4_wrapper/hw/atelier4_wrapper.xsa
TRACE::2023-01-23.14:53:29::SCWPlatform::DSA absoulate path C:/Travail/s4InfoAtelier4/atelier4_wrapper/hw/atelier4_wrapper.xsa
TRACE::2023-01-23.14:53:29::SCWPlatform::DSA directory C:/Travail/s4InfoAtelier4/atelier4_wrapper/hw
TRACE::2023-01-23.14:53:30::SCWPlatform:: Platform Path C:/Travail/s4InfoAtelier4/atelier4_wrapper/hw/atelier4_wrapper.xsa
TRACE::2023-01-23.14:53:30::SCWPlatform:: Unique name xilinx:zybo-z7-10::0.0
TRACE::2023-01-23.14:53:30::SCWPlatform::Trying to set the existing hwdb with name atelier4_wrapper_0
TRACE::2023-01-23.14:53:30::SCWPlatform::Opened existing hwdb atelier4_wrapper_0
TRACE::2023-01-23.14:53:30::SCWPlatform::Found the Hw Db part of the input DSA
TRACE::2023-01-23.14:53:30::SCWMssOS::Checking the sw design at  C:/Travail/s4InfoAtelier4/atelier4_wrapper/ps7_cortexa9_0/standalone_ps7_cortexa9_0/bsp/system.mss
TRACE::2023-01-23.14:53:30::SCWMssOS::DEBUG:  swdes dump  C:/Travail/s4InfoAtelier4/atelier4_wrapper/ps7_cortexa9_0/standalone_ps7_cortexa9_0/bsp/system.mss|system_0||
C:/Travail/s4InfoAtelier4/atelier4_wrapper/zynq_fsbl/zynq_fsbl_bsp/system.mss|system||

TRACE::2023-01-23.14:53:30::SCWMssOS::Sw design exists and opened at  C:/Travail/s4InfoAtelier4/atelier4_wrapper/ps7_cortexa9_0/standalone_ps7_cortexa9_0/bsp/system.mss
TRACE::2023-01-23.14:53:30::SCWMssOS::Saving the mss changes C:/Travail/s4InfoAtelier4/atelier4_wrapper/zynq_fsbl/zynq_fsbl_bsp/system.mss
TRACE::2023-01-23.14:53:30::SCWMssOS::Found a swdesign opened with the mssfile.
TRACE::2023-01-23.14:53:30::SCWMssOS::Completed writemss as part of save.
TRACE::2023-01-23.14:53:30::SCWMssOS::Commit changes completed.
TRACE::2023-01-23.14:53:30::SCWMssOS::Saving the mss changes C:/Travail/s4InfoAtelier4/atelier4_wrapper/ps7_cortexa9_0/standalone_ps7_cortexa9_0/bsp/system.mss
TRACE::2023-01-23.14:53:30::SCWMssOS::Found a swdesign opened with the mssfile.
TRACE::2023-01-23.14:53:30::SCWMssOS::Completed writemss as part of save.
TRACE::2023-01-23.14:53:30::SCWMssOS::Commit changes completed.
TRACE::2023-01-23.14:53:30::SCWPlatform::Trying to open the hw design at C:/Travail/s4InfoAtelier4/atelier4_wrapper/hw/atelier4_wrapper.xsa
TRACE::2023-01-23.14:53:30::SCWPlatform::DSA given C:/Travail/s4InfoAtelier4/atelier4_wrapper/hw/atelier4_wrapper.xsa
TRACE::2023-01-23.14:53:30::SCWPlatform::DSA absoulate path C:/Travail/s4InfoAtelier4/atelier4_wrapper/hw/atelier4_wrapper.xsa
TRACE::2023-01-23.14:53:30::SCWPlatform::DSA directory C:/Travail/s4InfoAtelier4/atelier4_wrapper/hw
TRACE::2023-01-23.14:53:30::SCWPlatform:: Platform Path C:/Travail/s4InfoAtelier4/atelier4_wrapper/hw/atelier4_wrapper.xsa
TRACE::2023-01-23.14:53:30::SCWPlatform:: Unique name xilinx:zybo-z7-10::0.0
TRACE::2023-01-23.14:53:30::SCWPlatform::Trying to set the existing hwdb with name atelier4_wrapper_0
TRACE::2023-01-23.14:53:30::SCWPlatform::Opened existing hwdb atelier4_wrapper_0
TRACE::2023-01-23.14:53:30::SCWPlatform::Found the Hw Db part of the input DSA
TRACE::2023-01-23.14:53:30::SCWMssOS::Checking the sw design at  C:/Travail/s4InfoAtelier4/atelier4_wrapper/zynq_fsbl/zynq_fsbl_bsp/system.mss
TRACE::2023-01-23.14:53:30::SCWMssOS::DEBUG:  swdes dump  C:/Travail/s4InfoAtelier4/atelier4_wrapper/ps7_cortexa9_0/standalone_ps7_cortexa9_0/bsp/system.mss|system_0||
C:/Travail/s4InfoAtelier4/atelier4_wrapper/zynq_fsbl/zynq_fsbl_bsp/system.mss|system||

TRACE::2023-01-23.14:53:30::SCWMssOS::Sw design exists and opened at  C:/Travail/s4InfoAtelier4/atelier4_wrapper/zynq_fsbl/zynq_fsbl_bsp/system.mss
TRACE::2023-01-23.14:53:30::SCWPlatform::Trying to open the hw design at C:/Travail/s4InfoAtelier4/atelier4_wrapper/hw/atelier4_wrapper.xsa
TRACE::2023-01-23.14:53:30::SCWPlatform::DSA given C:/Travail/s4InfoAtelier4/atelier4_wrapper/hw/atelier4_wrapper.xsa
TRACE::2023-01-23.14:53:30::SCWPlatform::DSA absoulate path C:/Travail/s4InfoAtelier4/atelier4_wrapper/hw/atelier4_wrapper.xsa
TRACE::2023-01-23.14:53:30::SCWPlatform::DSA directory C:/Travail/s4InfoAtelier4/atelier4_wrapper/hw
TRACE::2023-01-23.14:53:30::SCWPlatform:: Platform Path C:/Travail/s4InfoAtelier4/atelier4_wrapper/hw/atelier4_wrapper.xsa
TRACE::2023-01-23.14:53:30::SCWPlatform:: Unique name xilinx:zybo-z7-10::0.0
TRACE::2023-01-23.14:53:30::SCWPlatform::Trying to set the existing hwdb with name atelier4_wrapper_0
TRACE::2023-01-23.14:53:30::SCWPlatform::Opened existing hwdb atelier4_wrapper_0
TRACE::2023-01-23.14:53:30::SCWPlatform::Found the Hw Db part of the input DSA
TRACE::2023-01-23.14:53:30::SCWMssOS::Checking the sw design at  C:/Travail/s4InfoAtelier4/atelier4_wrapper/zynq_fsbl/zynq_fsbl_bsp/system.mss
TRACE::2023-01-23.14:53:30::SCWMssOS::DEBUG:  swdes dump  C:/Travail/s4InfoAtelier4/atelier4_wrapper/ps7_cortexa9_0/standalone_ps7_cortexa9_0/bsp/system.mss|system_0||
C:/Travail/s4InfoAtelier4/atelier4_wrapper/zynq_fsbl/zynq_fsbl_bsp/system.mss|system||

TRACE::2023-01-23.14:53:30::SCWMssOS::Sw design exists and opened at  C:/Travail/s4InfoAtelier4/atelier4_wrapper/zynq_fsbl/zynq_fsbl_bsp/system.mss
TRACE::2023-01-23.14:53:30::SCWPlatform::Trying to open the hw design at C:/Travail/s4InfoAtelier4/atelier4_wrapper/hw/atelier4_wrapper.xsa
TRACE::2023-01-23.14:53:30::SCWPlatform::DSA given C:/Travail/s4InfoAtelier4/atelier4_wrapper/hw/atelier4_wrapper.xsa
TRACE::2023-01-23.14:53:30::SCWPlatform::DSA absoulate path C:/Travail/s4InfoAtelier4/atelier4_wrapper/hw/atelier4_wrapper.xsa
TRACE::2023-01-23.14:53:30::SCWPlatform::DSA directory C:/Travail/s4InfoAtelier4/atelier4_wrapper/hw
TRACE::2023-01-23.14:53:30::SCWPlatform:: Platform Path C:/Travail/s4InfoAtelier4/atelier4_wrapper/hw/atelier4_wrapper.xsa
TRACE::2023-01-23.14:53:30::SCWPlatform:: Unique name xilinx:zybo-z7-10::0.0
TRACE::2023-01-23.14:53:30::SCWPlatform::Trying to set the existing hwdb with name atelier4_wrapper_0
TRACE::2023-01-23.14:53:30::SCWPlatform::Opened existing hwdb atelier4_wrapper_0
TRACE::2023-01-23.14:53:30::SCWPlatform::Found the Hw Db part of the input DSA
TRACE::2023-01-23.14:53:30::SCWMssOS::Checking the sw design at  C:/Travail/s4InfoAtelier4/atelier4_wrapper/zynq_fsbl/zynq_fsbl_bsp/system.mss
TRACE::2023-01-23.14:53:30::SCWMssOS::DEBUG:  swdes dump  C:/Travail/s4InfoAtelier4/atelier4_wrapper/ps7_cortexa9_0/standalone_ps7_cortexa9_0/bsp/system.mss|system_0||
C:/Travail/s4InfoAtelier4/atelier4_wrapper/zynq_fsbl/zynq_fsbl_bsp/system.mss|system||

TRACE::2023-01-23.14:53:30::SCWMssOS::Sw design exists and opened at  C:/Travail/s4InfoAtelier4/atelier4_wrapper/zynq_fsbl/zynq_fsbl_bsp/system.mss
TRACE::2023-01-23.14:53:30::SCWPlatform::Trying to open the hw design at C:/Travail/s4InfoAtelier4/atelier4_wrapper/hw/atelier4_wrapper.xsa
TRACE::2023-01-23.14:53:30::SCWPlatform::DSA given C:/Travail/s4InfoAtelier4/atelier4_wrapper/hw/atelier4_wrapper.xsa
TRACE::2023-01-23.14:53:30::SCWPlatform::DSA absoulate path C:/Travail/s4InfoAtelier4/atelier4_wrapper/hw/atelier4_wrapper.xsa
TRACE::2023-01-23.14:53:30::SCWPlatform::DSA directory C:/Travail/s4InfoAtelier4/atelier4_wrapper/hw
TRACE::2023-01-23.14:53:30::SCWPlatform:: Platform Path C:/Travail/s4InfoAtelier4/atelier4_wrapper/hw/atelier4_wrapper.xsa
TRACE::2023-01-23.14:53:30::SCWPlatform:: Unique name xilinx:zybo-z7-10::0.0
TRACE::2023-01-23.14:53:30::SCWPlatform::Trying to set the existing hwdb with name atelier4_wrapper_0
TRACE::2023-01-23.14:53:30::SCWPlatform::Opened existing hwdb atelier4_wrapper_0
TRACE::2023-01-23.14:53:30::SCWPlatform::Found the Hw Db part of the input DSA
TRACE::2023-01-23.14:53:30::SCWMssOS::Checking the sw design at  C:/Travail/s4InfoAtelier4/atelier4_wrapper/ps7_cortexa9_0/standalone_ps7_cortexa9_0/bsp/system.mss
TRACE::2023-01-23.14:53:30::SCWMssOS::DEBUG:  swdes dump  C:/Travail/s4InfoAtelier4/atelier4_wrapper/ps7_cortexa9_0/standalone_ps7_cortexa9_0/bsp/system.mss|system_0||
C:/Travail/s4InfoAtelier4/atelier4_wrapper/zynq_fsbl/zynq_fsbl_bsp/system.mss|system||

TRACE::2023-01-23.14:53:30::SCWMssOS::Sw design exists and opened at  C:/Travail/s4InfoAtelier4/atelier4_wrapper/ps7_cortexa9_0/standalone_ps7_cortexa9_0/bsp/system.mss
TRACE::2023-01-23.14:53:30::SCWPlatform::Trying to open the hw design at C:/Travail/s4InfoAtelier4/atelier4_wrapper/hw/atelier4_wrapper.xsa
TRACE::2023-01-23.14:53:30::SCWPlatform::DSA given C:/Travail/s4InfoAtelier4/atelier4_wrapper/hw/atelier4_wrapper.xsa
TRACE::2023-01-23.14:53:30::SCWPlatform::DSA absoulate path C:/Travail/s4InfoAtelier4/atelier4_wrapper/hw/atelier4_wrapper.xsa
TRACE::2023-01-23.14:53:30::SCWPlatform::DSA directory C:/Travail/s4InfoAtelier4/atelier4_wrapper/hw
TRACE::2023-01-23.14:53:30::SCWPlatform:: Platform Path C:/Travail/s4InfoAtelier4/atelier4_wrapper/hw/atelier4_wrapper.xsa
TRACE::2023-01-23.14:53:30::SCWPlatform:: Unique name xilinx:zybo-z7-10::0.0
TRACE::2023-01-23.14:53:30::SCWPlatform::Trying to set the existing hwdb with name atelier4_wrapper_0
TRACE::2023-01-23.14:53:30::SCWPlatform::Opened existing hwdb atelier4_wrapper_0
TRACE::2023-01-23.14:53:30::SCWPlatform::Found the Hw Db part of the input DSA
TRACE::2023-01-23.14:53:30::SCWMssOS::Checking the sw design at  C:/Travail/s4InfoAtelier4/atelier4_wrapper/ps7_cortexa9_0/standalone_ps7_cortexa9_0/bsp/system.mss
TRACE::2023-01-23.14:53:30::SCWMssOS::DEBUG:  swdes dump  C:/Travail/s4InfoAtelier4/atelier4_wrapper/ps7_cortexa9_0/standalone_ps7_cortexa9_0/bsp/system.mss|system_0||
C:/Travail/s4InfoAtelier4/atelier4_wrapper/zynq_fsbl/zynq_fsbl_bsp/system.mss|system||

TRACE::2023-01-23.14:53:30::SCWMssOS::Sw design exists and opened at  C:/Travail/s4InfoAtelier4/atelier4_wrapper/ps7_cortexa9_0/standalone_ps7_cortexa9_0/bsp/system.mss
TRACE::2023-01-23.14:53:30::SCWPlatform::Trying to open the hw design at C:/Travail/s4InfoAtelier4/atelier4_wrapper/hw/atelier4_wrapper.xsa
TRACE::2023-01-23.14:53:30::SCWPlatform::DSA given C:/Travail/s4InfoAtelier4/atelier4_wrapper/hw/atelier4_wrapper.xsa
TRACE::2023-01-23.14:53:30::SCWPlatform::DSA absoulate path C:/Travail/s4InfoAtelier4/atelier4_wrapper/hw/atelier4_wrapper.xsa
TRACE::2023-01-23.14:53:30::SCWPlatform::DSA directory C:/Travail/s4InfoAtelier4/atelier4_wrapper/hw
TRACE::2023-01-23.14:53:30::SCWPlatform:: Platform Path C:/Travail/s4InfoAtelier4/atelier4_wrapper/hw/atelier4_wrapper.xsa
TRACE::2023-01-23.14:53:30::SCWPlatform:: Unique name xilinx:zybo-z7-10::0.0
TRACE::2023-01-23.14:53:30::SCWPlatform::Trying to set the existing hwdb with name atelier4_wrapper_0
TRACE::2023-01-23.14:53:30::SCWPlatform::Opened existing hwdb atelier4_wrapper_0
TRACE::2023-01-23.14:53:30::SCWPlatform::Found the Hw Db part of the input DSA
TRACE::2023-01-23.14:53:30::SCWMssOS::Checking the sw design at  C:/Travail/s4InfoAtelier4/atelier4_wrapper/ps7_cortexa9_0/standalone_ps7_cortexa9_0/bsp/system.mss
TRACE::2023-01-23.14:53:30::SCWMssOS::DEBUG:  swdes dump  C:/Travail/s4InfoAtelier4/atelier4_wrapper/ps7_cortexa9_0/standalone_ps7_cortexa9_0/bsp/system.mss|system_0||
C:/Travail/s4InfoAtelier4/atelier4_wrapper/zynq_fsbl/zynq_fsbl_bsp/system.mss|system||

TRACE::2023-01-23.14:53:30::SCWMssOS::Sw design exists and opened at  C:/Travail/s4InfoAtelier4/atelier4_wrapper/ps7_cortexa9_0/standalone_ps7_cortexa9_0/bsp/system.mss
TRACE::2023-01-23.14:53:30::SCWWriter::formatted JSON is {
	"platformName":	"atelier4_wrapper",
	"sprVersion":	"2.0",
	"mode":	"gui",
	"dsaType":	"Fixed",
	"platformDesc":	"atelier4_wrapper",
	"platHandOff":	"<platformDir>.xsa",
	"platIntHandOff":	"<platformDir>/hw/atelier4_wrapper.xsa",
	"deviceType":	"zynq",
	"platIsPrebuiltAutogen":	"false",
	"platIsNoBootBsp":	"false",
	"platFsblTarget":	"ps7_cortexa9_0",
	"hasFsblMakeHasChanges":	"false",
	"hasPmufwMakeHasChanges":	"false",
	"fsblExtraCompilerFlags":	"-MMD -MP       -mcpu=cortex-a9 -mfpu=vfpv3 -mfloat-abi=hard ",
	"platPreBuiltFlag":	false,
	"platformSamplesDir":	"",
	"platActiveSys":	"atelier4_wrapper",
	"systems":	[{
			"systemName":	"atelier4_wrapper",
			"systemDesc":	"atelier4_wrapper",
			"sysIsBootAutoGen":	"true",
			"systemDispName":	"atelier4_wrapper",
			"sysActiveDom":	"standalone_ps7_cortexa9_0",
			"sysDefaultDom":	"standalone_ps7_cortexa9_0",
			"domains":	[{
					"domainName":	"zynq_fsbl",
					"domainDispName":	"zynq_fsbl",
					"domainDesc":	"FSBL Application BSP - Auto Generated.",
					"processors":	"ps7_cortexa9_0",
					"os":	"standalone",
					"sdxOs":	"standalone",
					"debugEnable":	"",
					"domRuntimes":	["cpp"],
					"swRepo":	"",
					"mssOsVer":	"7.3",
					"mssFile":	"",
					"md5Digest":	"0be5ea4ab905254957fadc8566944063",
					"compatibleApp":	"zynq_fsbl",
					"domType":	"bootDomain",
					"arch":	"32-bit",
					"appSettings":	{
						"appCompilerFlags":	"",
						"appLinkerFlags":	""
					},
					"addedLibs":	["xilffs:4.4", "xilrsa:1.6"],
					"libOptions":	{
						"libsContainingOptions":	[]
					},
					"prebuiltLibs":	{
						"prebuiltIncPath":	[],
						"prebuiltLibPath":	[]
					},
					"isolation":	{
					}
				}, {
					"domainName":	"standalone_ps7_cortexa9_0",
					"domainDispName":	"standalone_ps7_cortexa9_0",
					"domainDesc":	"standalone_ps7_cortexa9_0",
					"processors":	"ps7_cortexa9_0",
					"os":	"standalone",
					"sdxOs":	"standalone",
					"qemuArgs":	"C:/Xilinx/Vitis/2020.2/data/emulation/platforms/zynq/sw/a9_standalone/qemu/qemu_args.txt",
					"qemuData":	"C:/Xilinx/Vitis/2020.2/data/emulation/platforms/zynq/sw/a9_standalone/qemu/",
					"debugEnable":	"False",
					"domRuntimes":	["cpp"],
					"swRepo":	"",
					"mssOsVer":	"7.3",
					"mssFile":	"",
					"md5Digest":	"c7b67555032dc1ffe6b30962acb1207c",
					"compatibleApp":	"empty_application",
					"domType":	"mssDomain",
					"arch":	"32-bit",
					"appSettings":	{
						"appCompilerFlags":	"",
						"appLinkerFlags":	""
					},
					"addedLibs":	[],
					"libOptions":	{
						"libsContainingOptions":	[]
					},
					"prebuiltLibs":	{
						"prebuiltIncPath":	[],
						"prebuiltLibPath":	[]
					},
					"isolation":	{
					}
				}]
		}]
}
LOG::2023-01-23.14:53:30::SCWPlatform::Started generating the artifacts platform atelier4_wrapper
TRACE::2023-01-23.14:53:30::SCWPlatform::Sanity checking of platform is completed
LOG::2023-01-23.14:53:30::SCWPlatform::Started generating the artifacts for system configuration atelier4_wrapper
LOG::2023-01-23.14:53:30::SCWSystem::Started Processing the domain standalone_ps7_cortexa9_0
TRACE::2023-01-23.14:53:30::SCWDomain::Generating domain artifcats
TRACE::2023-01-23.14:53:30::SCWMssOS::Generating standalone artifcats
TRACE::2023-01-23.14:53:30::SCWMssOS::Copying the qemu file from  C:/Xilinx/Vitis/2020.2/data/emulation/platforms/zynq/sw/a9_standalone/qemu/qemu_args.txt To C:/Travail/s4InfoAtelier4/atelier4_wrapper/export/atelier4_wrapper/sw/atelier4_wrapper/qemu/
TRACE::2023-01-23.14:53:30::SCWMssOS::Copying the qemu file from  C:/Xilinx/Vitis/2020.2/data/emulation/platforms/zynq/sw/a9_standalone/qemu/qemu_args.txt To C:/Travail/s4InfoAtelier4/atelier4_wrapper/export/atelier4_wrapper/sw/atelier4_wrapper/standalone_ps7_cortexa9_0/qemu/
TRACE::2023-01-23.14:53:30::SCWMssOS:: Copying the user libraries. 
TRACE::2023-01-23.14:53:30::SCWPlatform::Trying to open the hw design at C:/Travail/s4InfoAtelier4/atelier4_wrapper/hw/atelier4_wrapper.xsa
TRACE::2023-01-23.14:53:30::SCWPlatform::DSA given C:/Travail/s4InfoAtelier4/atelier4_wrapper/hw/atelier4_wrapper.xsa
TRACE::2023-01-23.14:53:30::SCWPlatform::DSA absoulate path C:/Travail/s4InfoAtelier4/atelier4_wrapper/hw/atelier4_wrapper.xsa
TRACE::2023-01-23.14:53:30::SCWPlatform::DSA directory C:/Travail/s4InfoAtelier4/atelier4_wrapper/hw
TRACE::2023-01-23.14:53:30::SCWPlatform:: Platform Path C:/Travail/s4InfoAtelier4/atelier4_wrapper/hw/atelier4_wrapper.xsa
TRACE::2023-01-23.14:53:30::SCWPlatform:: Unique name xilinx:zybo-z7-10::0.0
TRACE::2023-01-23.14:53:30::SCWPlatform::Trying to set the existing hwdb with name atelier4_wrapper_0
TRACE::2023-01-23.14:53:30::SCWPlatform::Opened existing hwdb atelier4_wrapper_0
TRACE::2023-01-23.14:53:30::SCWPlatform::Found the Hw Db part of the input DSA
TRACE::2023-01-23.14:53:30::SCWMssOS::Checking the sw design at  C:/Travail/s4InfoAtelier4/atelier4_wrapper/ps7_cortexa9_0/standalone_ps7_cortexa9_0/bsp/system.mss
TRACE::2023-01-23.14:53:30::SCWMssOS::DEBUG:  swdes dump  C:/Travail/s4InfoAtelier4/atelier4_wrapper/ps7_cortexa9_0/standalone_ps7_cortexa9_0/bsp/system.mss|system_0||
C:/Travail/s4InfoAtelier4/atelier4_wrapper/zynq_fsbl/zynq_fsbl_bsp/system.mss|system||

TRACE::2023-01-23.14:53:30::SCWMssOS::Sw design exists and opened at  C:/Travail/s4InfoAtelier4/atelier4_wrapper/ps7_cortexa9_0/standalone_ps7_cortexa9_0/bsp/system.mss
TRACE::2023-01-23.14:53:30::SCWMssOS::Completed writing the mss file at C:/Travail/s4InfoAtelier4/atelier4_wrapper/ps7_cortexa9_0/standalone_ps7_cortexa9_0/bsp
TRACE::2023-01-23.14:53:30::SCWMssOS::Mss edits present, copying mssfile into export location C:/Travail/s4InfoAtelier4/atelier4_wrapper/ps7_cortexa9_0/standalone_ps7_cortexa9_0/bsp/system.mss
TRACE::2023-01-23.14:53:30::SCWMssOS::bsp generated is upto date with the mss file. Skipping bsp generation.
TRACE::2023-01-23.14:53:30::SCWMssOS::BSP is already built. skipping the bsp build ... 
TRACE::2023-01-23.14:53:30::SCWDomain::Building the domain as part of full build :  standalone_ps7_cortexa9_0
TRACE::2023-01-23.14:53:30::SCWMssOS::skipping the bsp build ... 
TRACE::2023-01-23.14:53:30::SCWMssOS::Copying to export directory.
TRACE::2023-01-23.14:53:30::SCWMssOS:: Checking if to create the Supporting Applications
TRACE::2023-01-23.14:53:30::SCWMssOS:: No Linux domain exists, trying to generate FSBL 
TRACE::2023-01-23.14:53:30::SCWMssOS:: Completed Standalone Artifacts creation 
LOG::2023-01-23.14:53:30::SCWSystem::Completed Processing the domain standalone_ps7_cortexa9_0
LOG::2023-01-23.14:53:30::SCWSystem::Completed Processing the sysconfig atelier4_wrapper
LOG::2023-01-23.14:53:30::SCWPlatform::Completed generating the artifacts for system configuration atelier4_wrapper
TRACE::2023-01-23.14:53:30::SCWPlatform::Started preparing the platform 
TRACE::2023-01-23.14:53:30::SCWSystem::Writing the bif file for system config atelier4_wrapper
TRACE::2023-01-23.14:53:30::SCWSystem::dir created 
TRACE::2023-01-23.14:53:30::SCWSystem::Writing the bif 
TRACE::2023-01-23.14:53:30::SCWPlatform::Started writing the spfm file 
TRACE::2023-01-23.14:53:30::SCWPlatform::Started writing the xpfm file 
TRACE::2023-01-23.14:53:30::SCWPlatform::Completed generating the platform
TRACE::2023-01-23.14:53:30::SCWMssOS::Saving the mss changes C:/Travail/s4InfoAtelier4/atelier4_wrapper/zynq_fsbl/zynq_fsbl_bsp/system.mss
TRACE::2023-01-23.14:53:30::SCWMssOS::Found a swdesign opened with the mssfile.
TRACE::2023-01-23.14:53:30::SCWMssOS::Completed writemss as part of save.
TRACE::2023-01-23.14:53:30::SCWMssOS::Commit changes completed.
TRACE::2023-01-23.14:53:30::SCWMssOS::Saving the mss changes C:/Travail/s4InfoAtelier4/atelier4_wrapper/ps7_cortexa9_0/standalone_ps7_cortexa9_0/bsp/system.mss
TRACE::2023-01-23.14:53:30::SCWMssOS::Found a swdesign opened with the mssfile.
TRACE::2023-01-23.14:53:30::SCWMssOS::Completed writemss as part of save.
TRACE::2023-01-23.14:53:30::SCWMssOS::Commit changes completed.
TRACE::2023-01-23.14:53:30::SCWPlatform::Trying to open the hw design at C:/Travail/s4InfoAtelier4/atelier4_wrapper/hw/atelier4_wrapper.xsa
TRACE::2023-01-23.14:53:30::SCWPlatform::DSA given C:/Travail/s4InfoAtelier4/atelier4_wrapper/hw/atelier4_wrapper.xsa
TRACE::2023-01-23.14:53:30::SCWPlatform::DSA absoulate path C:/Travail/s4InfoAtelier4/atelier4_wrapper/hw/atelier4_wrapper.xsa
TRACE::2023-01-23.14:53:30::SCWPlatform::DSA directory C:/Travail/s4InfoAtelier4/atelier4_wrapper/hw
TRACE::2023-01-23.14:53:30::SCWPlatform:: Platform Path C:/Travail/s4InfoAtelier4/atelier4_wrapper/hw/atelier4_wrapper.xsa
TRACE::2023-01-23.14:53:30::SCWPlatform:: Unique name xilinx:zybo-z7-10::0.0
TRACE::2023-01-23.14:53:30::SCWPlatform::Trying to set the existing hwdb with name atelier4_wrapper_0
TRACE::2023-01-23.14:53:30::SCWPlatform::Opened existing hwdb atelier4_wrapper_0
TRACE::2023-01-23.14:53:30::SCWPlatform::Found the Hw Db part of the input DSA
TRACE::2023-01-23.14:53:30::SCWMssOS::Checking the sw design at  C:/Travail/s4InfoAtelier4/atelier4_wrapper/zynq_fsbl/zynq_fsbl_bsp/system.mss
TRACE::2023-01-23.14:53:30::SCWMssOS::DEBUG:  swdes dump  C:/Travail/s4InfoAtelier4/atelier4_wrapper/ps7_cortexa9_0/standalone_ps7_cortexa9_0/bsp/system.mss|system_0||
C:/Travail/s4InfoAtelier4/atelier4_wrapper/zynq_fsbl/zynq_fsbl_bsp/system.mss|system||

TRACE::2023-01-23.14:53:30::SCWMssOS::Sw design exists and opened at  C:/Travail/s4InfoAtelier4/atelier4_wrapper/zynq_fsbl/zynq_fsbl_bsp/system.mss
TRACE::2023-01-23.14:53:30::SCWPlatform::Trying to open the hw design at C:/Travail/s4InfoAtelier4/atelier4_wrapper/hw/atelier4_wrapper.xsa
TRACE::2023-01-23.14:53:30::SCWPlatform::DSA given C:/Travail/s4InfoAtelier4/atelier4_wrapper/hw/atelier4_wrapper.xsa
TRACE::2023-01-23.14:53:30::SCWPlatform::DSA absoulate path C:/Travail/s4InfoAtelier4/atelier4_wrapper/hw/atelier4_wrapper.xsa
TRACE::2023-01-23.14:53:30::SCWPlatform::DSA directory C:/Travail/s4InfoAtelier4/atelier4_wrapper/hw
TRACE::2023-01-23.14:53:30::SCWPlatform:: Platform Path C:/Travail/s4InfoAtelier4/atelier4_wrapper/hw/atelier4_wrapper.xsa
TRACE::2023-01-23.14:53:30::SCWPlatform:: Unique name xilinx:zybo-z7-10::0.0
TRACE::2023-01-23.14:53:30::SCWPlatform::Trying to set the existing hwdb with name atelier4_wrapper_0
TRACE::2023-01-23.14:53:30::SCWPlatform::Opened existing hwdb atelier4_wrapper_0
TRACE::2023-01-23.14:53:30::SCWPlatform::Found the Hw Db part of the input DSA
TRACE::2023-01-23.14:53:30::SCWMssOS::Checking the sw design at  C:/Travail/s4InfoAtelier4/atelier4_wrapper/zynq_fsbl/zynq_fsbl_bsp/system.mss
TRACE::2023-01-23.14:53:30::SCWMssOS::DEBUG:  swdes dump  C:/Travail/s4InfoAtelier4/atelier4_wrapper/ps7_cortexa9_0/standalone_ps7_cortexa9_0/bsp/system.mss|system_0||
C:/Travail/s4InfoAtelier4/atelier4_wrapper/zynq_fsbl/zynq_fsbl_bsp/system.mss|system||

TRACE::2023-01-23.14:53:30::SCWMssOS::Sw design exists and opened at  C:/Travail/s4InfoAtelier4/atelier4_wrapper/zynq_fsbl/zynq_fsbl_bsp/system.mss
TRACE::2023-01-23.14:53:30::SCWPlatform::Trying to open the hw design at C:/Travail/s4InfoAtelier4/atelier4_wrapper/hw/atelier4_wrapper.xsa
TRACE::2023-01-23.14:53:30::SCWPlatform::DSA given C:/Travail/s4InfoAtelier4/atelier4_wrapper/hw/atelier4_wrapper.xsa
TRACE::2023-01-23.14:53:30::SCWPlatform::DSA absoulate path C:/Travail/s4InfoAtelier4/atelier4_wrapper/hw/atelier4_wrapper.xsa
TRACE::2023-01-23.14:53:30::SCWPlatform::DSA directory C:/Travail/s4InfoAtelier4/atelier4_wrapper/hw
TRACE::2023-01-23.14:53:30::SCWPlatform:: Platform Path C:/Travail/s4InfoAtelier4/atelier4_wrapper/hw/atelier4_wrapper.xsa
TRACE::2023-01-23.14:53:30::SCWPlatform:: Unique name xilinx:zybo-z7-10::0.0
TRACE::2023-01-23.14:53:30::SCWPlatform::Trying to set the existing hwdb with name atelier4_wrapper_0
TRACE::2023-01-23.14:53:30::SCWPlatform::Opened existing hwdb atelier4_wrapper_0
TRACE::2023-01-23.14:53:30::SCWPlatform::Found the Hw Db part of the input DSA
TRACE::2023-01-23.14:53:30::SCWMssOS::Checking the sw design at  C:/Travail/s4InfoAtelier4/atelier4_wrapper/zynq_fsbl/zynq_fsbl_bsp/system.mss
TRACE::2023-01-23.14:53:30::SCWMssOS::DEBUG:  swdes dump  C:/Travail/s4InfoAtelier4/atelier4_wrapper/ps7_cortexa9_0/standalone_ps7_cortexa9_0/bsp/system.mss|system_0||
C:/Travail/s4InfoAtelier4/atelier4_wrapper/zynq_fsbl/zynq_fsbl_bsp/system.mss|system||

TRACE::2023-01-23.14:53:30::SCWMssOS::Sw design exists and opened at  C:/Travail/s4InfoAtelier4/atelier4_wrapper/zynq_fsbl/zynq_fsbl_bsp/system.mss
TRACE::2023-01-23.14:53:30::SCWPlatform::Trying to open the hw design at C:/Travail/s4InfoAtelier4/atelier4_wrapper/hw/atelier4_wrapper.xsa
TRACE::2023-01-23.14:53:30::SCWPlatform::DSA given C:/Travail/s4InfoAtelier4/atelier4_wrapper/hw/atelier4_wrapper.xsa
TRACE::2023-01-23.14:53:30::SCWPlatform::DSA absoulate path C:/Travail/s4InfoAtelier4/atelier4_wrapper/hw/atelier4_wrapper.xsa
TRACE::2023-01-23.14:53:30::SCWPlatform::DSA directory C:/Travail/s4InfoAtelier4/atelier4_wrapper/hw
TRACE::2023-01-23.14:53:30::SCWPlatform:: Platform Path C:/Travail/s4InfoAtelier4/atelier4_wrapper/hw/atelier4_wrapper.xsa
TRACE::2023-01-23.14:53:30::SCWPlatform:: Unique name xilinx:zybo-z7-10::0.0
TRACE::2023-01-23.14:53:30::SCWPlatform::Trying to set the existing hwdb with name atelier4_wrapper_0
TRACE::2023-01-23.14:53:30::SCWPlatform::Opened existing hwdb atelier4_wrapper_0
TRACE::2023-01-23.14:53:30::SCWPlatform::Found the Hw Db part of the input DSA
TRACE::2023-01-23.14:53:30::SCWMssOS::Checking the sw design at  C:/Travail/s4InfoAtelier4/atelier4_wrapper/ps7_cortexa9_0/standalone_ps7_cortexa9_0/bsp/system.mss
TRACE::2023-01-23.14:53:30::SCWMssOS::DEBUG:  swdes dump  C:/Travail/s4InfoAtelier4/atelier4_wrapper/ps7_cortexa9_0/standalone_ps7_cortexa9_0/bsp/system.mss|system_0||
C:/Travail/s4InfoAtelier4/atelier4_wrapper/zynq_fsbl/zynq_fsbl_bsp/system.mss|system||

TRACE::2023-01-23.14:53:30::SCWMssOS::Sw design exists and opened at  C:/Travail/s4InfoAtelier4/atelier4_wrapper/ps7_cortexa9_0/standalone_ps7_cortexa9_0/bsp/system.mss
TRACE::2023-01-23.14:53:30::SCWPlatform::Trying to open the hw design at C:/Travail/s4InfoAtelier4/atelier4_wrapper/hw/atelier4_wrapper.xsa
TRACE::2023-01-23.14:53:30::SCWPlatform::DSA given C:/Travail/s4InfoAtelier4/atelier4_wrapper/hw/atelier4_wrapper.xsa
TRACE::2023-01-23.14:53:30::SCWPlatform::DSA absoulate path C:/Travail/s4InfoAtelier4/atelier4_wrapper/hw/atelier4_wrapper.xsa
TRACE::2023-01-23.14:53:30::SCWPlatform::DSA directory C:/Travail/s4InfoAtelier4/atelier4_wrapper/hw
TRACE::2023-01-23.14:53:30::SCWPlatform:: Platform Path C:/Travail/s4InfoAtelier4/atelier4_wrapper/hw/atelier4_wrapper.xsa
TRACE::2023-01-23.14:53:30::SCWPlatform:: Unique name xilinx:zybo-z7-10::0.0
TRACE::2023-01-23.14:53:30::SCWPlatform::Trying to set the existing hwdb with name atelier4_wrapper_0
TRACE::2023-01-23.14:53:30::SCWPlatform::Opened existing hwdb atelier4_wrapper_0
TRACE::2023-01-23.14:53:30::SCWPlatform::Found the Hw Db part of the input DSA
TRACE::2023-01-23.14:53:30::SCWMssOS::Checking the sw design at  C:/Travail/s4InfoAtelier4/atelier4_wrapper/ps7_cortexa9_0/standalone_ps7_cortexa9_0/bsp/system.mss
TRACE::2023-01-23.14:53:30::SCWMssOS::DEBUG:  swdes dump  C:/Travail/s4InfoAtelier4/atelier4_wrapper/ps7_cortexa9_0/standalone_ps7_cortexa9_0/bsp/system.mss|system_0||
C:/Travail/s4InfoAtelier4/atelier4_wrapper/zynq_fsbl/zynq_fsbl_bsp/system.mss|system||

TRACE::2023-01-23.14:53:30::SCWMssOS::Sw design exists and opened at  C:/Travail/s4InfoAtelier4/atelier4_wrapper/ps7_cortexa9_0/standalone_ps7_cortexa9_0/bsp/system.mss
TRACE::2023-01-23.14:53:30::SCWPlatform::Trying to open the hw design at C:/Travail/s4InfoAtelier4/atelier4_wrapper/hw/atelier4_wrapper.xsa
TRACE::2023-01-23.14:53:30::SCWPlatform::DSA given C:/Travail/s4InfoAtelier4/atelier4_wrapper/hw/atelier4_wrapper.xsa
TRACE::2023-01-23.14:53:30::SCWPlatform::DSA absoulate path C:/Travail/s4InfoAtelier4/atelier4_wrapper/hw/atelier4_wrapper.xsa
TRACE::2023-01-23.14:53:30::SCWPlatform::DSA directory C:/Travail/s4InfoAtelier4/atelier4_wrapper/hw
TRACE::2023-01-23.14:53:30::SCWPlatform:: Platform Path C:/Travail/s4InfoAtelier4/atelier4_wrapper/hw/atelier4_wrapper.xsa
TRACE::2023-01-23.14:53:30::SCWPlatform:: Unique name xilinx:zybo-z7-10::0.0
TRACE::2023-01-23.14:53:30::SCWPlatform::Trying to set the existing hwdb with name atelier4_wrapper_0
TRACE::2023-01-23.14:53:30::SCWPlatform::Opened existing hwdb atelier4_wrapper_0
TRACE::2023-01-23.14:53:30::SCWPlatform::Found the Hw Db part of the input DSA
TRACE::2023-01-23.14:53:30::SCWMssOS::Checking the sw design at  C:/Travail/s4InfoAtelier4/atelier4_wrapper/ps7_cortexa9_0/standalone_ps7_cortexa9_0/bsp/system.mss
TRACE::2023-01-23.14:53:30::SCWMssOS::DEBUG:  swdes dump  C:/Travail/s4InfoAtelier4/atelier4_wrapper/ps7_cortexa9_0/standalone_ps7_cortexa9_0/bsp/system.mss|system_0||
C:/Travail/s4InfoAtelier4/atelier4_wrapper/zynq_fsbl/zynq_fsbl_bsp/system.mss|system||

TRACE::2023-01-23.14:53:30::SCWMssOS::Sw design exists and opened at  C:/Travail/s4InfoAtelier4/atelier4_wrapper/ps7_cortexa9_0/standalone_ps7_cortexa9_0/bsp/system.mss
TRACE::2023-01-23.14:53:30::SCWWriter::formatted JSON is {
	"platformName":	"atelier4_wrapper",
	"sprVersion":	"2.0",
	"mode":	"gui",
	"dsaType":	"Fixed",
	"platformDesc":	"atelier4_wrapper",
	"platHandOff":	"<platformDir>.xsa",
	"platIntHandOff":	"<platformDir>/hw/atelier4_wrapper.xsa",
	"deviceType":	"zynq",
	"platIsPrebuiltAutogen":	"false",
	"platIsNoBootBsp":	"false",
	"platFsblTarget":	"ps7_cortexa9_0",
	"hasFsblMakeHasChanges":	"false",
	"hasPmufwMakeHasChanges":	"false",
	"fsblExtraCompilerFlags":	"-MMD -MP       -mcpu=cortex-a9 -mfpu=vfpv3 -mfloat-abi=hard ",
	"platPreBuiltFlag":	false,
	"platformSamplesDir":	"",
	"platActiveSys":	"atelier4_wrapper",
	"systems":	[{
			"systemName":	"atelier4_wrapper",
			"systemDesc":	"atelier4_wrapper",
			"sysIsBootAutoGen":	"true",
			"systemDispName":	"atelier4_wrapper",
			"sysActiveDom":	"standalone_ps7_cortexa9_0",
			"sysDefaultDom":	"standalone_ps7_cortexa9_0",
			"domains":	[{
					"domainName":	"zynq_fsbl",
					"domainDispName":	"zynq_fsbl",
					"domainDesc":	"FSBL Application BSP - Auto Generated.",
					"processors":	"ps7_cortexa9_0",
					"os":	"standalone",
					"sdxOs":	"standalone",
					"debugEnable":	"",
					"domRuntimes":	["cpp"],
					"swRepo":	"",
					"mssOsVer":	"7.3",
					"mssFile":	"",
					"md5Digest":	"0be5ea4ab905254957fadc8566944063",
					"compatibleApp":	"zynq_fsbl",
					"domType":	"bootDomain",
					"arch":	"32-bit",
					"appSettings":	{
						"appCompilerFlags":	"",
						"appLinkerFlags":	""
					},
					"addedLibs":	["xilffs:4.4", "xilrsa:1.6"],
					"libOptions":	{
						"libsContainingOptions":	[]
					},
					"prebuiltLibs":	{
						"prebuiltIncPath":	[],
						"prebuiltLibPath":	[]
					},
					"isolation":	{
					}
				}, {
					"domainName":	"standalone_ps7_cortexa9_0",
					"domainDispName":	"standalone_ps7_cortexa9_0",
					"domainDesc":	"standalone_ps7_cortexa9_0",
					"processors":	"ps7_cortexa9_0",
					"os":	"standalone",
					"sdxOs":	"standalone",
					"qemuArgs":	"C:/Xilinx/Vitis/2020.2/data/emulation/platforms/zynq/sw/a9_standalone/qemu/qemu_args.txt",
					"qemuData":	"C:/Xilinx/Vitis/2020.2/data/emulation/platforms/zynq/sw/a9_standalone/qemu/",
					"debugEnable":	"False",
					"domRuntimes":	["cpp"],
					"swRepo":	"",
					"mssOsVer":	"7.3",
					"mssFile":	"",
					"md5Digest":	"c7b67555032dc1ffe6b30962acb1207c",
					"compatibleApp":	"empty_application",
					"domType":	"mssDomain",
					"arch":	"32-bit",
					"appSettings":	{
						"appCompilerFlags":	"",
						"appLinkerFlags":	""
					},
					"addedLibs":	[],
					"libOptions":	{
						"libsContainingOptions":	[]
					},
					"prebuiltLibs":	{
						"prebuiltIncPath":	[],
						"prebuiltLibPath":	[]
					},
					"isolation":	{
					}
				}]
		}]
}
KEYINFO::2023-01-23.14:53:30::SCWPlatform::updated the xpfm file.
TRACE::2023-01-23.14:53:46::SCWPlatform::Clearing the existing platform
TRACE::2023-01-23.14:53:46::SCWSystem::Clearing the existing sysconfig
TRACE::2023-01-23.14:53:46::SCWBDomain::clearing the fsbl build
TRACE::2023-01-23.14:53:46::SCWMssOS::Removing the swdes entry for  C:/Travail/s4InfoAtelier4/atelier4_wrapper/zynq_fsbl/zynq_fsbl_bsp/system.mss
TRACE::2023-01-23.14:53:46::SCWMssOS::Removing the swdes entry for  C:/Travail/s4InfoAtelier4/atelier4_wrapper/ps7_cortexa9_0/standalone_ps7_cortexa9_0/bsp/system.mss
TRACE::2023-01-23.14:53:46::SCWSystem::Clearing the domains completed.
TRACE::2023-01-23.14:53:46::SCWPlatform::Clearing the opened hw db.
TRACE::2023-01-23.14:53:46::SCWPlatform::DSA given C:/Travail/s4InfoAtelier4/atelier4_wrapper/hw/atelier4_wrapper.xsa
TRACE::2023-01-23.14:53:46::SCWPlatform::DSA absoulate path C:/Travail/s4InfoAtelier4/atelier4_wrapper/hw/atelier4_wrapper.xsa
TRACE::2023-01-23.14:53:46::SCWPlatform:: Platform location is C:/Travail/s4InfoAtelier4/atelier4_wrapper/hw
TRACE::2023-01-23.14:53:46::SCWPlatform:: Platform Path C:/Travail/s4InfoAtelier4/atelier4_wrapper/hw/atelier4_wrapper.xsa
TRACE::2023-01-23.14:53:46::SCWPlatform:: Unique name xilinx:zybo-z7-10::0.0
TRACE::2023-01-23.14:53:46::SCWPlatform::Removing the HwDB with name C:/Travail/s4InfoAtelier4/atelier4_wrapper/hw/atelier4_wrapper.xsa
TRACE::2023-01-23.14:53:46::SCWPlatform::Trying to open the hw design at C:/Travail/s4InfoAtelier4/atelier4_wrapper/hw/atelier4_wrapper.xsa
TRACE::2023-01-23.14:53:46::SCWPlatform::DSA given C:/Travail/s4InfoAtelier4/atelier4_wrapper/hw/atelier4_wrapper.xsa
TRACE::2023-01-23.14:53:46::SCWPlatform::DSA absoulate path C:/Travail/s4InfoAtelier4/atelier4_wrapper/hw/atelier4_wrapper.xsa
TRACE::2023-01-23.14:53:46::SCWPlatform::DSA directory C:/Travail/s4InfoAtelier4/atelier4_wrapper/hw
TRACE::2023-01-23.14:53:46::SCWPlatform:: Platform Path C:/Travail/s4InfoAtelier4/atelier4_wrapper/hw/atelier4_wrapper.xsa
TRACE::2023-01-23.14:53:46::SCWPlatform:: Unique name xilinx:zybo-z7-10::0.0
TRACE::2023-01-23.14:53:46::SCWPlatform::Do not have an existing db opened. 
TRACE::2023-01-23.14:53:48::SCWPlatform::Opened new HwDB with name atelier4_wrapper_2
TRACE::2023-01-23.14:53:48::SCWReader::Active system found as  atelier4_wrapper
TRACE::2023-01-23.14:53:48::SCWReader::Handling sysconfig atelier4_wrapper
TRACE::2023-01-23.14:53:48::SCWDomain::checking for install qemu data   : 
TRACE::2023-01-23.14:53:48::SCWDomain:: Using the QEMU Data from install at  : C:/Xilinx/Vitis/2020.2/data/emulation/platforms/zynq/sw/a9_standalone/qemu/
TRACE::2023-01-23.14:53:48::SCWDomain:: Using the QEMU args  from install at  : C:/Xilinx/Vitis/2020.2/data/emulation/platforms/zynq/sw/a9_standalone/qemu/qemu_args.txt
TRACE::2023-01-23.14:53:48::SCWPlatform::Trying to open the hw design at C:/Travail/s4InfoAtelier4/atelier4_wrapper/hw/atelier4_wrapper.xsa
TRACE::2023-01-23.14:53:48::SCWPlatform::DSA given C:/Travail/s4InfoAtelier4/atelier4_wrapper/hw/atelier4_wrapper.xsa
TRACE::2023-01-23.14:53:48::SCWPlatform::DSA absoulate path C:/Travail/s4InfoAtelier4/atelier4_wrapper/hw/atelier4_wrapper.xsa
TRACE::2023-01-23.14:53:48::SCWPlatform::DSA directory C:/Travail/s4InfoAtelier4/atelier4_wrapper/hw
TRACE::2023-01-23.14:53:48::SCWPlatform:: Platform Path C:/Travail/s4InfoAtelier4/atelier4_wrapper/hw/atelier4_wrapper.xsa
TRACE::2023-01-23.14:53:48::SCWPlatform:: Unique name xilinx:zybo-z7-10::0.0
TRACE::2023-01-23.14:53:48::SCWPlatform::Trying to set the existing hwdb with name atelier4_wrapper_2
TRACE::2023-01-23.14:53:48::SCWPlatform::Opened existing hwdb atelier4_wrapper_2
TRACE::2023-01-23.14:53:48::SCWPlatform::Found the Hw Db part of the input DSA
TRACE::2023-01-23.14:53:48::SCWPlatform::Trying to open the hw design at C:/Travail/s4InfoAtelier4/atelier4_wrapper/hw/atelier4_wrapper.xsa
TRACE::2023-01-23.14:53:48::SCWPlatform::DSA given C:/Travail/s4InfoAtelier4/atelier4_wrapper/hw/atelier4_wrapper.xsa
TRACE::2023-01-23.14:53:48::SCWPlatform::DSA absoulate path C:/Travail/s4InfoAtelier4/atelier4_wrapper/hw/atelier4_wrapper.xsa
TRACE::2023-01-23.14:53:48::SCWPlatform::DSA directory C:/Travail/s4InfoAtelier4/atelier4_wrapper/hw
TRACE::2023-01-23.14:53:48::SCWPlatform:: Platform Path C:/Travail/s4InfoAtelier4/atelier4_wrapper/hw/atelier4_wrapper.xsa
TRACE::2023-01-23.14:53:48::SCWPlatform:: Unique name xilinx:zybo-z7-10::0.0
TRACE::2023-01-23.14:53:48::SCWPlatform::Trying to set the existing hwdb with name atelier4_wrapper_2
TRACE::2023-01-23.14:53:48::SCWPlatform::Opened existing hwdb atelier4_wrapper_2
TRACE::2023-01-23.14:53:48::SCWPlatform::Found the Hw Db part of the input DSA
TRACE::2023-01-23.14:53:48::SCWPlatform::Trying to open the hw design at C:/Travail/s4InfoAtelier4/atelier4_wrapper/hw/atelier4_wrapper.xsa
TRACE::2023-01-23.14:53:48::SCWPlatform::DSA given C:/Travail/s4InfoAtelier4/atelier4_wrapper/hw/atelier4_wrapper.xsa
TRACE::2023-01-23.14:53:48::SCWPlatform::DSA absoulate path C:/Travail/s4InfoAtelier4/atelier4_wrapper/hw/atelier4_wrapper.xsa
TRACE::2023-01-23.14:53:48::SCWPlatform::DSA directory C:/Travail/s4InfoAtelier4/atelier4_wrapper/hw
TRACE::2023-01-23.14:53:48::SCWPlatform:: Platform Path C:/Travail/s4InfoAtelier4/atelier4_wrapper/hw/atelier4_wrapper.xsa
TRACE::2023-01-23.14:53:48::SCWPlatform:: Unique name xilinx:zybo-z7-10::0.0
TRACE::2023-01-23.14:53:48::SCWPlatform::Trying to set the existing hwdb with name atelier4_wrapper_2
TRACE::2023-01-23.14:53:48::SCWPlatform::Opened existing hwdb atelier4_wrapper_2
TRACE::2023-01-23.14:53:48::SCWPlatform::Found the Hw Db part of the input DSA
TRACE::2023-01-23.14:53:48::SCWReader::Boot application domain added for zynq_fsbl
TRACE::2023-01-23.14:53:48::SCWPlatform::Trying to open the hw design at C:/Travail/s4InfoAtelier4/atelier4_wrapper/hw/atelier4_wrapper.xsa
TRACE::2023-01-23.14:53:48::SCWPlatform::DSA given C:/Travail/s4InfoAtelier4/atelier4_wrapper/hw/atelier4_wrapper.xsa
TRACE::2023-01-23.14:53:48::SCWPlatform::DSA absoulate path C:/Travail/s4InfoAtelier4/atelier4_wrapper/hw/atelier4_wrapper.xsa
TRACE::2023-01-23.14:53:48::SCWPlatform::DSA directory C:/Travail/s4InfoAtelier4/atelier4_wrapper/hw
TRACE::2023-01-23.14:53:48::SCWPlatform:: Platform Path C:/Travail/s4InfoAtelier4/atelier4_wrapper/hw/atelier4_wrapper.xsa
TRACE::2023-01-23.14:53:48::SCWPlatform:: Unique name xilinx:zybo-z7-10::0.0
TRACE::2023-01-23.14:53:48::SCWPlatform::Trying to set the existing hwdb with name atelier4_wrapper_2
TRACE::2023-01-23.14:53:48::SCWPlatform::Opened existing hwdb atelier4_wrapper_2
TRACE::2023-01-23.14:53:48::SCWPlatform::Found the Hw Db part of the input DSA
TRACE::2023-01-23.14:53:48::SCWMssOS::Checking the sw design at  C:/Travail/s4InfoAtelier4/atelier4_wrapper/zynq_fsbl/zynq_fsbl_bsp/system.mss
TRACE::2023-01-23.14:53:48::SCWMssOS::DEBUG:  swdes dump  
TRACE::2023-01-23.14:53:48::SCWMssOS::No sw design opened at  C:/Travail/s4InfoAtelier4/atelier4_wrapper/zynq_fsbl/zynq_fsbl_bsp/system.mss
TRACE::2023-01-23.14:53:48::SCWMssOS::mss exists loading the mss file  C:/Travail/s4InfoAtelier4/atelier4_wrapper/zynq_fsbl/zynq_fsbl_bsp/system.mss
TRACE::2023-01-23.14:53:48::SCWMssOS::Opened the sw design from mss  C:/Travail/s4InfoAtelier4/atelier4_wrapper/zynq_fsbl/zynq_fsbl_bsp/system.mss
TRACE::2023-01-23.14:53:48::SCWMssOS::Adding the swdes entry C:/Travail/s4InfoAtelier4/atelier4_wrapper/zynq_fsbl/zynq_fsbl_bsp/system.mss with des name system
TRACE::2023-01-23.14:53:48::SCWMssOS::updating the scw layer about changes
TRACE::2023-01-23.14:53:48::SCWMssOS::Opened the sw design.  C:/Travail/s4InfoAtelier4/atelier4_wrapper/zynq_fsbl/zynq_fsbl_bsp/system.mss
TRACE::2023-01-23.14:53:48::SCWPlatform::Trying to open the hw design at C:/Travail/s4InfoAtelier4/atelier4_wrapper/hw/atelier4_wrapper.xsa
TRACE::2023-01-23.14:53:48::SCWPlatform::DSA given C:/Travail/s4InfoAtelier4/atelier4_wrapper/hw/atelier4_wrapper.xsa
TRACE::2023-01-23.14:53:48::SCWPlatform::DSA absoulate path C:/Travail/s4InfoAtelier4/atelier4_wrapper/hw/atelier4_wrapper.xsa
TRACE::2023-01-23.14:53:48::SCWPlatform::DSA directory C:/Travail/s4InfoAtelier4/atelier4_wrapper/hw
TRACE::2023-01-23.14:53:48::SCWPlatform:: Platform Path C:/Travail/s4InfoAtelier4/atelier4_wrapper/hw/atelier4_wrapper.xsa
TRACE::2023-01-23.14:53:48::SCWPlatform:: Unique name xilinx:zybo-z7-10::0.0
TRACE::2023-01-23.14:53:48::SCWPlatform::Trying to set the existing hwdb with name atelier4_wrapper_2
TRACE::2023-01-23.14:53:48::SCWPlatform::Opened existing hwdb atelier4_wrapper_2
TRACE::2023-01-23.14:53:48::SCWPlatform::Found the Hw Db part of the input DSA
TRACE::2023-01-23.14:53:48::SCWMssOS::Checking the sw design at  C:/Travail/s4InfoAtelier4/atelier4_wrapper/zynq_fsbl/zynq_fsbl_bsp/system.mss
TRACE::2023-01-23.14:53:48::SCWMssOS::DEBUG:  swdes dump  C:/Travail/s4InfoAtelier4/atelier4_wrapper/zynq_fsbl/zynq_fsbl_bsp/system.mss|system||

TRACE::2023-01-23.14:53:48::SCWMssOS::Sw design exists and opened at  C:/Travail/s4InfoAtelier4/atelier4_wrapper/zynq_fsbl/zynq_fsbl_bsp/system.mss
TRACE::2023-01-23.14:53:48::SCWMssOS:: library already available in sw design:  xilffs:4.4
TRACE::2023-01-23.14:53:48::SCWPlatform::Trying to open the hw design at C:/Travail/s4InfoAtelier4/atelier4_wrapper/hw/atelier4_wrapper.xsa
TRACE::2023-01-23.14:53:48::SCWPlatform::DSA given C:/Travail/s4InfoAtelier4/atelier4_wrapper/hw/atelier4_wrapper.xsa
TRACE::2023-01-23.14:53:48::SCWPlatform::DSA absoulate path C:/Travail/s4InfoAtelier4/atelier4_wrapper/hw/atelier4_wrapper.xsa
TRACE::2023-01-23.14:53:48::SCWPlatform::DSA directory C:/Travail/s4InfoAtelier4/atelier4_wrapper/hw
TRACE::2023-01-23.14:53:48::SCWPlatform:: Platform Path C:/Travail/s4InfoAtelier4/atelier4_wrapper/hw/atelier4_wrapper.xsa
TRACE::2023-01-23.14:53:48::SCWPlatform:: Unique name xilinx:zybo-z7-10::0.0
TRACE::2023-01-23.14:53:48::SCWPlatform::Trying to set the existing hwdb with name atelier4_wrapper_2
TRACE::2023-01-23.14:53:48::SCWPlatform::Opened existing hwdb atelier4_wrapper_2
TRACE::2023-01-23.14:53:48::SCWPlatform::Found the Hw Db part of the input DSA
TRACE::2023-01-23.14:53:48::SCWMssOS::Checking the sw design at  C:/Travail/s4InfoAtelier4/atelier4_wrapper/zynq_fsbl/zynq_fsbl_bsp/system.mss
TRACE::2023-01-23.14:53:48::SCWMssOS::DEBUG:  swdes dump  C:/Travail/s4InfoAtelier4/atelier4_wrapper/zynq_fsbl/zynq_fsbl_bsp/system.mss|system||

TRACE::2023-01-23.14:53:48::SCWMssOS::Sw design exists and opened at  C:/Travail/s4InfoAtelier4/atelier4_wrapper/zynq_fsbl/zynq_fsbl_bsp/system.mss
TRACE::2023-01-23.14:53:48::SCWMssOS:: library already available in sw design:  xilrsa:1.6
TRACE::2023-01-23.14:53:48::SCWMssOS::Saving the mss changes C:/Travail/s4InfoAtelier4/atelier4_wrapper/zynq_fsbl/zynq_fsbl_bsp/system.mss
TRACE::2023-01-23.14:53:48::SCWMssOS::Found a swdesign opened with the mssfile.
TRACE::2023-01-23.14:53:48::SCWMssOS::Completed writemss as part of save.
TRACE::2023-01-23.14:53:48::SCWMssOS::Commit changes completed.
TRACE::2023-01-23.14:53:48::SCWReader::Adding prebuilt librarypaths as   
TRACE::2023-01-23.14:53:48::SCWReader::Adding prebuilt incpaths  as   
TRACE::2023-01-23.14:53:48::SCWPlatform::Trying to open the hw design at C:/Travail/s4InfoAtelier4/atelier4_wrapper/hw/atelier4_wrapper.xsa
TRACE::2023-01-23.14:53:48::SCWPlatform::DSA given C:/Travail/s4InfoAtelier4/atelier4_wrapper/hw/atelier4_wrapper.xsa
TRACE::2023-01-23.14:53:48::SCWPlatform::DSA absoulate path C:/Travail/s4InfoAtelier4/atelier4_wrapper/hw/atelier4_wrapper.xsa
TRACE::2023-01-23.14:53:48::SCWPlatform::DSA directory C:/Travail/s4InfoAtelier4/atelier4_wrapper/hw
TRACE::2023-01-23.14:53:48::SCWPlatform:: Platform Path C:/Travail/s4InfoAtelier4/atelier4_wrapper/hw/atelier4_wrapper.xsa
TRACE::2023-01-23.14:53:48::SCWPlatform:: Unique name xilinx:zybo-z7-10::0.0
TRACE::2023-01-23.14:53:48::SCWPlatform::Trying to set the existing hwdb with name atelier4_wrapper_2
TRACE::2023-01-23.14:53:48::SCWPlatform::Opened existing hwdb atelier4_wrapper_2
TRACE::2023-01-23.14:53:48::SCWPlatform::Found the Hw Db part of the input DSA
TRACE::2023-01-23.14:53:48::SCWMssOS::Checking the sw design at  C:/Travail/s4InfoAtelier4/atelier4_wrapper/zynq_fsbl/zynq_fsbl_bsp/system.mss
TRACE::2023-01-23.14:53:48::SCWMssOS::DEBUG:  swdes dump  C:/Travail/s4InfoAtelier4/atelier4_wrapper/zynq_fsbl/zynq_fsbl_bsp/system.mss|system||

TRACE::2023-01-23.14:53:48::SCWMssOS::Sw design exists and opened at  C:/Travail/s4InfoAtelier4/atelier4_wrapper/zynq_fsbl/zynq_fsbl_bsp/system.mss
TRACE::2023-01-23.14:53:48::SCWReader::No isolation master present  
TRACE::2023-01-23.14:53:48::SCWDomain::checking for install qemu data   : 
TRACE::2023-01-23.14:53:48::SCWDomain:: Using the QEMU Data from install at  : C:/Xilinx/Vitis/2020.2/data/emulation/platforms/zynq/sw/a9_standalone/qemu/
TRACE::2023-01-23.14:53:48::SCWDomain:: Using the QEMU args  from install at  : C:/Xilinx/Vitis/2020.2/data/emulation/platforms/zynq/sw/a9_standalone/qemu/qemu_args.txt
TRACE::2023-01-23.14:53:48::SCWPlatform::Trying to open the hw design at C:/Travail/s4InfoAtelier4/atelier4_wrapper/hw/atelier4_wrapper.xsa
TRACE::2023-01-23.14:53:48::SCWPlatform::DSA given C:/Travail/s4InfoAtelier4/atelier4_wrapper/hw/atelier4_wrapper.xsa
TRACE::2023-01-23.14:53:48::SCWPlatform::DSA absoulate path C:/Travail/s4InfoAtelier4/atelier4_wrapper/hw/atelier4_wrapper.xsa
TRACE::2023-01-23.14:53:48::SCWPlatform::DSA directory C:/Travail/s4InfoAtelier4/atelier4_wrapper/hw
TRACE::2023-01-23.14:53:48::SCWPlatform:: Platform Path C:/Travail/s4InfoAtelier4/atelier4_wrapper/hw/atelier4_wrapper.xsa
TRACE::2023-01-23.14:53:48::SCWPlatform:: Unique name xilinx:zybo-z7-10::0.0
TRACE::2023-01-23.14:53:48::SCWPlatform::Trying to set the existing hwdb with name atelier4_wrapper_2
TRACE::2023-01-23.14:53:48::SCWPlatform::Opened existing hwdb atelier4_wrapper_2
TRACE::2023-01-23.14:53:48::SCWPlatform::Found the Hw Db part of the input DSA
TRACE::2023-01-23.14:53:48::SCWPlatform::Trying to open the hw design at C:/Travail/s4InfoAtelier4/atelier4_wrapper/hw/atelier4_wrapper.xsa
TRACE::2023-01-23.14:53:48::SCWPlatform::DSA given C:/Travail/s4InfoAtelier4/atelier4_wrapper/hw/atelier4_wrapper.xsa
TRACE::2023-01-23.14:53:48::SCWPlatform::DSA absoulate path C:/Travail/s4InfoAtelier4/atelier4_wrapper/hw/atelier4_wrapper.xsa
TRACE::2023-01-23.14:53:48::SCWPlatform::DSA directory C:/Travail/s4InfoAtelier4/atelier4_wrapper/hw
TRACE::2023-01-23.14:53:48::SCWPlatform:: Platform Path C:/Travail/s4InfoAtelier4/atelier4_wrapper/hw/atelier4_wrapper.xsa
TRACE::2023-01-23.14:53:48::SCWPlatform:: Unique name xilinx:zybo-z7-10::0.0
TRACE::2023-01-23.14:53:48::SCWPlatform::Trying to set the existing hwdb with name atelier4_wrapper_2
TRACE::2023-01-23.14:53:48::SCWPlatform::Opened existing hwdb atelier4_wrapper_2
TRACE::2023-01-23.14:53:48::SCWPlatform::Found the Hw Db part of the input DSA
TRACE::2023-01-23.14:53:48::SCWPlatform::Trying to open the hw design at C:/Travail/s4InfoAtelier4/atelier4_wrapper/hw/atelier4_wrapper.xsa
TRACE::2023-01-23.14:53:48::SCWPlatform::DSA given C:/Travail/s4InfoAtelier4/atelier4_wrapper/hw/atelier4_wrapper.xsa
TRACE::2023-01-23.14:53:48::SCWPlatform::DSA absoulate path C:/Travail/s4InfoAtelier4/atelier4_wrapper/hw/atelier4_wrapper.xsa
TRACE::2023-01-23.14:53:48::SCWPlatform::DSA directory C:/Travail/s4InfoAtelier4/atelier4_wrapper/hw
TRACE::2023-01-23.14:53:48::SCWPlatform:: Platform Path C:/Travail/s4InfoAtelier4/atelier4_wrapper/hw/atelier4_wrapper.xsa
TRACE::2023-01-23.14:53:48::SCWPlatform:: Unique name xilinx:zybo-z7-10::0.0
TRACE::2023-01-23.14:53:48::SCWPlatform::Trying to set the existing hwdb with name atelier4_wrapper_2
TRACE::2023-01-23.14:53:48::SCWPlatform::Opened existing hwdb atelier4_wrapper_2
TRACE::2023-01-23.14:53:48::SCWPlatform::Found the Hw Db part of the input DSA
TRACE::2023-01-23.14:53:48::SCWMssOS::Checking the sw design at  C:/Travail/s4InfoAtelier4/atelier4_wrapper/ps7_cortexa9_0/standalone_ps7_cortexa9_0/bsp/system.mss
TRACE::2023-01-23.14:53:48::SCWMssOS::DEBUG:  swdes dump  C:/Travail/s4InfoAtelier4/atelier4_wrapper/zynq_fsbl/zynq_fsbl_bsp/system.mss|system||

TRACE::2023-01-23.14:53:48::SCWMssOS::No sw design opened at  C:/Travail/s4InfoAtelier4/atelier4_wrapper/ps7_cortexa9_0/standalone_ps7_cortexa9_0/bsp/system.mss
TRACE::2023-01-23.14:53:48::SCWMssOS::mss exists loading the mss file  C:/Travail/s4InfoAtelier4/atelier4_wrapper/ps7_cortexa9_0/standalone_ps7_cortexa9_0/bsp/system.mss
TRACE::2023-01-23.14:53:48::SCWMssOS::Opened the sw design from mss  C:/Travail/s4InfoAtelier4/atelier4_wrapper/ps7_cortexa9_0/standalone_ps7_cortexa9_0/bsp/system.mss
TRACE::2023-01-23.14:53:48::SCWMssOS::Adding the swdes entry C:/Travail/s4InfoAtelier4/atelier4_wrapper/ps7_cortexa9_0/standalone_ps7_cortexa9_0/bsp/system.mss with des name system_0
TRACE::2023-01-23.14:53:48::SCWMssOS::updating the scw layer about changes
TRACE::2023-01-23.14:53:48::SCWMssOS::Opened the sw design.  C:/Travail/s4InfoAtelier4/atelier4_wrapper/ps7_cortexa9_0/standalone_ps7_cortexa9_0/bsp/system.mss
TRACE::2023-01-23.14:53:48::SCWMssOS::Saving the mss changes C:/Travail/s4InfoAtelier4/atelier4_wrapper/ps7_cortexa9_0/standalone_ps7_cortexa9_0/bsp/system.mss
TRACE::2023-01-23.14:53:48::SCWMssOS::Found a swdesign opened with the mssfile.
TRACE::2023-01-23.14:53:48::SCWMssOS::Completed writemss as part of save.
TRACE::2023-01-23.14:53:48::SCWMssOS::Commit changes completed.
TRACE::2023-01-23.14:53:48::SCWReader::Adding prebuilt librarypaths as   
TRACE::2023-01-23.14:53:48::SCWReader::Adding prebuilt incpaths  as   
TRACE::2023-01-23.14:53:48::SCWPlatform::Trying to open the hw design at C:/Travail/s4InfoAtelier4/atelier4_wrapper/hw/atelier4_wrapper.xsa
TRACE::2023-01-23.14:53:48::SCWPlatform::DSA given C:/Travail/s4InfoAtelier4/atelier4_wrapper/hw/atelier4_wrapper.xsa
TRACE::2023-01-23.14:53:48::SCWPlatform::DSA absoulate path C:/Travail/s4InfoAtelier4/atelier4_wrapper/hw/atelier4_wrapper.xsa
TRACE::2023-01-23.14:53:48::SCWPlatform::DSA directory C:/Travail/s4InfoAtelier4/atelier4_wrapper/hw
TRACE::2023-01-23.14:53:48::SCWPlatform:: Platform Path C:/Travail/s4InfoAtelier4/atelier4_wrapper/hw/atelier4_wrapper.xsa
TRACE::2023-01-23.14:53:48::SCWPlatform:: Unique name xilinx:zybo-z7-10::0.0
TRACE::2023-01-23.14:53:48::SCWPlatform::Trying to set the existing hwdb with name atelier4_wrapper_2
TRACE::2023-01-23.14:53:48::SCWPlatform::Opened existing hwdb atelier4_wrapper_2
TRACE::2023-01-23.14:53:48::SCWPlatform::Found the Hw Db part of the input DSA
TRACE::2023-01-23.14:53:48::SCWMssOS::Checking the sw design at  C:/Travail/s4InfoAtelier4/atelier4_wrapper/ps7_cortexa9_0/standalone_ps7_cortexa9_0/bsp/system.mss
TRACE::2023-01-23.14:53:48::SCWMssOS::DEBUG:  swdes dump  C:/Travail/s4InfoAtelier4/atelier4_wrapper/ps7_cortexa9_0/standalone_ps7_cortexa9_0/bsp/system.mss|system_0||
C:/Travail/s4InfoAtelier4/atelier4_wrapper/zynq_fsbl/zynq_fsbl_bsp/system.mss|system||

TRACE::2023-01-23.14:53:48::SCWMssOS::Sw design exists and opened at  C:/Travail/s4InfoAtelier4/atelier4_wrapper/ps7_cortexa9_0/standalone_ps7_cortexa9_0/bsp/system.mss
TRACE::2023-01-23.14:53:48::SCWReader::No isolation master present  
LOG::2023-01-23.15:12:12::SCWPlatform::Started generating the artifacts platform atelier4_wrapper
TRACE::2023-01-23.15:12:12::SCWPlatform::Sanity checking of platform is completed
LOG::2023-01-23.15:12:12::SCWPlatform::Started generating the artifacts for system configuration atelier4_wrapper
LOG::2023-01-23.15:12:12::SCWSystem::Checking the domain zynq_fsbl
LOG::2023-01-23.15:12:12::SCWSystem::Doing application build for :  zynq_fsbl
TRACE::2023-01-23.15:12:12::SCWBDomain::Not a forced makefile updation, No changes are present. 
TRACE::2023-01-23.15:12:12::SCWDomain::Building the domain as part of full build :  zynq_fsbl
TRACE::2023-01-23.15:12:12::SCWPlatform::Trying to open the hw design at C:/Travail/s4InfoAtelier4/atelier4_wrapper/hw/atelier4_wrapper.xsa
TRACE::2023-01-23.15:12:12::SCWPlatform::DSA given C:/Travail/s4InfoAtelier4/atelier4_wrapper/hw/atelier4_wrapper.xsa
TRACE::2023-01-23.15:12:12::SCWPlatform::DSA absoulate path C:/Travail/s4InfoAtelier4/atelier4_wrapper/hw/atelier4_wrapper.xsa
TRACE::2023-01-23.15:12:12::SCWPlatform::DSA directory C:/Travail/s4InfoAtelier4/atelier4_wrapper/hw
TRACE::2023-01-23.15:12:12::SCWPlatform:: Platform Path C:/Travail/s4InfoAtelier4/atelier4_wrapper/hw/atelier4_wrapper.xsa
TRACE::2023-01-23.15:12:12::SCWPlatform:: Unique name xilinx:zybo-z7-10::0.0
TRACE::2023-01-23.15:12:12::SCWPlatform::Trying to set the existing hwdb with name atelier4_wrapper_2
TRACE::2023-01-23.15:12:12::SCWPlatform::Opened existing hwdb atelier4_wrapper_2
TRACE::2023-01-23.15:12:12::SCWPlatform::Found the Hw Db part of the input DSA
TRACE::2023-01-23.15:12:12::SCWMssOS::Checking the sw design at  C:/Travail/s4InfoAtelier4/atelier4_wrapper/zynq_fsbl/zynq_fsbl_bsp/system.mss
TRACE::2023-01-23.15:12:12::SCWMssOS::DEBUG:  swdes dump  C:/Travail/s4InfoAtelier4/atelier4_wrapper/ps7_cortexa9_0/standalone_ps7_cortexa9_0/bsp/system.mss|system_0||
C:/Travail/s4InfoAtelier4/atelier4_wrapper/zynq_fsbl/zynq_fsbl_bsp/system.mss|system||

TRACE::2023-01-23.15:12:12::SCWMssOS::Sw design exists and opened at  C:/Travail/s4InfoAtelier4/atelier4_wrapper/zynq_fsbl/zynq_fsbl_bsp/system.mss
TRACE::2023-01-23.15:12:12::SCWBDomain::Completed writing the mss file at C:/Travail/s4InfoAtelier4/atelier4_wrapper/zynq_fsbl/zynq_fsbl_bsp
TRACE::2023-01-23.15:12:12::SCWBDomain::bsp generated is upto date with the mss file. Skipping bsp generation.
TRACE::2023-01-23.15:12:12::SCWBDomain::Not a forced makefile updation, No changes are present. 
TRACE::2023-01-23.15:12:12::SCWBDomain::System Command Ran  C:&  cd  C:/Travail/s4InfoAtelier4/atelier4_wrapper/zynq_fsbl& make -C  zynq_fsbl_bsp & make 
TRACE::2023-01-23.15:12:12::SCWBDomain::make: Entering directory 'C:/Travail/s4InfoAtelier4/atelier4_wrapper/zynq_fsbl/zynq_fsbl_bsp'

TRACE::2023-01-23.15:12:12::SCWBDomain::make --no-print-directory seq_libs

TRACE::2023-01-23.15:12:13::SCWBDomain::"Running Make include in ps7_cortexa9_0/libsrc/axis_switch_v1_4/src"

TRACE::2023-01-23.15:12:13::SCWBDomain::make -C ps7_cortexa9_0/libsrc/axis_switch_v1_4/src -s include  "SHELL=CMD" "COMPILER=arm-none-eabi-gcc" "ASSEMBLER=arm-none-eab
TRACE::2023-01-23.15:12:13::SCWBDomain::i-as" "ARCHIVER=arm-none-eabi-ar" "COMPILER_FLAGS=  -O2 -c" "EXTRA_COMPILER_FLAGS=-mcpu=cortex-a9 -mfpu=vfpv3 -mfloat-abi=hard 
TRACE::2023-01-23.15:12:13::SCWBDomain::-nostartfiles -g -Wall -Wextra"

TRACE::2023-01-23.15:12:13::SCWBDomain::"Running Make include in ps7_cortexa9_0/libsrc/axivdma_v6_8/src"

TRACE::2023-01-23.15:12:13::SCWBDomain::make -C ps7_cortexa9_0/libsrc/axivdma_v6_8/src -s include  "SHELL=CMD" "COMPILER=arm-none-eabi-gcc" "ASSEMBLER=arm-none-eabi-as
TRACE::2023-01-23.15:12:13::SCWBDomain::" "ARCHIVER=arm-none-eabi-ar" "COMPILER_FLAGS=  -O2 -c" "EXTRA_COMPILER_FLAGS=-mcpu=cortex-a9 -mfpu=vfpv3 -mfloat-abi=hard -nos
TRACE::2023-01-23.15:12:13::SCWBDomain::tartfiles -g -Wall -Wextra"

TRACE::2023-01-23.15:12:13::SCWBDomain::"Running Make include in ps7_cortexa9_0/libsrc/coresightps_dcc_v1_8/src"

TRACE::2023-01-23.15:12:13::SCWBDomain::make -C ps7_cortexa9_0/libsrc/coresightps_dcc_v1_8/src -s include  "SHELL=CMD" "COMPILER=arm-none-eabi-gcc" "ASSEMBLER=arm-none
TRACE::2023-01-23.15:12:13::SCWBDomain::-eabi-as" "ARCHIVER=arm-none-eabi-ar" "COMPILER_FLAGS=  -O2 -c" "EXTRA_COMPILER_FLAGS=-mcpu=cortex-a9 -mfpu=vfpv3 -mfloat-abi=h
TRACE::2023-01-23.15:12:13::SCWBDomain::ard -nostartfiles -g -Wall -Wextra"

TRACE::2023-01-23.15:12:13::SCWBDomain::"Running Make include in ps7_cortexa9_0/libsrc/cpu_cortexa9_v2_10/src"

TRACE::2023-01-23.15:12:13::SCWBDomain::make -C ps7_cortexa9_0/libsrc/cpu_cortexa9_v2_10/src -s include  "SHELL=CMD" "COMPILER=arm-none-eabi-gcc" "ASSEMBLER=arm-none-e
TRACE::2023-01-23.15:12:13::SCWBDomain::abi-as" "ARCHIVER=arm-none-eabi-ar" "COMPILER_FLAGS=  -O2 -c" "EXTRA_COMPILER_FLAGS=-mcpu=cortex-a9 -mfpu=vfpv3 -mfloat-abi=har
TRACE::2023-01-23.15:12:13::SCWBDomain::d -nostartfiles -g -Wall -Wextra"

TRACE::2023-01-23.15:12:13::SCWBDomain::"Running Make include in ps7_cortexa9_0/libsrc/ddrps_v1_2/src"

TRACE::2023-01-23.15:12:13::SCWBDomain::make -C ps7_cortexa9_0/libsrc/ddrps_v1_2/src -s include  "SHELL=CMD" "COMPILER=arm-none-eabi-gcc" "ASSEMBLER=arm-none-eabi-as" 
TRACE::2023-01-23.15:12:13::SCWBDomain::"ARCHIVER=arm-none-eabi-ar" "COMPILER_FLAGS=  -O2 -c" "EXTRA_COMPILER_FLAGS=-mcpu=cortex-a9 -mfpu=vfpv3 -mfloat-abi=hard -nosta
TRACE::2023-01-23.15:12:13::SCWBDomain::rtfiles -g -Wall -Wextra"

TRACE::2023-01-23.15:12:13::SCWBDomain::"Running Make include in ps7_cortexa9_0/libsrc/devcfg_v3_7/src"

TRACE::2023-01-23.15:12:13::SCWBDomain::make -C ps7_cortexa9_0/libsrc/devcfg_v3_7/src -s include  "SHELL=CMD" "COMPILER=arm-none-eabi-gcc" "ASSEMBLER=arm-none-eabi-as"
TRACE::2023-01-23.15:12:13::SCWBDomain:: "ARCHIVER=arm-none-eabi-ar" "COMPILER_FLAGS=  -O2 -c" "EXTRA_COMPILER_FLAGS=-mcpu=cortex-a9 -mfpu=vfpv3 -mfloat-abi=hard -nost
TRACE::2023-01-23.15:12:13::SCWBDomain::artfiles -g -Wall -Wextra"

TRACE::2023-01-23.15:12:13::SCWBDomain::"Running Make include in ps7_cortexa9_0/libsrc/dmaps_v2_7/src"

TRACE::2023-01-23.15:12:13::SCWBDomain::make -C ps7_cortexa9_0/libsrc/dmaps_v2_7/src -s include  "SHELL=CMD" "COMPILER=arm-none-eabi-gcc" "ASSEMBLER=arm-none-eabi-as" 
TRACE::2023-01-23.15:12:13::SCWBDomain::"ARCHIVER=arm-none-eabi-ar" "COMPILER_FLAGS=  -O2 -c" "EXTRA_COMPILER_FLAGS=-mcpu=cortex-a9 -mfpu=vfpv3 -mfloat-abi=hard -nosta
TRACE::2023-01-23.15:12:13::SCWBDomain::rtfiles -g -Wall -Wextra"

TRACE::2023-01-23.15:12:13::SCWBDomain::"Running Make include in ps7_cortexa9_0/libsrc/emacps_v3_12/src"

TRACE::2023-01-23.15:12:13::SCWBDomain::make -C ps7_cortexa9_0/libsrc/emacps_v3_12/src -s include  "SHELL=CMD" "COMPILER=arm-none-eabi-gcc" "ASSEMBLER=arm-none-eabi-as
TRACE::2023-01-23.15:12:13::SCWBDomain::" "ARCHIVER=arm-none-eabi-ar" "COMPILER_FLAGS=  -O2 -c" "EXTRA_COMPILER_FLAGS=-mcpu=cortex-a9 -mfpu=vfpv3 -mfloat-abi=hard -nos
TRACE::2023-01-23.15:12:13::SCWBDomain::tartfiles -g -Wall -Wextra"

TRACE::2023-01-23.15:12:13::SCWBDomain::"Running Make include in ps7_cortexa9_0/libsrc/gpiops_v3_8/src"

TRACE::2023-01-23.15:12:13::SCWBDomain::make -C ps7_cortexa9_0/libsrc/gpiops_v3_8/src -s include  "SHELL=CMD" "COMPILER=arm-none-eabi-gcc" "ASSEMBLER=arm-none-eabi-as"
TRACE::2023-01-23.15:12:13::SCWBDomain:: "ARCHIVER=arm-none-eabi-ar" "COMPILER_FLAGS=  -O2 -c" "EXTRA_COMPILER_FLAGS=-mcpu=cortex-a9 -mfpu=vfpv3 -mfloat-abi=hard -nost
TRACE::2023-01-23.15:12:13::SCWBDomain::artfiles -g -Wall -Wextra"

TRACE::2023-01-23.15:12:13::SCWBDomain::"Running Make include in ps7_cortexa9_0/libsrc/gpio_v4_7/src"

TRACE::2023-01-23.15:12:13::SCWBDomain::make -C ps7_cortexa9_0/libsrc/gpio_v4_7/src -s include  "SHELL=CMD" "COMPILER=arm-none-eabi-gcc" "ASSEMBLER=arm-none-eabi-as" "
TRACE::2023-01-23.15:12:13::SCWBDomain::ARCHIVER=arm-none-eabi-ar" "COMPILER_FLAGS=  -O2 -c" "EXTRA_COMPILER_FLAGS=-mcpu=cortex-a9 -mfpu=vfpv3 -mfloat-abi=hard -nostar
TRACE::2023-01-23.15:12:13::SCWBDomain::tfiles -g -Wall -Wextra"

TRACE::2023-01-23.15:12:13::SCWBDomain::"Running Make include in ps7_cortexa9_0/libsrc/mycolorRegister_v1_0/src"

TRACE::2023-01-23.15:12:13::SCWBDomain::make -C ps7_cortexa9_0/libsrc/mycolorRegister_v1_0/src -s include  "SHELL=CMD" "COMPILER=arm-none-eabi-gcc" "ASSEMBLER=arm-none
TRACE::2023-01-23.15:12:13::SCWBDomain::-eabi-as" "ARCHIVER=arm-none-eabi-ar" "COMPILER_FLAGS=  -O2 -c" "EXTRA_COMPILER_FLAGS=-mcpu=cortex-a9 -mfpu=vfpv3 -mfloat-abi=h
TRACE::2023-01-23.15:12:13::SCWBDomain::ard -nostartfiles -g -Wall -Wextra"

TRACE::2023-01-23.15:12:13::SCWBDomain::"Running Make include in ps7_cortexa9_0/libsrc/pixelDataToVideoStream_v1_0/src"

TRACE::2023-01-23.15:12:13::SCWBDomain::make -C ps7_cortexa9_0/libsrc/pixelDataToVideoStream_v1_0/src -s include  "SHELL=CMD" "COMPILER=arm-none-eabi-gcc" "ASSEMBLER=a
TRACE::2023-01-23.15:12:13::SCWBDomain::rm-none-eabi-as" "ARCHIVER=arm-none-eabi-ar" "COMPILER_FLAGS=  -O2 -c" "EXTRA_COMPILER_FLAGS=-mcpu=cortex-a9 -mfpu=vfpv3 -mfloa
TRACE::2023-01-23.15:12:13::SCWBDomain::t-abi=hard -nostartfiles -g -Wall -Wextra"

TRACE::2023-01-23.15:12:13::SCWBDomain::"Running Make include in ps7_cortexa9_0/libsrc/qspips_v3_8/src"

TRACE::2023-01-23.15:12:13::SCWBDomain::make -C ps7_cortexa9_0/libsrc/qspips_v3_8/src -s include  "SHELL=CMD" "COMPILER=arm-none-eabi-gcc" "ASSEMBLER=arm-none-eabi-as"
TRACE::2023-01-23.15:12:13::SCWBDomain:: "ARCHIVER=arm-none-eabi-ar" "COMPILER_FLAGS=  -O2 -c" "EXTRA_COMPILER_FLAGS=-mcpu=cortex-a9 -mfpu=vfpv3 -mfloat-abi=hard -nost
TRACE::2023-01-23.15:12:13::SCWBDomain::artfiles -g -Wall -Wextra"

TRACE::2023-01-23.15:12:13::SCWBDomain::"Running Make include in ps7_cortexa9_0/libsrc/scugic_v4_3/src"

TRACE::2023-01-23.15:12:13::SCWBDomain::make -C ps7_cortexa9_0/libsrc/scugic_v4_3/src -s include  "SHELL=CMD" "COMPILER=arm-none-eabi-gcc" "ASSEMBLER=arm-none-eabi-as"
TRACE::2023-01-23.15:12:13::SCWBDomain:: "ARCHIVER=arm-none-eabi-ar" "COMPILER_FLAGS=  -O2 -c" "EXTRA_COMPILER_FLAGS=-mcpu=cortex-a9 -mfpu=vfpv3 -mfloat-abi=hard -nost
TRACE::2023-01-23.15:12:13::SCWBDomain::artfiles -g -Wall -Wextra"

TRACE::2023-01-23.15:12:14::SCWBDomain::"Running Make include in ps7_cortexa9_0/libsrc/scutimer_v2_3/src"

TRACE::2023-01-23.15:12:14::SCWBDomain::make -C ps7_cortexa9_0/libsrc/scutimer_v2_3/src -s include  "SHELL=CMD" "COMPILER=arm-none-eabi-gcc" "ASSEMBLER=arm-none-eabi-a
TRACE::2023-01-23.15:12:14::SCWBDomain::s" "ARCHIVER=arm-none-eabi-ar" "COMPILER_FLAGS=  -O2 -c" "EXTRA_COMPILER_FLAGS=-mcpu=cortex-a9 -mfpu=vfpv3 -mfloat-abi=hard -no
TRACE::2023-01-23.15:12:14::SCWBDomain::startfiles -g -Wall -Wextra"

TRACE::2023-01-23.15:12:14::SCWBDomain::"Running Make include in ps7_cortexa9_0/libsrc/scuwdt_v2_3/src"

TRACE::2023-01-23.15:12:14::SCWBDomain::make -C ps7_cortexa9_0/libsrc/scuwdt_v2_3/src -s include  "SHELL=CMD" "COMPILER=arm-none-eabi-gcc" "ASSEMBLER=arm-none-eabi-as"
TRACE::2023-01-23.15:12:14::SCWBDomain:: "ARCHIVER=arm-none-eabi-ar" "COMPILER_FLAGS=  -O2 -c" "EXTRA_COMPILER_FLAGS=-mcpu=cortex-a9 -mfpu=vfpv3 -mfloat-abi=hard -nost
TRACE::2023-01-23.15:12:14::SCWBDomain::artfiles -g -Wall -Wextra"

TRACE::2023-01-23.15:12:14::SCWBDomain::"Running Make include in ps7_cortexa9_0/libsrc/sdps_v3_10/src"

TRACE::2023-01-23.15:12:14::SCWBDomain::make -C ps7_cortexa9_0/libsrc/sdps_v3_10/src -s include  "SHELL=CMD" "COMPILER=arm-none-eabi-gcc" "ASSEMBLER=arm-none-eabi-as" 
TRACE::2023-01-23.15:12:14::SCWBDomain::"ARCHIVER=arm-none-eabi-ar" "COMPILER_FLAGS=  -O2 -c" "EXTRA_COMPILER_FLAGS=-mcpu=cortex-a9 -mfpu=vfpv3 -mfloat-abi=hard -nosta
TRACE::2023-01-23.15:12:14::SCWBDomain::rtfiles -g -Wall -Wextra"

TRACE::2023-01-23.15:12:14::SCWBDomain::"Running Make include in ps7_cortexa9_0/libsrc/standalone_v7_3/src"

TRACE::2023-01-23.15:12:14::SCWBDomain::make -C ps7_cortexa9_0/libsrc/standalone_v7_3/src -s include  "SHELL=CMD" "COMPILER=arm-none-eabi-gcc" "ASSEMBLER=arm-none-eabi
TRACE::2023-01-23.15:12:14::SCWBDomain::-as" "ARCHIVER=arm-none-eabi-ar" "COMPILER_FLAGS=  -O2 -c" "EXTRA_COMPILER_FLAGS=-mcpu=cortex-a9 -mfpu=vfpv3 -mfloat-abi=hard -
TRACE::2023-01-23.15:12:14::SCWBDomain::nostartfiles -g -Wall -Wextra"

TRACE::2023-01-23.15:12:14::SCWBDomain::"Running Make include in ps7_cortexa9_0/libsrc/uartps_v3_10/src"

TRACE::2023-01-23.15:12:14::SCWBDomain::make -C ps7_cortexa9_0/libsrc/uartps_v3_10/src -s include  "SHELL=CMD" "COMPILER=arm-none-eabi-gcc" "ASSEMBLER=arm-none-eabi-as
TRACE::2023-01-23.15:12:14::SCWBDomain::" "ARCHIVER=arm-none-eabi-ar" "COMPILER_FLAGS=  -O2 -c" "EXTRA_COMPILER_FLAGS=-mcpu=cortex-a9 -mfpu=vfpv3 -mfloat-abi=hard -nos
TRACE::2023-01-23.15:12:14::SCWBDomain::tartfiles -g -Wall -Wextra"

TRACE::2023-01-23.15:12:14::SCWBDomain::"Running Make include in ps7_cortexa9_0/libsrc/usbps_v2_6/src"

TRACE::2023-01-23.15:12:14::SCWBDomain::make -C ps7_cortexa9_0/libsrc/usbps_v2_6/src -s include  "SHELL=CMD" "COMPILER=arm-none-eabi-gcc" "ASSEMBLER=arm-none-eabi-as" 
TRACE::2023-01-23.15:12:14::SCWBDomain::"ARCHIVER=arm-none-eabi-ar" "COMPILER_FLAGS=  -O2 -c" "EXTRA_COMPILER_FLAGS=-mcpu=cortex-a9 -mfpu=vfpv3 -mfloat-abi=hard -nosta
TRACE::2023-01-23.15:12:14::SCWBDomain::rtfiles -g -Wall -Wextra"

TRACE::2023-01-23.15:12:15::SCWBDomain::"Running Make include in ps7_cortexa9_0/libsrc/video_common_v4_10/src"

TRACE::2023-01-23.15:12:15::SCWBDomain::make -C ps7_cortexa9_0/libsrc/video_common_v4_10/src -s include  "SHELL=CMD" "COMPILER=arm-none-eabi-gcc" "ASSEMBLER=arm-none-e
TRACE::2023-01-23.15:12:15::SCWBDomain::abi-as" "ARCHIVER=arm-none-eabi-ar" "COMPILER_FLAGS=  -O2 -c" "EXTRA_COMPILER_FLAGS=-mcpu=cortex-a9 -mfpu=vfpv3 -mfloat-abi=har
TRACE::2023-01-23.15:12:15::SCWBDomain::d -nostartfiles -g -Wall -Wextra"

TRACE::2023-01-23.15:12:15::SCWBDomain::"Running Make include in ps7_cortexa9_0/libsrc/vprocss_v2_8/src"

TRACE::2023-01-23.15:12:15::SCWBDomain::make -C ps7_cortexa9_0/libsrc/vprocss_v2_8/src -s include  "SHELL=CMD" "COMPILER=arm-none-eabi-gcc" "ASSEMBLER=arm-none-eabi-as
TRACE::2023-01-23.15:12:15::SCWBDomain::" "ARCHIVER=arm-none-eabi-ar" "COMPILER_FLAGS=  -O2 -c" "EXTRA_COMPILER_FLAGS=-mcpu=cortex-a9 -mfpu=vfpv3 -mfloat-abi=hard -nos
TRACE::2023-01-23.15:12:15::SCWBDomain::tartfiles -g -Wall -Wextra"

TRACE::2023-01-23.15:12:15::SCWBDomain::"Running Make include in ps7_cortexa9_0/libsrc/v_csc_v2_5/src"

TRACE::2023-01-23.15:12:15::SCWBDomain::make -C ps7_cortexa9_0/libsrc/v_csc_v2_5/src -s include  "SHELL=CMD" "COMPILER=arm-none-eabi-gcc" "ASSEMBLER=arm-none-eabi-as" 
TRACE::2023-01-23.15:12:15::SCWBDomain::"ARCHIVER=arm-none-eabi-ar" "COMPILER_FLAGS=  -O2 -c" "EXTRA_COMPILER_FLAGS=-mcpu=cortex-a9 -mfpu=vfpv3 -mfloat-abi=hard -nosta
TRACE::2023-01-23.15:12:15::SCWBDomain::rtfiles -g -Wall -Wextra"

TRACE::2023-01-23.15:12:15::SCWBDomain::"Running Make include in ps7_cortexa9_0/libsrc/v_deinterlacer_v7_2/src"

TRACE::2023-01-23.15:12:15::SCWBDomain::make -C ps7_cortexa9_0/libsrc/v_deinterlacer_v7_2/src -s include  "SHELL=CMD" "COMPILER=arm-none-eabi-gcc" "ASSEMBLER=arm-none-
TRACE::2023-01-23.15:12:15::SCWBDomain::eabi-as" "ARCHIVER=arm-none-eabi-ar" "COMPILER_FLAGS=  -O2 -c" "EXTRA_COMPILER_FLAGS=-mcpu=cortex-a9 -mfpu=vfpv3 -mfloat-abi=ha
TRACE::2023-01-23.15:12:15::SCWBDomain::rd -nostartfiles -g -Wall -Wextra"

TRACE::2023-01-23.15:12:15::SCWBDomain::"Running Make include in ps7_cortexa9_0/libsrc/v_hcresampler_v3_2/src"

TRACE::2023-01-23.15:12:15::SCWBDomain::make -C ps7_cortexa9_0/libsrc/v_hcresampler_v3_2/src -s include  "SHELL=CMD" "COMPILER=arm-none-eabi-gcc" "ASSEMBLER=arm-none-e
TRACE::2023-01-23.15:12:15::SCWBDomain::abi-as" "ARCHIVER=arm-none-eabi-ar" "COMPILER_FLAGS=  -O2 -c" "EXTRA_COMPILER_FLAGS=-mcpu=cortex-a9 -mfpu=vfpv3 -mfloat-abi=har
TRACE::2023-01-23.15:12:15::SCWBDomain::d -nostartfiles -g -Wall -Wextra"

TRACE::2023-01-23.15:12:15::SCWBDomain::"Running Make include in ps7_cortexa9_0/libsrc/v_hscaler_v3_4/src"

TRACE::2023-01-23.15:12:15::SCWBDomain::make -C ps7_cortexa9_0/libsrc/v_hscaler_v3_4/src -s include  "SHELL=CMD" "COMPILER=arm-none-eabi-gcc" "ASSEMBLER=arm-none-eabi-
TRACE::2023-01-23.15:12:15::SCWBDomain::as" "ARCHIVER=arm-none-eabi-ar" "COMPILER_FLAGS=  -O2 -c" "EXTRA_COMPILER_FLAGS=-mcpu=cortex-a9 -mfpu=vfpv3 -mfloat-abi=hard -n
TRACE::2023-01-23.15:12:15::SCWBDomain::ostartfiles -g -Wall -Wextra"

TRACE::2023-01-23.15:12:15::SCWBDomain::"Running Make include in ps7_cortexa9_0/libsrc/v_letterbox_v2_3/src"

TRACE::2023-01-23.15:12:15::SCWBDomain::make -C ps7_cortexa9_0/libsrc/v_letterbox_v2_3/src -s include  "SHELL=CMD" "COMPILER=arm-none-eabi-gcc" "ASSEMBLER=arm-none-eab
TRACE::2023-01-23.15:12:15::SCWBDomain::i-as" "ARCHIVER=arm-none-eabi-ar" "COMPILER_FLAGS=  -O2 -c" "EXTRA_COMPILER_FLAGS=-mcpu=cortex-a9 -mfpu=vfpv3 -mfloat-abi=hard 
TRACE::2023-01-23.15:12:15::SCWBDomain::-nostartfiles -g -Wall -Wextra"

TRACE::2023-01-23.15:12:15::SCWBDomain::"Running Make include in ps7_cortexa9_0/libsrc/v_vcresampler_v3_2/src"

TRACE::2023-01-23.15:12:15::SCWBDomain::make -C ps7_cortexa9_0/libsrc/v_vcresampler_v3_2/src -s include  "SHELL=CMD" "COMPILER=arm-none-eabi-gcc" "ASSEMBLER=arm-none-e
TRACE::2023-01-23.15:12:15::SCWBDomain::abi-as" "ARCHIVER=arm-none-eabi-ar" "COMPILER_FLAGS=  -O2 -c" "EXTRA_COMPILER_FLAGS=-mcpu=cortex-a9 -mfpu=vfpv3 -mfloat-abi=har
TRACE::2023-01-23.15:12:15::SCWBDomain::d -nostartfiles -g -Wall -Wextra"

TRACE::2023-01-23.15:12:15::SCWBDomain::"Running Make include in ps7_cortexa9_0/libsrc/v_vscaler_v3_2/src"

TRACE::2023-01-23.15:12:15::SCWBDomain::make -C ps7_cortexa9_0/libsrc/v_vscaler_v3_2/src -s include  "SHELL=CMD" "COMPILER=arm-none-eabi-gcc" "ASSEMBLER=arm-none-eabi-
TRACE::2023-01-23.15:12:15::SCWBDomain::as" "ARCHIVER=arm-none-eabi-ar" "COMPILER_FLAGS=  -O2 -c" "EXTRA_COMPILER_FLAGS=-mcpu=cortex-a9 -mfpu=vfpv3 -mfloat-abi=hard -n
TRACE::2023-01-23.15:12:15::SCWBDomain::ostartfiles -g -Wall -Wextra"

TRACE::2023-01-23.15:12:15::SCWBDomain::"Running Make include in ps7_cortexa9_0/libsrc/xadcps_v2_5/src"

TRACE::2023-01-23.15:12:15::SCWBDomain::make -C ps7_cortexa9_0/libsrc/xadcps_v2_5/src -s include  "SHELL=CMD" "COMPILER=arm-none-eabi-gcc" "ASSEMBLER=arm-none-eabi-as"
TRACE::2023-01-23.15:12:15::SCWBDomain:: "ARCHIVER=arm-none-eabi-ar" "COMPILER_FLAGS=  -O2 -c" "EXTRA_COMPILER_FLAGS=-mcpu=cortex-a9 -mfpu=vfpv3 -mfloat-abi=hard -nost
TRACE::2023-01-23.15:12:15::SCWBDomain::artfiles -g -Wall -Wextra"

TRACE::2023-01-23.15:12:15::SCWBDomain::"Running Make include in ps7_cortexa9_0/libsrc/xilffs_v4_4/src"

TRACE::2023-01-23.15:12:15::SCWBDomain::make -C ps7_cortexa9_0/libsrc/xilffs_v4_4/src -s include  "SHELL=CMD" "COMPILER=arm-none-eabi-gcc" "ASSEMBLER=arm-none-eabi-as"
TRACE::2023-01-23.15:12:15::SCWBDomain:: "ARCHIVER=arm-none-eabi-ar" "COMPILER_FLAGS=  -O2 -c" "EXTRA_COMPILER_FLAGS=-mcpu=cortex-a9 -mfpu=vfpv3 -mfloat-abi=hard -nost
TRACE::2023-01-23.15:12:15::SCWBDomain::artfiles -g -Wall -Wextra"

TRACE::2023-01-23.15:12:15::SCWBDomain::"Running Make include in ps7_cortexa9_0/libsrc/xilrsa_v1_6/src"

TRACE::2023-01-23.15:12:15::SCWBDomain::make -C ps7_cortexa9_0/libsrc/xilrsa_v1_6/src -s include  "SHELL=CMD" "COMPILER=arm-none-eabi-gcc" "ASSEMBLER=arm-none-eabi-as"
TRACE::2023-01-23.15:12:15::SCWBDomain:: "ARCHIVER=arm-none-eabi-ar" "COMPILER_FLAGS=  -O2 -c" "EXTRA_COMPILER_FLAGS=-mcpu=cortex-a9 -mfpu=vfpv3 -mfloat-abi=hard -nost
TRACE::2023-01-23.15:12:15::SCWBDomain::artfiles -g -Wall -Wextra"

TRACE::2023-01-23.15:12:15::SCWBDomain::"Running Make libs in ps7_cortexa9_0/libsrc/mycolorRegister_v1_0/src"

TRACE::2023-01-23.15:12:15::SCWBDomain::make -C ps7_cortexa9_0/libsrc/mycolorRegister_v1_0/src -s libs  "SHELL=CMD" "COMPILER=arm-none-eabi-gcc" "ASSEMBLER=arm-none-ea
TRACE::2023-01-23.15:12:15::SCWBDomain::bi-as" "ARCHIVER=arm-none-eabi-ar" "COMPILER_FLAGS=  -O2 -c" "EXTRA_COMPILER_FLAGS=-mcpu=cortex-a9 -mfpu=vfpv3 -mfloat-abi=hard
TRACE::2023-01-23.15:12:15::SCWBDomain:: -nostartfiles -g -Wall -Wextra"

TRACE::2023-01-23.15:12:16::SCWBDomain::"Compiling mycolorRegister..."

TRACE::2023-01-23.15:12:16::SCWBDomain::"Running Make libs in ps7_cortexa9_0/libsrc/pixelDataToVideoStream_v1_0/src"

TRACE::2023-01-23.15:12:16::SCWBDomain::make -C ps7_cortexa9_0/libsrc/pixelDataToVideoStream_v1_0/src -s libs  "SHELL=CMD" "COMPILER=arm-none-eabi-gcc" "ASSEMBLER=arm-
TRACE::2023-01-23.15:12:16::SCWBDomain::none-eabi-as" "ARCHIVER=arm-none-eabi-ar" "COMPILER_FLAGS=  -O2 -c" "EXTRA_COMPILER_FLAGS=-mcpu=cortex-a9 -mfpu=vfpv3 -mfloat-a
TRACE::2023-01-23.15:12:16::SCWBDomain::bi=hard -nostartfiles -g -Wall -Wextra"

TRACE::2023-01-23.15:12:16::SCWBDomain::"Compiling pixelDataToVideoStream..."

TRACE::2023-01-23.15:12:16::SCWBDomain::"Running Make libs in ps7_cortexa9_0/libsrc/xilrsa_v1_6/src"

TRACE::2023-01-23.15:12:16::SCWBDomain::make -C ps7_cortexa9_0/libsrc/xilrsa_v1_6/src -s libs  "SHELL=CMD" "COMPILER=arm-none-eabi-gcc" "ASSEMBLER=arm-none-eabi-as" "A
TRACE::2023-01-23.15:12:16::SCWBDomain::RCHIVER=arm-none-eabi-ar" "COMPILER_FLAGS=  -O2 -c" "EXTRA_COMPILER_FLAGS=-mcpu=cortex-a9 -mfpu=vfpv3 -mfloat-abi=hard -nostart
TRACE::2023-01-23.15:12:16::SCWBDomain::files -g -Wall -Wextra"

TRACE::2023-01-23.15:12:16::SCWBDomain::'Finished building libraries sequentially.'

TRACE::2023-01-23.15:12:16::SCWBDomain::make -j --no-print-directory par_libs

TRACE::2023-01-23.15:12:16::SCWBDomain::"Running Make include in ps7_cortexa9_0/libsrc/axis_switch_v1_4/src"

TRACE::2023-01-23.15:12:16::SCWBDomain::make -C ps7_cortexa9_0/libsrc/axis_switch_v1_4/src -s include  "SHELL=CMD" "COMPILER=arm-none-eabi-gcc" "ASSEMBLER=arm-none-eab
TRACE::2023-01-23.15:12:16::SCWBDomain::i-as" "ARCHIVER=arm-none-eabi-ar" "COMPILER_FLAGS=  -O2 -c" "EXTRA_COMPILER_FLAGS=-mcpu=cortex-a9 -mfpu=vfpv3 -mfloat-abi=hard 
TRACE::2023-01-23.15:12:16::SCWBDomain::-nostartfiles -g -Wall -Wextra"

TRACE::2023-01-23.15:12:16::SCWBDomain::"Running Make include in ps7_cortexa9_0/libsrc/axivdma_v6_8/src"

TRACE::2023-01-23.15:12:16::SCWBDomain::make -C ps7_cortexa9_0/libsrc/axivdma_v6_8/src -s include  "SHELL=CMD" "COMPILER=arm-none-eabi-gcc" "ASSEMBLER=arm-none-eabi-as
TRACE::2023-01-23.15:12:16::SCWBDomain::" "ARCHIVER=arm-none-eabi-ar" "COMPILER_FLAGS=  -O2 -c" "EXTRA_COMPILER_FLAGS=-mcpu=cortex-a9 -mfpu=vfpv3 -mfloat-abi=hard -nos
TRACE::2023-01-23.15:12:16::SCWBDomain::tartfiles -g -Wall -Wextra"

TRACE::2023-01-23.15:12:16::SCWBDomain::"Running Make include in ps7_cortexa9_0/libsrc/coresightps_dcc_v1_8/src"

TRACE::2023-01-23.15:12:16::SCWBDomain::make -C ps7_cortexa9_0/libsrc/coresightps_dcc_v1_8/src -s include  "SHELL=CMD" "COMPILER=arm-none-eabi-gcc" "ASSEMBLER=arm-none
TRACE::2023-01-23.15:12:16::SCWBDomain::-eabi-as" "ARCHIVER=arm-none-eabi-ar" "COMPILER_FLAGS=  -O2 -c" "EXTRA_COMPILER_FLAGS=-mcpu=cortex-a9 -mfpu=vfpv3 -mfloat-abi=h
TRACE::2023-01-23.15:12:16::SCWBDomain::ard -nostartfiles -g -Wall -Wextra"

TRACE::2023-01-23.15:12:16::SCWBDomain::"Running Make include in ps7_cortexa9_0/libsrc/cpu_cortexa9_v2_10/src"

TRACE::2023-01-23.15:12:16::SCWBDomain::make -C ps7_cortexa9_0/libsrc/cpu_cortexa9_v2_10/src -s include  "SHELL=CMD" "COMPILER=arm-none-eabi-gcc" "ASSEMBLER=arm-none-e
TRACE::2023-01-23.15:12:16::SCWBDomain::abi-as" "ARCHIVER=arm-none-eabi-ar" "COMPILER_FLAGS=  -O2 -c" "EXTRA_COMPILER_FLAGS=-mcpu=cortex-a9 -mfpu=vfpv3 -mfloat-abi=har
TRACE::2023-01-23.15:12:16::SCWBDomain::d -nostartfiles -g -Wall -Wextra"

TRACE::2023-01-23.15:12:16::SCWBDomain::"Running Make include in ps7_cortexa9_0/libsrc/ddrps_v1_2/src"

TRACE::2023-01-23.15:12:16::SCWBDomain::make -C ps7_cortexa9_0/libsrc/ddrps_v1_2/src -s include  "SHELL=CMD" "COMPILER=arm-none-eabi-gcc" "ASSEMBLER=arm-none-eabi-as" 
TRACE::2023-01-23.15:12:16::SCWBDomain::"ARCHIVER=arm-none-eabi-ar" "COMPILER_FLAGS=  -O2 -c" "EXTRA_COMPILER_FLAGS=-mcpu=cortex-a9 -mfpu=vfpv3 -mfloat-abi=hard -nosta
TRACE::2023-01-23.15:12:16::SCWBDomain::rtfiles -g -Wall -Wextra"

TRACE::2023-01-23.15:12:16::SCWBDomain::"Running Make include in ps7_cortexa9_0/libsrc/devcfg_v3_7/src"

TRACE::2023-01-23.15:12:16::SCWBDomain::make -C ps7_cortexa9_0/libsrc/devcfg_v3_7/src -s include  "SHELL=CMD" "COMPILER=arm-none-eabi-gcc" "ASSEMBLER=arm-none-eabi-as"
TRACE::2023-01-23.15:12:16::SCWBDomain:: "ARCHIVER=arm-none-eabi-ar" "COMPILER_FLAGS=  -O2 -c" "EXTRA_COMPILER_FLAGS=-mcpu=cortex-a9 -mfpu=vfpv3 -mfloat-abi=hard -nost
TRACE::2023-01-23.15:12:16::SCWBDomain::artfiles -g -Wall -Wextra"

TRACE::2023-01-23.15:12:16::SCWBDomain::"Running Make include in ps7_cortexa9_0/libsrc/dmaps_v2_7/src"

TRACE::2023-01-23.15:12:16::SCWBDomain::make -C ps7_cortexa9_0/libsrc/dmaps_v2_7/src -s include  "SHELL=CMD" "COMPILER=arm-none-eabi-gcc" "ASSEMBLER=arm-none-eabi-as" 
TRACE::2023-01-23.15:12:16::SCWBDomain::"ARCHIVER=arm-none-eabi-ar" "COMPILER_FLAGS=  -O2 -c" "EXTRA_COMPILER_FLAGS=-mcpu=cortex-a9 -mfpu=vfpv3 -mfloat-abi=hard -nosta
TRACE::2023-01-23.15:12:16::SCWBDomain::rtfiles -g -Wall -Wextra"

TRACE::2023-01-23.15:12:16::SCWBDomain::"Running Make include in ps7_cortexa9_0/libsrc/emacps_v3_12/src"

TRACE::2023-01-23.15:12:16::SCWBDomain::make -C ps7_cortexa9_0/libsrc/emacps_v3_12/src -s include  "SHELL=CMD" "COMPILER=arm-none-eabi-gcc" "ASSEMBLER=arm-none-eabi-as
TRACE::2023-01-23.15:12:16::SCWBDomain::" "ARCHIVER=arm-none-eabi-ar" "COMPILER_FLAGS=  -O2 -c" "EXTRA_COMPILER_FLAGS=-mcpu=cortex-a9 -mfpu=vfpv3 -mfloat-abi=hard -nos
TRACE::2023-01-23.15:12:16::SCWBDomain::tartfiles -g -Wall -Wextra"

TRACE::2023-01-23.15:12:16::SCWBDomain::"Running Make include in ps7_cortexa9_0/libsrc/gpiops_v3_8/src"

TRACE::2023-01-23.15:12:16::SCWBDomain::make -C ps7_cortexa9_0/libsrc/gpiops_v3_8/src -s include  "SHELL=CMD" "COMPILER=arm-none-eabi-gcc" "ASSEMBLER=arm-none-eabi-as"
TRACE::2023-01-23.15:12:16::SCWBDomain:: "ARCHIVER=arm-none-eabi-ar" "COMPILER_FLAGS=  -O2 -c" "EXTRA_COMPILER_FLAGS=-mcpu=cortex-a9 -mfpu=vfpv3 -mfloat-abi=hard -nost
TRACE::2023-01-23.15:12:16::SCWBDomain::artfiles -g -Wall -Wextra"

TRACE::2023-01-23.15:12:16::SCWBDomain::"Running Make include in ps7_cortexa9_0/libsrc/gpio_v4_7/src"

TRACE::2023-01-23.15:12:16::SCWBDomain::make -C ps7_cortexa9_0/libsrc/gpio_v4_7/src -s include  "SHELL=CMD" "COMPILER=arm-none-eabi-gcc" "ASSEMBLER=arm-none-eabi-as" "
TRACE::2023-01-23.15:12:16::SCWBDomain::ARCHIVER=arm-none-eabi-ar" "COMPILER_FLAGS=  -O2 -c" "EXTRA_COMPILER_FLAGS=-mcpu=cortex-a9 -mfpu=vfpv3 -mfloat-abi=hard -nostar
TRACE::2023-01-23.15:12:16::SCWBDomain::tfiles -g -Wall -Wextra"

TRACE::2023-01-23.15:12:16::SCWBDomain::"Running Make include in ps7_cortexa9_0/libsrc/mycolorRegister_v1_0/src"

TRACE::2023-01-23.15:12:16::SCWBDomain::make -C ps7_cortexa9_0/libsrc/mycolorRegister_v1_0/src -s include  "SHELL=CMD" "COMPILER=arm-none-eabi-gcc" "ASSEMBLER=arm-none
TRACE::2023-01-23.15:12:16::SCWBDomain::-eabi-as" "ARCHIVER=arm-none-eabi-ar" "COMPILER_FLAGS=  -O2 -c" "EXTRA_COMPILER_FLAGS=-mcpu=cortex-a9 -mfpu=vfpv3 -mfloat-abi=h
TRACE::2023-01-23.15:12:16::SCWBDomain::ard -nostartfiles -g -Wall -Wextra"

TRACE::2023-01-23.15:12:16::SCWBDomain::"Running Make include in ps7_cortexa9_0/libsrc/pixelDataToVideoStream_v1_0/src"

TRACE::2023-01-23.15:12:16::SCWBDomain::make -C ps7_cortexa9_0/libsrc/pixelDataToVideoStream_v1_0/src -s include  "SHELL=CMD" "COMPILER=arm-none-eabi-gcc" "ASSEMBLER=a
TRACE::2023-01-23.15:12:16::SCWBDomain::rm-none-eabi-as" "ARCHIVER=arm-none-eabi-ar" "COMPILER_FLAGS=  -O2 -c" "EXTRA_COMPILER_FLAGS=-mcpu=cortex-a9 -mfpu=vfpv3 -mfloa
TRACE::2023-01-23.15:12:16::SCWBDomain::t-abi=hard -nostartfiles -g -Wall -Wextra"

TRACE::2023-01-23.15:12:16::SCWBDomain::"Running Make include in ps7_cortexa9_0/libsrc/qspips_v3_8/src"

TRACE::2023-01-23.15:12:16::SCWBDomain::make -C ps7_cortexa9_0/libsrc/qspips_v3_8/src -s include  "SHELL=CMD" "COMPILER=arm-none-eabi-gcc" "ASSEMBLER=arm-none-eabi-as"
TRACE::2023-01-23.15:12:16::SCWBDomain:: "ARCHIVER=arm-none-eabi-ar" "COMPILER_FLAGS=  -O2 -c" "EXTRA_COMPILER_FLAGS=-mcpu=cortex-a9 -mfpu=vfpv3 -mfloat-abi=hard -nost
TRACE::2023-01-23.15:12:16::SCWBDomain::artfiles -g -Wall -Wextra"

TRACE::2023-01-23.15:12:16::SCWBDomain::"Running Make include in ps7_cortexa9_0/libsrc/scugic_v4_3/src"

TRACE::2023-01-23.15:12:16::SCWBDomain::make -C ps7_cortexa9_0/libsrc/scugic_v4_3/src -s include  "SHELL=CMD" "COMPILER=arm-none-eabi-gcc" "ASSEMBLER=arm-none-eabi-as"
TRACE::2023-01-23.15:12:16::SCWBDomain:: "ARCHIVER=arm-none-eabi-ar" "COMPILER_FLAGS=  -O2 -c" "EXTRA_COMPILER_FLAGS=-mcpu=cortex-a9 -mfpu=vfpv3 -mfloat-abi=hard -nost
TRACE::2023-01-23.15:12:16::SCWBDomain::artfiles -g -Wall -Wextra"

TRACE::2023-01-23.15:12:16::SCWBDomain::"Running Make include in ps7_cortexa9_0/libsrc/scutimer_v2_3/src"

TRACE::2023-01-23.15:12:16::SCWBDomain::make -C ps7_cortexa9_0/libsrc/scutimer_v2_3/src -s include  "SHELL=CMD" "COMPILER=arm-none-eabi-gcc" "ASSEMBLER=arm-none-eabi-a
TRACE::2023-01-23.15:12:16::SCWBDomain::s" "ARCHIVER=arm-none-eabi-ar" "COMPILER_FLAGS=  -O2 -c" "EXTRA_COMPILER_FLAGS=-mcpu=cortex-a9 -mfpu=vfpv3 -mfloat-abi=hard -no
TRACE::2023-01-23.15:12:16::SCWBDomain::startfiles -g -Wall -Wextra"

TRACE::2023-01-23.15:12:16::SCWBDomain::"Running Make include in ps7_cortexa9_0/libsrc/scuwdt_v2_3/src"

TRACE::2023-01-23.15:12:16::SCWBDomain::make -C ps7_cortexa9_0/libsrc/scuwdt_v2_3/src -s include  "SHELL=CMD" "COMPILER=arm-none-eabi-gcc" "ASSEMBLER=arm-none-eabi-as"
TRACE::2023-01-23.15:12:16::SCWBDomain:: "ARCHIVER=arm-none-eabi-ar" "COMPILER_FLAGS=  -O2 -c" "EXTRA_COMPILER_FLAGS=-mcpu=cortex-a9 -mfpu=vfpv3 -mfloat-abi=hard -nost
TRACE::2023-01-23.15:12:16::SCWBDomain::artfiles -g -Wall -Wextra"

TRACE::2023-01-23.15:12:16::SCWBDomain::"Running Make include in ps7_cortexa9_0/libsrc/sdps_v3_10/src"

TRACE::2023-01-23.15:12:16::SCWBDomain::make -C ps7_cortexa9_0/libsrc/sdps_v3_10/src -s include  "SHELL=CMD" "COMPILER=arm-none-eabi-gcc" "ASSEMBLER=arm-none-eabi-as" 
TRACE::2023-01-23.15:12:16::SCWBDomain::"ARCHIVER=arm-none-eabi-ar" "COMPILER_FLAGS=  -O2 -c" "EXTRA_COMPILER_FLAGS=-mcpu=cortex-a9 -mfpu=vfpv3 -mfloat-abi=hard -nosta
TRACE::2023-01-23.15:12:16::SCWBDomain::rtfiles -g -Wall -Wextra"

TRACE::2023-01-23.15:12:16::SCWBDomain::"Running Make include in ps7_cortexa9_0/libsrc/standalone_v7_3/src"

TRACE::2023-01-23.15:12:16::SCWBDomain::make -C ps7_cortexa9_0/libsrc/standalone_v7_3/src -s include  "SHELL=CMD" "COMPILER=arm-none-eabi-gcc" "ASSEMBLER=arm-none-eabi
TRACE::2023-01-23.15:12:16::SCWBDomain::-as" "ARCHIVER=arm-none-eabi-ar" "COMPILER_FLAGS=  -O2 -c" "EXTRA_COMPILER_FLAGS=-mcpu=cortex-a9 -mfpu=vfpv3 -mfloat-abi=hard -
TRACE::2023-01-23.15:12:16::SCWBDomain::nostartfiles -g -Wall -Wextra"

TRACE::2023-01-23.15:12:16::SCWBDomain::"Running Make include in ps7_cortexa9_0/libsrc/uartps_v3_10/src"

TRACE::2023-01-23.15:12:16::SCWBDomain::make -C ps7_cortexa9_0/libsrc/uartps_v3_10/src -s include  "SHELL=CMD" "COMPILER=arm-none-eabi-gcc" "ASSEMBLER=arm-none-eabi-as
TRACE::2023-01-23.15:12:16::SCWBDomain::" "ARCHIVER=arm-none-eabi-ar" "COMPILER_FLAGS=  -O2 -c" "EXTRA_COMPILER_FLAGS=-mcpu=cortex-a9 -mfpu=vfpv3 -mfloat-abi=hard -nos
TRACE::2023-01-23.15:12:16::SCWBDomain::tartfiles -g -Wall -Wextra"

TRACE::2023-01-23.15:12:16::SCWBDomain::"Running Make include in ps7_cortexa9_0/libsrc/usbps_v2_6/src"

TRACE::2023-01-23.15:12:16::SCWBDomain::make -C ps7_cortexa9_0/libsrc/usbps_v2_6/src -s include  "SHELL=CMD" "COMPILER=arm-none-eabi-gcc" "ASSEMBLER=arm-none-eabi-as" 
TRACE::2023-01-23.15:12:16::SCWBDomain::"ARCHIVER=arm-none-eabi-ar" "COMPILER_FLAGS=  -O2 -c" "EXTRA_COMPILER_FLAGS=-mcpu=cortex-a9 -mfpu=vfpv3 -mfloat-abi=hard -nosta
TRACE::2023-01-23.15:12:16::SCWBDomain::rtfiles -g -Wall -Wextra"

TRACE::2023-01-23.15:12:16::SCWBDomain::"Running Make include in ps7_cortexa9_0/libsrc/video_common_v4_10/src"

TRACE::2023-01-23.15:12:16::SCWBDomain::make -C ps7_cortexa9_0/libsrc/video_common_v4_10/src -s include  "SHELL=CMD" "COMPILER=arm-none-eabi-gcc" "ASSEMBLER=arm-none-e
TRACE::2023-01-23.15:12:16::SCWBDomain::abi-as" "ARCHIVER=arm-none-eabi-ar" "COMPILER_FLAGS=  -O2 -c" "EXTRA_COMPILER_FLAGS=-mcpu=cortex-a9 -mfpu=vfpv3 -mfloat-abi=har
TRACE::2023-01-23.15:12:16::SCWBDomain::d -nostartfiles -g -Wall -Wextra"

TRACE::2023-01-23.15:12:16::SCWBDomain::"Running Make include in ps7_cortexa9_0/libsrc/vprocss_v2_8/src"

TRACE::2023-01-23.15:12:16::SCWBDomain::make -C ps7_cortexa9_0/libsrc/vprocss_v2_8/src -s include  "SHELL=CMD" "COMPILER=arm-none-eabi-gcc" "ASSEMBLER=arm-none-eabi-as
TRACE::2023-01-23.15:12:16::SCWBDomain::" "ARCHIVER=arm-none-eabi-ar" "COMPILER_FLAGS=  -O2 -c" "EXTRA_COMPILER_FLAGS=-mcpu=cortex-a9 -mfpu=vfpv3 -mfloat-abi=hard -nos
TRACE::2023-01-23.15:12:16::SCWBDomain::tartfiles -g -Wall -Wextra"

TRACE::2023-01-23.15:12:16::SCWBDomain::"Running Make include in ps7_cortexa9_0/libsrc/v_csc_v2_5/src"

TRACE::2023-01-23.15:12:16::SCWBDomain::make -C ps7_cortexa9_0/libsrc/v_csc_v2_5/src -s include  "SHELL=CMD" "COMPILER=arm-none-eabi-gcc" "ASSEMBLER=arm-none-eabi-as" 
TRACE::2023-01-23.15:12:16::SCWBDomain::"ARCHIVER=arm-none-eabi-ar" "COMPILER_FLAGS=  -O2 -c" "EXTRA_COMPILER_FLAGS=-mcpu=cortex-a9 -mfpu=vfpv3 -mfloat-abi=hard -nosta
TRACE::2023-01-23.15:12:16::SCWBDomain::rtfiles -g -Wall -Wextra"

TRACE::2023-01-23.15:12:16::SCWBDomain::"Running Make include in ps7_cortexa9_0/libsrc/v_deinterlacer_v7_2/src"

TRACE::2023-01-23.15:12:16::SCWBDomain::make -C ps7_cortexa9_0/libsrc/v_deinterlacer_v7_2/src -s include  "SHELL=CMD" "COMPILER=arm-none-eabi-gcc" "ASSEMBLER=arm-none-
TRACE::2023-01-23.15:12:16::SCWBDomain::eabi-as" "ARCHIVER=arm-none-eabi-ar" "COMPILER_FLAGS=  -O2 -c" "EXTRA_COMPILER_FLAGS=-mcpu=cortex-a9 -mfpu=vfpv3 -mfloat-abi=ha
TRACE::2023-01-23.15:12:16::SCWBDomain::rd -nostartfiles -g -Wall -Wextra"

TRACE::2023-01-23.15:12:16::SCWBDomain::"Running Make include in ps7_cortexa9_0/libsrc/v_hcresampler_v3_2/src"

TRACE::2023-01-23.15:12:16::SCWBDomain::make -C ps7_cortexa9_0/libsrc/v_hcresampler_v3_2/src -s include  "SHELL=CMD" "COMPILER=arm-none-eabi-gcc" "ASSEMBLER=arm-none-e
TRACE::2023-01-23.15:12:16::SCWBDomain::abi-as" "ARCHIVER=arm-none-eabi-ar" "COMPILER_FLAGS=  -O2 -c" "EXTRA_COMPILER_FLAGS=-mcpu=cortex-a9 -mfpu=vfpv3 -mfloat-abi=har
TRACE::2023-01-23.15:12:16::SCWBDomain::d -nostartfiles -g -Wall -Wextra"

TRACE::2023-01-23.15:12:16::SCWBDomain::"Running Make include in ps7_cortexa9_0/libsrc/v_hscaler_v3_4/src"

TRACE::2023-01-23.15:12:16::SCWBDomain::make -C ps7_cortexa9_0/libsrc/v_hscaler_v3_4/src -s include  "SHELL=CMD" "COMPILER=arm-none-eabi-gcc" "ASSEMBLER=arm-none-eabi-
TRACE::2023-01-23.15:12:16::SCWBDomain::as" "ARCHIVER=arm-none-eabi-ar" "COMPILER_FLAGS=  -O2 -c" "EXTRA_COMPILER_FLAGS=-mcpu=cortex-a9 -mfpu=vfpv3 -mfloat-abi=hard -n
TRACE::2023-01-23.15:12:16::SCWBDomain::ostartfiles -g -Wall -Wextra"

TRACE::2023-01-23.15:12:16::SCWBDomain::"Running Make include in ps7_cortexa9_0/libsrc/v_letterbox_v2_3/src"

TRACE::2023-01-23.15:12:16::SCWBDomain::make -C ps7_cortexa9_0/libsrc/v_letterbox_v2_3/src -s include  "SHELL=CMD" "COMPILER=arm-none-eabi-gcc" "ASSEMBLER=arm-none-eab
TRACE::2023-01-23.15:12:16::SCWBDomain::i-as" "ARCHIVER=arm-none-eabi-ar" "COMPILER_FLAGS=  -O2 -c" "EXTRA_COMPILER_FLAGS=-mcpu=cortex-a9 -mfpu=vfpv3 -mfloat-abi=hard 
TRACE::2023-01-23.15:12:16::SCWBDomain::-nostartfiles -g -Wall -Wextra"

TRACE::2023-01-23.15:12:16::SCWBDomain::"Running Make include in ps7_cortexa9_0/libsrc/v_vcresampler_v3_2/src"

TRACE::2023-01-23.15:12:16::SCWBDomain::make -C ps7_cortexa9_0/libsrc/v_vcresampler_v3_2/src -s include  "SHELL=CMD" "COMPILER=arm-none-eabi-gcc" "ASSEMBLER=arm-none-e
TRACE::2023-01-23.15:12:16::SCWBDomain::abi-as" "ARCHIVER=arm-none-eabi-ar" "COMPILER_FLAGS=  -O2 -c" "EXTRA_COMPILER_FLAGS=-mcpu=cortex-a9 -mfpu=vfpv3 -mfloat-abi=har
TRACE::2023-01-23.15:12:16::SCWBDomain::d -nostartfiles -g -Wall -Wextra"

TRACE::2023-01-23.15:12:16::SCWBDomain::"Running Make include in ps7_cortexa9_0/libsrc/v_vscaler_v3_2/src"

TRACE::2023-01-23.15:12:16::SCWBDomain::make -C ps7_cortexa9_0/libsrc/v_vscaler_v3_2/src -s include  "SHELL=CMD" "COMPILER=arm-none-eabi-gcc" "ASSEMBLER=arm-none-eabi-
TRACE::2023-01-23.15:12:16::SCWBDomain::as" "ARCHIVER=arm-none-eabi-ar" "COMPILER_FLAGS=  -O2 -c" "EXTRA_COMPILER_FLAGS=-mcpu=cortex-a9 -mfpu=vfpv3 -mfloat-abi=hard -n
TRACE::2023-01-23.15:12:16::SCWBDomain::ostartfiles -g -Wall -Wextra"

TRACE::2023-01-23.15:12:16::SCWBDomain::"Running Make include in ps7_cortexa9_0/libsrc/xadcps_v2_5/src"

TRACE::2023-01-23.15:12:16::SCWBDomain::make -C ps7_cortexa9_0/libsrc/xadcps_v2_5/src -s include  "SHELL=CMD" "COMPILER=arm-none-eabi-gcc" "ASSEMBLER=arm-none-eabi-as"
TRACE::2023-01-23.15:12:16::SCWBDomain:: "ARCHIVER=arm-none-eabi-ar" "COMPILER_FLAGS=  -O2 -c" "EXTRA_COMPILER_FLAGS=-mcpu=cortex-a9 -mfpu=vfpv3 -mfloat-abi=hard -nost
TRACE::2023-01-23.15:12:16::SCWBDomain::artfiles -g -Wall -Wextra"

TRACE::2023-01-23.15:12:16::SCWBDomain::"Running Make include in ps7_cortexa9_0/libsrc/xilffs_v4_4/src"

TRACE::2023-01-23.15:12:17::SCWBDomain::make -C ps7_cortexa9_0/libsrc/xilffs_v4_4/src -s include  "SHELL=CMD" "COMPILER=arm-none-eabi-gcc" "ASSEMBLER=arm-none-eabi-as"
TRACE::2023-01-23.15:12:17::SCWBDomain:: "ARCHIVER=arm-none-eabi-ar" "COMPILER_FLAGS=  -O2 -c" "EXTRA_COMPILER_FLAGS=-mcpu=cortex-a9 -mfpu=vfpv3 -mfloat-abi=hard -nost
TRACE::2023-01-23.15:12:17::SCWBDomain::artfiles -g -Wall -Wextra"

TRACE::2023-01-23.15:12:17::SCWBDomain::"Running Make include in ps7_cortexa9_0/libsrc/xilrsa_v1_6/src"

TRACE::2023-01-23.15:12:17::SCWBDomain::make -C ps7_cortexa9_0/libsrc/xilrsa_v1_6/src -s include  "SHELL=CMD" "COMPILER=arm-none-eabi-gcc" "ASSEMBLER=arm-none-eabi-as"
TRACE::2023-01-23.15:12:17::SCWBDomain:: "ARCHIVER=arm-none-eabi-ar" "COMPILER_FLAGS=  -O2 -c" "EXTRA_COMPILER_FLAGS=-mcpu=cortex-a9 -mfpu=vfpv3 -mfloat-abi=hard -nost
TRACE::2023-01-23.15:12:17::SCWBDomain::artfiles -g -Wall -Wextra"

TRACE::2023-01-23.15:12:17::SCWBDomain::"Running Make libs in ps7_cortexa9_0/libsrc/axis_switch_v1_4/src"

TRACE::2023-01-23.15:12:17::SCWBDomain::make -C ps7_cortexa9_0/libsrc/axis_switch_v1_4/src -s libs  "SHELL=CMD" "COMPILER=arm-none-eabi-gcc" "ASSEMBLER=arm-none-eabi-a
TRACE::2023-01-23.15:12:17::SCWBDomain::s" "ARCHIVER=arm-none-eabi-ar" "COMPILER_FLAGS=  -O2 -c" "EXTRA_COMPILER_FLAGS=-mcpu=cortex-a9 -mfpu=vfpv3 -mfloat-abi=hard -no
TRACE::2023-01-23.15:12:17::SCWBDomain::startfiles -g -Wall -Wextra"

TRACE::2023-01-23.15:12:17::SCWBDomain::"Running Make libs in ps7_cortexa9_0/libsrc/axivdma_v6_8/src"

TRACE::2023-01-23.15:12:17::SCWBDomain::make -C ps7_cortexa9_0/libsrc/axivdma_v6_8/src -s libs  "SHELL=CMD" "COMPILER=arm-none-eabi-gcc" "ASSEMBLER=arm-none-eabi-as" "
TRACE::2023-01-23.15:12:17::SCWBDomain::ARCHIVER=arm-none-eabi-ar" "COMPILER_FLAGS=  -O2 -c" "EXTRA_COMPILER_FLAGS=-mcpu=cortex-a9 -mfpu=vfpv3 -mfloat-abi=hard -nostar
TRACE::2023-01-23.15:12:17::SCWBDomain::tfiles -g -Wall -Wextra"

TRACE::2023-01-23.15:12:17::SCWBDomain::"Running Make libs in ps7_cortexa9_0/libsrc/coresightps_dcc_v1_8/src"

TRACE::2023-01-23.15:12:17::SCWBDomain::make -C ps7_cortexa9_0/libsrc/coresightps_dcc_v1_8/src -s libs  "SHELL=CMD" "COMPILER=arm-none-eabi-gcc" "ASSEMBLER=arm-none-ea
TRACE::2023-01-23.15:12:17::SCWBDomain::bi-as" "ARCHIVER=arm-none-eabi-ar" "COMPILER_FLAGS=  -O2 -c" "EXTRA_COMPILER_FLAGS=-mcpu=cortex-a9 -mfpu=vfpv3 -mfloat-abi=hard
TRACE::2023-01-23.15:12:17::SCWBDomain:: -nostartfiles -g -Wall -Wextra"

TRACE::2023-01-23.15:12:17::SCWBDomain::"Running Make libs in ps7_cortexa9_0/libsrc/cpu_cortexa9_v2_10/src"

TRACE::2023-01-23.15:12:17::SCWBDomain::make -C ps7_cortexa9_0/libsrc/cpu_cortexa9_v2_10/src -s libs  "SHELL=CMD" "COMPILER=arm-none-eabi-gcc" "ASSEMBLER=arm-none-eabi
TRACE::2023-01-23.15:12:17::SCWBDomain::-as" "ARCHIVER=arm-none-eabi-ar" "COMPILER_FLAGS=  -O2 -c" "EXTRA_COMPILER_FLAGS=-mcpu=cortex-a9 -mfpu=vfpv3 -mfloat-abi=hard -
TRACE::2023-01-23.15:12:17::SCWBDomain::nostartfiles -g -Wall -Wextra"

TRACE::2023-01-23.15:12:17::SCWBDomain::"Running Make libs in ps7_cortexa9_0/libsrc/ddrps_v1_2/src"

TRACE::2023-01-23.15:12:17::SCWBDomain::make -C ps7_cortexa9_0/libsrc/ddrps_v1_2/src -s libs  "SHELL=CMD" "COMPILER=arm-none-eabi-gcc" "ASSEMBLER=arm-none-eabi-as" "AR
TRACE::2023-01-23.15:12:17::SCWBDomain::CHIVER=arm-none-eabi-ar" "COMPILER_FLAGS=  -O2 -c" "EXTRA_COMPILER_FLAGS=-mcpu=cortex-a9 -mfpu=vfpv3 -mfloat-abi=hard -nostartf
TRACE::2023-01-23.15:12:17::SCWBDomain::iles -g -Wall -Wextra"

TRACE::2023-01-23.15:12:17::SCWBDomain::"Running Make libs in ps7_cortexa9_0/libsrc/devcfg_v3_7/src"

TRACE::2023-01-23.15:12:17::SCWBDomain::make -C ps7_cortexa9_0/libsrc/devcfg_v3_7/src -s libs  "SHELL=CMD" "COMPILER=arm-none-eabi-gcc" "ASSEMBLER=arm-none-eabi-as" "A
TRACE::2023-01-23.15:12:17::SCWBDomain::RCHIVER=arm-none-eabi-ar" "COMPILER_FLAGS=  -O2 -c" "EXTRA_COMPILER_FLAGS=-mcpu=cortex-a9 -mfpu=vfpv3 -mfloat-abi=hard -nostart
TRACE::2023-01-23.15:12:17::SCWBDomain::files -g -Wall -Wextra"

TRACE::2023-01-23.15:12:17::SCWBDomain::"Running Make libs in ps7_cortexa9_0/libsrc/dmaps_v2_7/src"

TRACE::2023-01-23.15:12:17::SCWBDomain::make -C ps7_cortexa9_0/libsrc/dmaps_v2_7/src -s libs  "SHELL=CMD" "COMPILER=arm-none-eabi-gcc" "ASSEMBLER=arm-none-eabi-as" "AR
TRACE::2023-01-23.15:12:17::SCWBDomain::CHIVER=arm-none-eabi-ar" "COMPILER_FLAGS=  -O2 -c" "EXTRA_COMPILER_FLAGS=-mcpu=cortex-a9 -mfpu=vfpv3 -mfloat-abi=hard -nostartf
TRACE::2023-01-23.15:12:17::SCWBDomain::iles -g -Wall -Wextra"

TRACE::2023-01-23.15:12:17::SCWBDomain::"Running Make libs in ps7_cortexa9_0/libsrc/emacps_v3_12/src"

TRACE::2023-01-23.15:12:17::SCWBDomain::make -C ps7_cortexa9_0/libsrc/emacps_v3_12/src -s libs  "SHELL=CMD" "COMPILER=arm-none-eabi-gcc" "ASSEMBLER=arm-none-eabi-as" "
TRACE::2023-01-23.15:12:17::SCWBDomain::ARCHIVER=arm-none-eabi-ar" "COMPILER_FLAGS=  -O2 -c" "EXTRA_COMPILER_FLAGS=-mcpu=cortex-a9 -mfpu=vfpv3 -mfloat-abi=hard -nostar
TRACE::2023-01-23.15:12:17::SCWBDomain::tfiles -g -Wall -Wextra"

TRACE::2023-01-23.15:12:17::SCWBDomain::"Running Make libs in ps7_cortexa9_0/libsrc/gpiops_v3_8/src"

TRACE::2023-01-23.15:12:17::SCWBDomain::make -C ps7_cortexa9_0/libsrc/gpiops_v3_8/src -s libs  "SHELL=CMD" "COMPILER=arm-none-eabi-gcc" "ASSEMBLER=arm-none-eabi-as" "A
TRACE::2023-01-23.15:12:17::SCWBDomain::RCHIVER=arm-none-eabi-ar" "COMPILER_FLAGS=  -O2 -c" "EXTRA_COMPILER_FLAGS=-mcpu=cortex-a9 -mfpu=vfpv3 -mfloat-abi=hard -nostart
TRACE::2023-01-23.15:12:17::SCWBDomain::files -g -Wall -Wextra"

TRACE::2023-01-23.15:12:17::SCWBDomain::"Running Make libs in ps7_cortexa9_0/libsrc/gpio_v4_7/src"

TRACE::2023-01-23.15:12:17::SCWBDomain::make -C ps7_cortexa9_0/libsrc/gpio_v4_7/src -s libs  "SHELL=CMD" "COMPILER=arm-none-eabi-gcc" "ASSEMBLER=arm-none-eabi-as" "ARC
TRACE::2023-01-23.15:12:17::SCWBDomain::HIVER=arm-none-eabi-ar" "COMPILER_FLAGS=  -O2 -c" "EXTRA_COMPILER_FLAGS=-mcpu=cortex-a9 -mfpu=vfpv3 -mfloat-abi=hard -nostartfi
TRACE::2023-01-23.15:12:17::SCWBDomain::les -g -Wall -Wextra"

TRACE::2023-01-23.15:12:17::SCWBDomain::"Running Make libs in ps7_cortexa9_0/libsrc/qspips_v3_8/src"

TRACE::2023-01-23.15:12:17::SCWBDomain::make -C ps7_cortexa9_0/libsrc/qspips_v3_8/src -s libs  "SHELL=CMD" "COMPILER=arm-none-eabi-gcc" "ASSEMBLER=arm-none-eabi-as" "A
TRACE::2023-01-23.15:12:17::SCWBDomain::RCHIVER=arm-none-eabi-ar" "COMPILER_FLAGS=  -O2 -c" "EXTRA_COMPILER_FLAGS=-mcpu=cortex-a9 -mfpu=vfpv3 -mfloat-abi=hard -nostart
TRACE::2023-01-23.15:12:17::SCWBDomain::files -g -Wall -Wextra"

TRACE::2023-01-23.15:12:17::SCWBDomain::"Running Make libs in ps7_cortexa9_0/libsrc/scugic_v4_3/src"

TRACE::2023-01-23.15:12:17::SCWBDomain::"Running Make libs in ps7_cortexa9_0/libsrc/scutimer_v2_3/src"

TRACE::2023-01-23.15:12:17::SCWBDomain::make -C ps7_cortexa9_0/libsrc/scugic_v4_3/src -s libs  "SHELL=CMD" "COMPILER=arm-none-eabi-gcc" "ASSEMBLER=arm-none-eabi-as" "A
TRACE::2023-01-23.15:12:17::SCWBDomain::RCHIVER=arm-none-eabi-ar" "COMPILER_FLAGS=  -O2 -c" "EXTRA_COMPILER_FLAGS=-mcpu=cortex-a9 -mfpu=vfpv3 -mfloat-abi=hard -nostart
TRACE::2023-01-23.15:12:17::SCWBDomain::files -g -Wall -Wextra"

TRACE::2023-01-23.15:12:17::SCWBDomain::make -C ps7_cortexa9_0/libsrc/scutimer_v2_3/src -s libs  "SHELL=CMD" "COMPILER=arm-none-eabi-gcc" "ASSEMBLER=arm-none-eabi-as" 
TRACE::2023-01-23.15:12:17::SCWBDomain::"ARCHIVER=arm-none-eabi-ar" "COMPILER_FLAGS=  -O2 -c" "EXTRA_COMPILER_FLAGS=-mcpu=cortex-a9 -mfpu=vfpv3 -mfloat-abi=hard -nosta
TRACE::2023-01-23.15:12:17::SCWBDomain::rtfiles -g -Wall -Wextra"

TRACE::2023-01-23.15:12:17::SCWBDomain::"Running Make libs in ps7_cortexa9_0/libsrc/scuwdt_v2_3/src"

TRACE::2023-01-23.15:12:17::SCWBDomain::"Running Make libs in ps7_cortexa9_0/libsrc/sdps_v3_10/src"

TRACE::2023-01-23.15:12:17::SCWBDomain::"Running Make libs in ps7_cortexa9_0/libsrc/standalone_v7_3/src"

TRACE::2023-01-23.15:12:17::SCWBDomain::make -C ps7_cortexa9_0/libsrc/scuwdt_v2_3/src -s libs  "SHELL=CMD" "COMPILER=arm-none-eabi-gcc" "ASSEMBLER=arm-none-eabi-as" "A
TRACE::2023-01-23.15:12:17::SCWBDomain::RCHIVER=arm-none-eabi-ar" "COMPILER_FLAGS=  -O2 -c" "EXTRA_COMPILER_FLAGS=-mcpu=cortex-a9 -mfpu=vfpv3 -mfloat-abi=hard -nostart
TRACE::2023-01-23.15:12:17::SCWBDomain::files -g -Wall -Wextra"

TRACE::2023-01-23.15:12:17::SCWBDomain::make -C ps7_cortexa9_0/libsrc/sdps_v3_10/src -s libs  "SHELL=CMD" "COMPILER=arm-none-eabi-gcc" "ASSEMBLER=arm-none-eabi-as" "AR
TRACE::2023-01-23.15:12:17::SCWBDomain::CHIVER=arm-none-eabi-ar" "COMPILER_FLAGS=  -O2 -c" "EXTRA_COMPILER_FLAGS=-mcpu=cortex-a9 -mfpu=vfpv3 -mfloat-abi=hard -nostartf
TRACE::2023-01-23.15:12:17::SCWBDomain::iles -g -Wall -Wextra"

TRACE::2023-01-23.15:12:17::SCWBDomain::make -C ps7_cortexa9_0/libsrc/standalone_v7_3/src -s libs  "SHELL=CMD" "COMPILER=arm-none-eabi-gcc" "ASSEMBLER=arm-none-eabi-as
TRACE::2023-01-23.15:12:17::SCWBDomain::" "ARCHIVER=arm-none-eabi-ar" "COMPILER_FLAGS=  -O2 -c" "EXTRA_COMPILER_FLAGS=-mcpu=cortex-a9 -mfpu=vfpv3 -mfloat-abi=hard -nos
TRACE::2023-01-23.15:12:17::SCWBDomain::tartfiles -g -Wall -Wextra"

TRACE::2023-01-23.15:12:17::SCWBDomain::"Running Make libs in ps7_cortexa9_0/libsrc/uartps_v3_10/src"

TRACE::2023-01-23.15:12:17::SCWBDomain::make -C ps7_cortexa9_0/libsrc/uartps_v3_10/src -s libs  "SHELL=CMD" "COMPILER=arm-none-eabi-gcc" "ASSEMBLER=arm-none-eabi-as" "
TRACE::2023-01-23.15:12:17::SCWBDomain::ARCHIVER=arm-none-eabi-ar" "COMPILER_FLAGS=  -O2 -c" "EXTRA_COMPILER_FLAGS=-mcpu=cortex-a9 -mfpu=vfpv3 -mfloat-abi=hard -nostar
TRACE::2023-01-23.15:12:17::SCWBDomain::tfiles -g -Wall -Wextra"

TRACE::2023-01-23.15:12:17::SCWBDomain::"Running Make libs in ps7_cortexa9_0/libsrc/usbps_v2_6/src"

TRACE::2023-01-23.15:12:17::SCWBDomain::"Running Make libs in ps7_cortexa9_0/libsrc/video_common_v4_10/src"

TRACE::2023-01-23.15:12:17::SCWBDomain::make -C ps7_cortexa9_0/libsrc/usbps_v2_6/src -s libs  "SHELL=CMD" "COMPILER=arm-none-eabi-gcc" "ASSEMBLER=arm-none-eabi-as" "AR
TRACE::2023-01-23.15:12:17::SCWBDomain::CHIVER=arm-none-eabi-ar" "COMPILER_FLAGS=  -O2 -c" "EXTRA_COMPILER_FLAGS=-mcpu=cortex-a9 -mfpu=vfpv3 -mfloat-abi=hard -nostartf
TRACE::2023-01-23.15:12:18::SCWBDomain::iles -g -Wall -Wextra"

TRACE::2023-01-23.15:12:18::SCWBDomain::make -C ps7_cortexa9_0/libsrc/video_common_v4_10/src -s libs  "SHELL=CMD" "COMPILER=arm-none-eabi-gcc" "ASSEMBLER=arm-none-eabi
TRACE::2023-01-23.15:12:18::SCWBDomain::-as" "ARCHIVER=arm-none-eabi-ar" "COMPILER_FLAGS=  -O2 -c" "EXTRA_COMPILER_FLAGS=-mcpu=cortex-a9 -mfpu=vfpv3 -mfloat-abi=hard -
TRACE::2023-01-23.15:12:18::SCWBDomain::nostartfiles -g -Wall -Wextra"

TRACE::2023-01-23.15:12:18::SCWBDomain::"Running Make libs in ps7_cortexa9_0/libsrc/vprocss_v2_8/src"

TRACE::2023-01-23.15:12:18::SCWBDomain::make -C ps7_cortexa9_0/libsrc/vprocss_v2_8/src -s libs  "SHELL=CMD" "COMPILER=arm-none-eabi-gcc" "ASSEMBLER=arm-none-eabi-as" "
TRACE::2023-01-23.15:12:18::SCWBDomain::ARCHIVER=arm-none-eabi-ar" "COMPILER_FLAGS=  -O2 -c" "EXTRA_COMPILER_FLAGS=-mcpu=cortex-a9 -mfpu=vfpv3 -mfloat-abi=hard -nostar
TRACE::2023-01-23.15:12:18::SCWBDomain::tfiles -g -Wall -Wextra"

TRACE::2023-01-23.15:12:18::SCWBDomain::"Running Make libs in ps7_cortexa9_0/libsrc/v_csc_v2_5/src"

TRACE::2023-01-23.15:12:18::SCWBDomain::make -C ps7_cortexa9_0/libsrc/v_csc_v2_5/src -s libs  "SHELL=CMD" "COMPILER=arm-none-eabi-gcc" "ASSEMBLER=arm-none-eabi-as" "AR
TRACE::2023-01-23.15:12:18::SCWBDomain::CHIVER=arm-none-eabi-ar" "COMPILER_FLAGS=  -O2 -c" "EXTRA_COMPILER_FLAGS=-mcpu=cortex-a9 -mfpu=vfpv3 -mfloat-abi=hard -nostartf
TRACE::2023-01-23.15:12:18::SCWBDomain::iles -g -Wall -Wextra"

TRACE::2023-01-23.15:12:18::SCWBDomain::"Running Make libs in ps7_cortexa9_0/libsrc/v_deinterlacer_v7_2/src"

TRACE::2023-01-23.15:12:18::SCWBDomain::make -C ps7_cortexa9_0/libsrc/v_deinterlacer_v7_2/src -s libs  "SHELL=CMD" "COMPILER=arm-none-eabi-gcc" "ASSEMBLER=arm-none-eab
TRACE::2023-01-23.15:12:18::SCWBDomain::i-as" "ARCHIVER=arm-none-eabi-ar" "COMPILER_FLAGS=  -O2 -c" "EXTRA_COMPILER_FLAGS=-mcpu=cortex-a9 -mfpu=vfpv3 -mfloat-abi=hard 
TRACE::2023-01-23.15:12:18::SCWBDomain::-nostartfiles -g -Wall -Wextra"

TRACE::2023-01-23.15:12:18::SCWBDomain::"Running Make libs in ps7_cortexa9_0/libsrc/v_hcresampler_v3_2/src"

TRACE::2023-01-23.15:12:18::SCWBDomain::"Running Make libs in ps7_cortexa9_0/libsrc/v_hscaler_v3_4/src"

TRACE::2023-01-23.15:12:18::SCWBDomain::"Running Make libs in ps7_cortexa9_0/libsrc/v_letterbox_v2_3/src"

TRACE::2023-01-23.15:12:19::SCWBDomain::make -C ps7_cortexa9_0/libsrc/v_hcresampler_v3_2/src -s libs  "SHELL=CMD" "COMPILER=arm-none-eabi-gcc" "ASSEMBLER=arm-none-eabi
TRACE::2023-01-23.15:12:19::SCWBDomain::-as" "ARCHIVER=arm-none-eabi-ar" "COMPILER_FLAGS=  -O2 -c" "EXTRA_COMPILER_FLAGS=-mcpu=cortex-a9 -mfpu=vfpv3 -mfloat-abi=hard -
TRACE::2023-01-23.15:12:19::SCWBDomain::nostartfiles -g -Wall -Wextra"

TRACE::2023-01-23.15:12:19::SCWBDomain::make -C ps7_cortexa9_0/libsrc/v_hscaler_v3_4/src -s libs  "SHELL=CMD" "COMPILER=arm-none-eabi-gcc" "ASSEMBLER=arm-none-eabi-as"
TRACE::2023-01-23.15:12:19::SCWBDomain:: "ARCHIVER=arm-none-eabi-ar" "COMPILER_FLAGS=  -O2 -c" "EXTRA_COMPILER_FLAGS=-mcpu=cortex-a9 -mfpu=vfpv3 -mfloat-abi=hard -nost
TRACE::2023-01-23.15:12:19::SCWBDomain::artfiles -g -Wall -Wextra"

TRACE::2023-01-23.15:12:19::SCWBDomain::make -C ps7_cortexa9_0/libsrc/v_letterbox_v2_3/src -s libs  "SHELL=CMD" "COMPILER=arm-none-eabi-gcc" "ASSEMBLER=arm-none-eabi-a
TRACE::2023-01-23.15:12:19::SCWBDomain::s" "ARCHIVER=arm-none-eabi-ar" "COMPILER_FLAGS=  -O2 -c" "EXTRA_COMPILER_FLAGS=-mcpu=cortex-a9 -mfpu=vfpv3 -mfloat-abi=hard -no
TRACE::2023-01-23.15:12:19::SCWBDomain::startfiles -g -Wall -Wextra"

TRACE::2023-01-23.15:12:19::SCWBDomain::"Running Make libs in ps7_cortexa9_0/libsrc/v_vcresampler_v3_2/src"

TRACE::2023-01-23.15:12:19::SCWBDomain::"Running Make libs in ps7_cortexa9_0/libsrc/v_vscaler_v3_2/src"

TRACE::2023-01-23.15:12:19::SCWBDomain::make -C ps7_cortexa9_0/libsrc/v_vcresampler_v3_2/src -s libs  "SHELL=CMD" "COMPILER=arm-none-eabi-gcc" "ASSEMBLER=arm-none-eabi
TRACE::2023-01-23.15:12:19::SCWBDomain::-as" "ARCHIVER=arm-none-eabi-ar" "COMPILER_FLAGS=  -O2 -c" "EXTRA_COMPILER_FLAGS=-mcpu=cortex-a9 -mfpu=vfpv3 -mfloat-abi=hard -
TRACE::2023-01-23.15:12:19::SCWBDomain::nostartfiles -g -Wall -Wextra"

TRACE::2023-01-23.15:12:19::SCWBDomain::make -C ps7_cortexa9_0/libsrc/v_vscaler_v3_2/src -s libs  "SHELL=CMD" "COMPILER=arm-none-eabi-gcc" "ASSEMBLER=arm-none-eabi-as"
TRACE::2023-01-23.15:12:19::SCWBDomain:: "ARCHIVER=arm-none-eabi-ar" "COMPILER_FLAGS=  -O2 -c" "EXTRA_COMPILER_FLAGS=-mcpu=cortex-a9 -mfpu=vfpv3 -mfloat-abi=hard -nost
TRACE::2023-01-23.15:12:19::SCWBDomain::artfiles -g -Wall -Wextra"

TRACE::2023-01-23.15:12:19::SCWBDomain::"Running Make libs in ps7_cortexa9_0/libsrc/xadcps_v2_5/src"

TRACE::2023-01-23.15:12:19::SCWBDomain::make -C ps7_cortexa9_0/libsrc/xadcps_v2_5/src -s libs  "SHELL=CMD" "COMPILER=arm-none-eabi-gcc" "ASSEMBLER=arm-none-eabi-as" "A
TRACE::2023-01-23.15:12:19::SCWBDomain::RCHIVER=arm-none-eabi-ar" "COMPILER_FLAGS=  -O2 -c" "EXTRA_COMPILER_FLAGS=-mcpu=cortex-a9 -mfpu=vfpv3 -mfloat-abi=hard -nostart
TRACE::2023-01-23.15:12:19::SCWBDomain::files -g -Wall -Wextra"

TRACE::2023-01-23.15:12:19::SCWBDomain::"Running Make libs in ps7_cortexa9_0/libsrc/xilffs_v4_4/src"

TRACE::2023-01-23.15:12:19::SCWBDomain::make -C ps7_cortexa9_0/libsrc/xilffs_v4_4/src -s libs  "SHELL=CMD" "COMPILER=arm-none-eabi-gcc" "ASSEMBLER=arm-none-eabi-as" "A
TRACE::2023-01-23.15:12:19::SCWBDomain::RCHIVER=arm-none-eabi-ar" "COMPILER_FLAGS=  -O2 -c" "EXTRA_COMPILER_FLAGS=-mcpu=cortex-a9 -mfpu=vfpv3 -mfloat-abi=hard -nostart
TRACE::2023-01-23.15:12:19::SCWBDomain::files -g -Wall -Wextra"

TRACE::2023-01-23.15:12:20::SCWBDomain::'Finished building libraries parallelly.'

TRACE::2023-01-23.15:12:20::SCWBDomain::make --no-print-directory archive

TRACE::2023-01-23.15:12:20::SCWBDomain::arm-none-eabi-ar -r  ps7_cortexa9_0/lib/libxil.a ps7_cortexa9_0/lib/xadcps_selftest.o ps7_cortexa9_0/lib/xvprocss_sinit.o ps7_c
TRACE::2023-01-23.15:12:20::SCWBDomain::ortexa9_0/lib/xv_hcresampler_coeff.o ps7_cortexa9_0/lib/xv_vscaler_sinit.o ps7_cortexa9_0/lib/xplatform_info.o ps7_cortexa9_0/l
TRACE::2023-01-23.15:12:20::SCWBDomain::ib/xil_mmu.o ps7_cortexa9_0/lib/xv_hscaler_sinit.o ps7_cortexa9_0/lib/isatty.o ps7_cortexa9_0/lib/xusbps_sinit.o ps7_cortexa9_0
TRACE::2023-01-23.15:12:20::SCWBDomain::/lib/xdevcfg_hw.o ps7_cortexa9_0/lib/xil_sleeptimer.o ps7_cortexa9_0/lib/xgpio_sinit.o ps7_cortexa9_0/lib/xqspips_options.o ps7
TRACE::2023-01-23.15:12:20::SCWBDomain::_cortexa9_0/lib/xvidc_timings_table.o ps7_cortexa9_0/lib/xdmaps_g.o ps7_cortexa9_0/lib/xscutimer_g.o ps7_cortexa9_0/lib/xsdps_o
TRACE::2023-01-23.15:12:20::SCWBDomain::ptions.o ps7_cortexa9_0/lib/xv_deinterlacer.o ps7_cortexa9_0/lib/xil_misc_psreset_api.o ps7_cortexa9_0/lib/xdmaps_sinit.o ps7_c
TRACE::2023-01-23.15:12:20::SCWBDomain::ortexa9_0/lib/xscutimer_sinit.o ps7_cortexa9_0/lib/xemacps_hw.o ps7_cortexa9_0/lib/inbyte.o ps7_cortexa9_0/lib/xdmaps_selftest.
TRACE::2023-01-23.15:12:20::SCWBDomain::o ps7_cortexa9_0/lib/xscutimer_selftest.o ps7_cortexa9_0/lib/putnum.o ps7_cortexa9_0/lib/xqspips_hw.o ps7_cortexa9_0/lib/xgpiop
TRACE::2023-01-23.15:12:20::SCWBDomain::s_g.o ps7_cortexa9_0/lib/xsdps.o ps7_cortexa9_0/lib/close.o ps7_cortexa9_0/lib/xv_deinterlacer_l2.o ps7_cortexa9_0/lib/xemacps_
TRACE::2023-01-23.15:12:20::SCWBDomain::g.o ps7_cortexa9_0/lib/xgpiops_sinit.o ps7_cortexa9_0/lib/xvprocss_coreinit.o ps7_cortexa9_0/lib/xgpiops_selftest.o ps7_cortexa
TRACE::2023-01-23.15:12:20::SCWBDomain::9_0/lib/xgpio_g.o ps7_cortexa9_0/lib/xscuwdt.o ps7_cortexa9_0/lib/xv_hcresampler_linux.o ps7_cortexa9_0/lib/xaxivdma_g.o ps7_co
TRACE::2023-01-23.15:12:20::SCWBDomain::rtexa9_0/lib/xv_csc_l2.o ps7_cortexa9_0/lib/xil_mem.o ps7_cortexa9_0/lib/xaxivdma_sinit.o ps7_cortexa9_0/lib/xv_hscaler.o ps7_c
TRACE::2023-01-23.15:12:20::SCWBDomain::ortexa9_0/lib/xgpio_selftest.o ps7_cortexa9_0/lib/xaxivdma_selftest.o ps7_cortexa9_0/lib/xil_printf.o ps7_cortexa9_0/lib/kill.o
TRACE::2023-01-23.15:12:20::SCWBDomain:: ps7_cortexa9_0/lib/xadcps.o ps7_cortexa9_0/lib/xuartps_sinit.o ps7_cortexa9_0/lib/xaxis_switch_g.o ps7_cortexa9_0/lib/xuartps_
TRACE::2023-01-23.15:12:20::SCWBDomain::selftest.o ps7_cortexa9_0/lib/xuartps_g.o ps7_cortexa9_0/lib/outbyte.o ps7_cortexa9_0/lib/lseek.o ps7_cortexa9_0/lib/xv_vcresam
TRACE::2023-01-23.15:12:20::SCWBDomain::pler_sinit.o ps7_cortexa9_0/lib/xusbps_hw.o ps7_cortexa9_0/lib/xv_vcresampler_linux.o ps7_cortexa9_0/lib/xl2cc_counter.o ps7_co
TRACE::2023-01-23.15:12:20::SCWBDomain::rtexa9_0/lib/xv_deinterlacer_linux.o ps7_cortexa9_0/lib/asm_vectors.o ps7_cortexa9_0/lib/usleep.o ps7_cortexa9_0/lib/abort.o ps
TRACE::2023-01-23.15:12:20::SCWBDomain::7_cortexa9_0/lib/xscugic_intr.o ps7_cortexa9_0/lib/getpid.o ps7_cortexa9_0/lib/xil_testcache.o ps7_cortexa9_0/lib/xdevcfg_sinit
TRACE::2023-01-23.15:12:20::SCWBDomain::.o ps7_cortexa9_0/lib/xdmaps.o ps7_cortexa9_0/lib/xscutimer.o ps7_cortexa9_0/lib/xv_hscaler_linux.o ps7_cortexa9_0/lib/xdevcfg_
TRACE::2023-01-23.15:12:20::SCWBDomain::selftest.o ps7_cortexa9_0/lib/xpm_counter.o ps7_cortexa9_0/lib/xv_vcresampler_g.o ps7_cortexa9_0/lib/_sbrk.o ps7_cortexa9_0/lib
TRACE::2023-01-23.15:12:20::SCWBDomain::/xemacps_sinit.o ps7_cortexa9_0/lib/xusbps_endpoint.o ps7_cortexa9_0/lib/xqspips_g.o ps7_cortexa9_0/lib/xgpiops.o ps7_cortexa9_
TRACE::2023-01-23.15:12:20::SCWBDomain::0/lib/xusbps_g.o ps7_cortexa9_0/lib/xsdps_sinit.o ps7_cortexa9_0/lib/xvprocss.o ps7_cortexa9_0/lib/xv_vscaler_g.o ps7_cortexa9_
TRACE::2023-01-23.15:12:20::SCWBDomain::0/lib/xv_vcresampler_coeff.o ps7_cortexa9_0/lib/xqspips_selftest.o ps7_cortexa9_0/lib/xil_exception.o ps7_cortexa9_0/lib/xsdps_
TRACE::2023-01-23.15:12:20::SCWBDomain::g.o ps7_cortexa9_0/lib/xgpio.o ps7_cortexa9_0/lib/xil_testmem.o ps7_cortexa9_0/lib/xaxivdma.o ps7_cortexa9_0/lib/xemacps_contro
TRACE::2023-01-23.15:12:20::SCWBDomain::l.o ps7_cortexa9_0/lib/open.o ps7_cortexa9_0/lib/xaxis_switch_selftest.o ps7_cortexa9_0/lib/xil_assert.o ps7_cortexa9_0/lib/xax
TRACE::2023-01-23.15:12:20::SCWBDomain::ivdma_intr.o ps7_cortexa9_0/lib/xv_letterbox_linux.o ps7_cortexa9_0/lib/xusbps_intr.o ps7_cortexa9_0/lib/xv_vscaler_coeff.o ps7
TRACE::2023-01-23.15:12:20::SCWBDomain::_cortexa9_0/lib/xvidc.o ps7_cortexa9_0/lib/xsdps_host.o ps7_cortexa9_0/lib/xcoresightpsdcc.o ps7_cortexa9_0/lib/xv_csc.o ps7_co
TRACE::2023-01-23.15:12:20::SCWBDomain::rtexa9_0/lib/xscugic_hw.o ps7_cortexa9_0/lib/xuartps.o ps7_cortexa9_0/lib/sleep.o ps7_cortexa9_0/lib/cpputest_time.o ps7_cortex
TRACE::2023-01-23.15:12:20::SCWBDomain::a9_0/lib/_open.o ps7_cortexa9_0/lib/fcntl.o ps7_cortexa9_0/lib/xv_vscaler_l2.o ps7_cortexa9_0/lib/xvidc_edid.o ps7_cortexa9_0/l
TRACE::2023-01-23.15:12:20::SCWBDomain::ib/print.o ps7_cortexa9_0/lib/read.o ps7_cortexa9_0/lib/xv_hcresampler.o ps7_cortexa9_0/lib/xv_letterbox.o ps7_cortexa9_0/lib/x
TRACE::2023-01-23.15:12:20::SCWBDomain::devcfg.o ps7_cortexa9_0/lib/xadcps_intr.o ps7_cortexa9_0/lib/xqspips.o ps7_cortexa9_0/lib/xv_deinterlacer_g.o ps7_cortexa9_0/li
TRACE::2023-01-23.15:12:20::SCWBDomain::b/xv_deinterlacer_sinit.o ps7_cortexa9_0/lib/xemacps.o ps7_cortexa9_0/lib/xil_cache.o ps7_cortexa9_0/lib/xil_testio.o ps7_corte
TRACE::2023-01-23.15:12:20::SCWBDomain::xa9_0/lib/xv_vcresampler.o ps7_cortexa9_0/lib/xvidc_edid_ext.o ps7_cortexa9_0/lib/xuartps_intr.o ps7_cortexa9_0/lib/unlink.o ps
TRACE::2023-01-23.15:12:20::SCWBDomain::7_cortexa9_0/lib/xusbps.o ps7_cortexa9_0/lib/xaxis_switch.o ps7_cortexa9_0/lib/xv_vscaler.o ps7_cortexa9_0/lib/_exit.o ps7_cort
TRACE::2023-01-23.15:12:20::SCWBDomain::exa9_0/lib/translation_table.o ps7_cortexa9_0/lib/write.o ps7_cortexa9_0/lib/boot.o ps7_cortexa9_0/lib/xemacps_bdring.o ps7_cor
TRACE::2023-01-23.15:12:20::SCWBDomain::texa9_0/lib/xaxivdma_channel.o ps7_cortexa9_0/lib/cpu_init.o ps7_cortexa9_0/lib/xv_vscaler_linux.o ps7_cortexa9_0/lib/xil_sleep
TRACE::2023-01-23.15:12:20::SCWBDomain::common.o ps7_cortexa9_0/lib/xscugic_g.o ps7_cortexa9_0/lib/xv_hscaler_g.o ps7_cortexa9_0/lib/xgpiops_intr.o ps7_cortexa9_0/lib/
TRACE::2023-01-23.15:12:20::SCWBDomain::xscugic_sinit.o ps7_cortexa9_0/lib/xdevcfg_g.o ps7_cortexa9_0/lib/xuartps_hw.o ps7_cortexa9_0/lib/xgpio_intr.o ps7_cortexa9_0/l
TRACE::2023-01-23.15:12:20::SCWBDomain::ib/xv_hcresampler_g.o ps7_cortexa9_0/lib/xvprocss_router.o ps7_cortexa9_0/lib/xtime_l.o ps7_cortexa9_0/lib/xvidc_parse_edid.o p
TRACE::2023-01-23.15:12:20::SCWBDomain::s7_cortexa9_0/lib/xv_csc_g.o ps7_cortexa9_0/lib/xscugic_selftest.o ps7_cortexa9_0/lib/xil_util.o ps7_cortexa9_0/lib/xscuwdt_sin
TRACE::2023-01-23.15:12:20::SCWBDomain::it.o ps7_cortexa9_0/lib/xsdps_card.o ps7_cortexa9_0/lib/xdmaps_hw.o ps7_cortexa9_0/lib/xv_hcresampler_sinit.o ps7_cortexa9_0/li
TRACE::2023-01-23.15:12:20::SCWBDomain::b/xv_hscaler_coeff.o ps7_cortexa9_0/lib/xv_hcresampler_l2.o ps7_cortexa9_0/lib/xvprocss_log.o ps7_cortexa9_0/lib/xv_letterbox_l
TRACE::2023-01-23.15:12:20::SCWBDomain::2.o ps7_cortexa9_0/lib/sbrk.o ps7_cortexa9_0/lib/xgpiops_hw.o ps7_cortexa9_0/lib/fstat.o ps7_cortexa9_0/lib/errno.o ps7_cortexa
TRACE::2023-01-23.15:12:20::SCWBDomain::9_0/lib/xvprocss_vdma.o ps7_cortexa9_0/lib/xdevcfg_intr.o ps7_cortexa9_0/lib/xuartps_options.o ps7_cortexa9_0/lib/xv_hscaler_l2
TRACE::2023-01-23.15:12:20::SCWBDomain::.o ps7_cortexa9_0/lib/xaxis_switch_sinit.o ps7_cortexa9_0/lib/vectors.o ps7_cortexa9_0/lib/xv_csc_linux.o ps7_cortexa9_0/lib/xs
TRACE::2023-01-23.15:12:20::SCWBDomain::cuwdt_g.o ps7_cortexa9_0/lib/xvprocss_g.o ps7_cortexa9_0/lib/xv_letterbox_g.o ps7_cortexa9_0/lib/xil_clocking.o ps7_cortexa9_0/
TRACE::2023-01-23.15:12:20::SCWBDomain::lib/xv_vcresampler_l2.o ps7_cortexa9_0/lib/xv_csc_sinit.o ps7_cortexa9_0/lib/xv_letterbox_sinit.o ps7_cortexa9_0/lib/xemacps_in
TRACE::2023-01-23.15:12:20::SCWBDomain::tr.o ps7_cortexa9_0/lib/xscuwdt_selftest.o ps7_cortexa9_0/lib/xgpio_extra.o ps7_cortexa9_0/lib/xil-crt0.o ps7_cortexa9_0/lib/xs
TRACE::2023-01-23.15:12:20::SCWBDomain::cugic.o ps7_cortexa9_0/lib/xadcps_g.o ps7_cortexa9_0/lib/xqspips_sinit.o ps7_cortexa9_0/lib/xadcps_sinit.o

TRACE::2023-01-23.15:12:20::SCWBDomain::'Finished building libraries'

TRACE::2023-01-23.15:12:20::SCWBDomain::make: Leaving directory 'C:/Travail/s4InfoAtelier4/atelier4_wrapper/zynq_fsbl/zynq_fsbl_bsp'

TRACE::2023-01-23.15:12:21::SCWBDomain::arm-none-eabi-gcc -MMD -MP       -mcpu=cortex-a9 -mfpu=vfpv3 -mfloat-abi=hard   -O2 -c -c sd.c -o sd.o -Izynq_fsbl_bsp/ps7_cort
TRACE::2023-01-23.15:12:21::SCWBDomain::exa9_0/include -I.

TRACE::2023-01-23.15:12:21::SCWBDomain::arm-none-eabi-gcc -MMD -MP       -mcpu=cortex-a9 -mfpu=vfpv3 -mfloat-abi=hard   -O2 -c -c nand.c -o nand.o -Izynq_fsbl_bsp/ps7_
TRACE::2023-01-23.15:12:21::SCWBDomain::cortexa9_0/include -I.

TRACE::2023-01-23.15:12:21::SCWBDomain::arm-none-eabi-gcc -MMD -MP       -mcpu=cortex-a9 -mfpu=vfpv3 -mfloat-abi=hard   -O2 -c -c nor.c -o nor.o -Izynq_fsbl_bsp/ps7_co
TRACE::2023-01-23.15:12:21::SCWBDomain::rtexa9_0/include -I.

TRACE::2023-01-23.15:12:21::SCWBDomain::arm-none-eabi-gcc -MMD -MP       -mcpu=cortex-a9 -mfpu=vfpv3 -mfloat-abi=hard   -O2 -c -c image_mover.c -o image_mover.o -Izynq
TRACE::2023-01-23.15:12:21::SCWBDomain::_fsbl_bsp/ps7_cortexa9_0/include -I.

TRACE::2023-01-23.15:12:21::SCWBDomain::arm-none-eabi-gcc -MMD -MP       -mcpu=cortex-a9 -mfpu=vfpv3 -mfloat-abi=hard   -O2 -c -c md5.c -o md5.o -Izynq_fsbl_bsp/ps7_co
TRACE::2023-01-23.15:12:21::SCWBDomain::rtexa9_0/include -I.

TRACE::2023-01-23.15:12:21::SCWBDomain::arm-none-eabi-gcc -MMD -MP       -mcpu=cortex-a9 -mfpu=vfpv3 -mfloat-abi=hard   -O2 -c -c fsbl_hooks.c -o fsbl_hooks.o -Izynq_f
TRACE::2023-01-23.15:12:21::SCWBDomain::sbl_bsp/ps7_cortexa9_0/include -I.

TRACE::2023-01-23.15:12:21::SCWBDomain::arm-none-eabi-gcc -MMD -MP       -mcpu=cortex-a9 -mfpu=vfpv3 -mfloat-abi=hard   -O2 -c -c main.c -o main.o -Izynq_fsbl_bsp/ps7_
TRACE::2023-01-23.15:12:21::SCWBDomain::cortexa9_0/include -I.

TRACE::2023-01-23.15:12:21::SCWBDomain::arm-none-eabi-gcc -MMD -MP       -mcpu=cortex-a9 -mfpu=vfpv3 -mfloat-abi=hard   -O2 -c -c rsa.c -o rsa.o -Izynq_fsbl_bsp/ps7_co
TRACE::2023-01-23.15:12:21::SCWBDomain::rtexa9_0/include -I.

TRACE::2023-01-23.15:12:21::SCWBDomain::arm-none-eabi-gcc -MMD -MP       -mcpu=cortex-a9 -mfpu=vfpv3 -mfloat-abi=hard   -O2 -c -c qspi.c -o qspi.o -Izynq_fsbl_bsp/ps7_
TRACE::2023-01-23.15:12:21::SCWBDomain::cortexa9_0/include -I.

TRACE::2023-01-23.15:12:21::SCWBDomain::arm-none-eabi-gcc -MMD -MP       -mcpu=cortex-a9 -mfpu=vfpv3 -mfloat-abi=hard   -O2 -c -c ps7_init.c -o ps7_init.o -Izynq_fsbl_
TRACE::2023-01-23.15:12:21::SCWBDomain::bsp/ps7_cortexa9_0/include -I.

TRACE::2023-01-23.15:12:21::SCWBDomain::arm-none-eabi-gcc -MMD -MP       -mcpu=cortex-a9 -mfpu=vfpv3 -mfloat-abi=hard   -O2 -c -c pcap.c -o pcap.o -Izynq_fsbl_bsp/ps7_
TRACE::2023-01-23.15:12:21::SCWBDomain::cortexa9_0/include -I.

TRACE::2023-01-23.15:12:21::SCWBDomain::arm-none-eabi-gcc -MMD -MP       -mcpu=cortex-a9 -mfpu=vfpv3 -mfloat-abi=hard   -O2 -c -c fsbl_handoff.S -o fsbl_handoff.o -Izy
TRACE::2023-01-23.15:12:21::SCWBDomain::nq_fsbl_bsp/ps7_cortexa9_0/include -I.

TRACE::2023-01-23.15:12:22::SCWBDomain::arm-none-eabi-gcc -o fsbl.elf  sd.o  nand.o  nor.o  image_mover.o  md5.o  fsbl_hooks.o  main.o  rsa.o  qspi.o  ps7_init.o  pcap
TRACE::2023-01-23.15:12:22::SCWBDomain::.o  fsbl_handoff.o -MMD -MP       -mcpu=cortex-a9 -mfpu=vfpv3 -mfloat-abi=hard   -mcpu=cortex-a9 -mfpu=vfpv3 -mfloat-abi=hard -
TRACE::2023-01-23.15:12:22::SCWBDomain::Wl,-build-id=none -specs=Xilinx.spec  -lrsa -Wl,--start-group,-lxil,-lgcc,-lc,--end-group -Wl,--start-group,-lxilffs,-lxil,-lgc
TRACE::2023-01-23.15:12:22::SCWBDomain::c,-lc,--end-group -Wl,--start-group,-lrsa,-lxil,-lgcc,-lc,--end-group                                       -Wl,--gc-sections -
TRACE::2023-01-23.15:12:22::SCWBDomain::Lzynq_fsbl_bsp/ps7_cortexa9_0/lib -L./ -Tlscript.ld

LOG::2023-01-23.15:12:22::SCWSystem::Checking the domain standalone_ps7_cortexa9_0
LOG::2023-01-23.15:12:22::SCWSystem::Not a boot domain 
LOG::2023-01-23.15:12:22::SCWSystem::Started Processing the domain standalone_ps7_cortexa9_0
TRACE::2023-01-23.15:12:22::SCWDomain::Generating domain artifcats
TRACE::2023-01-23.15:12:22::SCWMssOS::Generating standalone artifcats
TRACE::2023-01-23.15:12:22::SCWMssOS::Copying the qemu file from  C:/Xilinx/Vitis/2020.2/data/emulation/platforms/zynq/sw/a9_standalone/qemu/qemu_args.txt To C:/Travail/s4InfoAtelier4/atelier4_wrapper/export/atelier4_wrapper/sw/atelier4_wrapper/qemu/
TRACE::2023-01-23.15:12:22::SCWMssOS::Copying the qemu file from  C:/Xilinx/Vitis/2020.2/data/emulation/platforms/zynq/sw/a9_standalone/qemu/qemu_args.txt To C:/Travail/s4InfoAtelier4/atelier4_wrapper/export/atelier4_wrapper/sw/atelier4_wrapper/standalone_ps7_cortexa9_0/qemu/
TRACE::2023-01-23.15:12:22::SCWMssOS:: Copying the user libraries. 
TRACE::2023-01-23.15:12:22::SCWPlatform::Trying to open the hw design at C:/Travail/s4InfoAtelier4/atelier4_wrapper/hw/atelier4_wrapper.xsa
TRACE::2023-01-23.15:12:22::SCWPlatform::DSA given C:/Travail/s4InfoAtelier4/atelier4_wrapper/hw/atelier4_wrapper.xsa
TRACE::2023-01-23.15:12:22::SCWPlatform::DSA absoulate path C:/Travail/s4InfoAtelier4/atelier4_wrapper/hw/atelier4_wrapper.xsa
TRACE::2023-01-23.15:12:22::SCWPlatform::DSA directory C:/Travail/s4InfoAtelier4/atelier4_wrapper/hw
TRACE::2023-01-23.15:12:22::SCWPlatform:: Platform Path C:/Travail/s4InfoAtelier4/atelier4_wrapper/hw/atelier4_wrapper.xsa
TRACE::2023-01-23.15:12:22::SCWPlatform:: Unique name xilinx:zybo-z7-10::0.0
TRACE::2023-01-23.15:12:22::SCWPlatform::Trying to set the existing hwdb with name atelier4_wrapper_2
TRACE::2023-01-23.15:12:22::SCWPlatform::Opened existing hwdb atelier4_wrapper_2
TRACE::2023-01-23.15:12:22::SCWPlatform::Found the Hw Db part of the input DSA
TRACE::2023-01-23.15:12:22::SCWMssOS::Checking the sw design at  C:/Travail/s4InfoAtelier4/atelier4_wrapper/ps7_cortexa9_0/standalone_ps7_cortexa9_0/bsp/system.mss
TRACE::2023-01-23.15:12:22::SCWMssOS::DEBUG:  swdes dump  C:/Travail/s4InfoAtelier4/atelier4_wrapper/ps7_cortexa9_0/standalone_ps7_cortexa9_0/bsp/system.mss|system_0||
C:/Travail/s4InfoAtelier4/atelier4_wrapper/zynq_fsbl/zynq_fsbl_bsp/system.mss|system||

TRACE::2023-01-23.15:12:22::SCWMssOS::Sw design exists and opened at  C:/Travail/s4InfoAtelier4/atelier4_wrapper/ps7_cortexa9_0/standalone_ps7_cortexa9_0/bsp/system.mss
TRACE::2023-01-23.15:12:22::SCWMssOS::Completed writing the mss file at C:/Travail/s4InfoAtelier4/atelier4_wrapper/ps7_cortexa9_0/standalone_ps7_cortexa9_0/bsp
TRACE::2023-01-23.15:12:22::SCWMssOS::Mss edits present, copying mssfile into export location C:/Travail/s4InfoAtelier4/atelier4_wrapper/ps7_cortexa9_0/standalone_ps7_cortexa9_0/bsp/system.mss
TRACE::2023-01-23.15:12:22::SCWMssOS::bsp generated is upto date with the mss file. Skipping bsp generation.
TRACE::2023-01-23.15:12:22::SCWMssOS::BSP is already built. skipping the bsp build ... 
TRACE::2023-01-23.15:12:22::SCWDomain::Building the domain as part of full build :  standalone_ps7_cortexa9_0
TRACE::2023-01-23.15:12:22::SCWMssOS::doing bsp build ... 
TRACE::2023-01-23.15:12:22::SCWMssOS::System Command Ran  C: & cd  C:/Travail/s4InfoAtelier4/atelier4_wrapper/ps7_cortexa9_0/standalone_ps7_cortexa9_0/bsp & make 
TRACE::2023-01-23.15:12:22::SCWMssOS::make --no-print-directory seq_libs

TRACE::2023-01-23.15:12:22::SCWMssOS::"Running Make include in ps7_cortexa9_0/libsrc/axis_switch_v1_4/src"

TRACE::2023-01-23.15:12:22::SCWMssOS::make -C ps7_cortexa9_0/libsrc/axis_switch_v1_4/src -s include  "SHELL=CMD" "COMPILER=arm-none-eabi-gcc" "ASSEMBLER=arm-none-eab
TRACE::2023-01-23.15:12:22::SCWMssOS::i-as" "ARCHIVER=arm-none-eabi-ar" "COMPILER_FLAGS=  -O2 -c" "EXTRA_COMPILER_FLAGS=-mcpu=cortex-a9 -mfpu=vfpv3 -mfloat-abi=hard 
TRACE::2023-01-23.15:12:22::SCWMssOS::-nostartfiles -g -Wall -Wextra"

TRACE::2023-01-23.15:12:22::SCWMssOS::"Running Make include in ps7_cortexa9_0/libsrc/axivdma_v6_8/src"

TRACE::2023-01-23.15:12:22::SCWMssOS::make -C ps7_cortexa9_0/libsrc/axivdma_v6_8/src -s include  "SHELL=CMD" "COMPILER=arm-none-eabi-gcc" "ASSEMBLER=arm-none-eabi-as
TRACE::2023-01-23.15:12:22::SCWMssOS::" "ARCHIVER=arm-none-eabi-ar" "COMPILER_FLAGS=  -O2 -c" "EXTRA_COMPILER_FLAGS=-mcpu=cortex-a9 -mfpu=vfpv3 -mfloat-abi=hard -nos
TRACE::2023-01-23.15:12:22::SCWMssOS::tartfiles -g -Wall -Wextra"

TRACE::2023-01-23.15:12:22::SCWMssOS::"Running Make include in ps7_cortexa9_0/libsrc/coresightps_dcc_v1_8/src"

TRACE::2023-01-23.15:12:22::SCWMssOS::make -C ps7_cortexa9_0/libsrc/coresightps_dcc_v1_8/src -s include  "SHELL=CMD" "COMPILER=arm-none-eabi-gcc" "ASSEMBLER=arm-none
TRACE::2023-01-23.15:12:22::SCWMssOS::-eabi-as" "ARCHIVER=arm-none-eabi-ar" "COMPILER_FLAGS=  -O2 -c" "EXTRA_COMPILER_FLAGS=-mcpu=cortex-a9 -mfpu=vfpv3 -mfloat-abi=h
TRACE::2023-01-23.15:12:22::SCWMssOS::ard -nostartfiles -g -Wall -Wextra"

TRACE::2023-01-23.15:12:22::SCWMssOS::"Running Make include in ps7_cortexa9_0/libsrc/cpu_cortexa9_v2_10/src"

TRACE::2023-01-23.15:12:22::SCWMssOS::make -C ps7_cortexa9_0/libsrc/cpu_cortexa9_v2_10/src -s include  "SHELL=CMD" "COMPILER=arm-none-eabi-gcc" "ASSEMBLER=arm-none-e
TRACE::2023-01-23.15:12:22::SCWMssOS::abi-as" "ARCHIVER=arm-none-eabi-ar" "COMPILER_FLAGS=  -O2 -c" "EXTRA_COMPILER_FLAGS=-mcpu=cortex-a9 -mfpu=vfpv3 -mfloat-abi=har
TRACE::2023-01-23.15:12:22::SCWMssOS::d -nostartfiles -g -Wall -Wextra"

TRACE::2023-01-23.15:12:22::SCWMssOS::"Running Make include in ps7_cortexa9_0/libsrc/ddrps_v1_2/src"

TRACE::2023-01-23.15:12:22::SCWMssOS::make -C ps7_cortexa9_0/libsrc/ddrps_v1_2/src -s include  "SHELL=CMD" "COMPILER=arm-none-eabi-gcc" "ASSEMBLER=arm-none-eabi-as" 
TRACE::2023-01-23.15:12:22::SCWMssOS::"ARCHIVER=arm-none-eabi-ar" "COMPILER_FLAGS=  -O2 -c" "EXTRA_COMPILER_FLAGS=-mcpu=cortex-a9 -mfpu=vfpv3 -mfloat-abi=hard -nosta
TRACE::2023-01-23.15:12:22::SCWMssOS::rtfiles -g -Wall -Wextra"

TRACE::2023-01-23.15:12:22::SCWMssOS::"Running Make include in ps7_cortexa9_0/libsrc/devcfg_v3_7/src"

TRACE::2023-01-23.15:12:22::SCWMssOS::make -C ps7_cortexa9_0/libsrc/devcfg_v3_7/src -s include  "SHELL=CMD" "COMPILER=arm-none-eabi-gcc" "ASSEMBLER=arm-none-eabi-as"
TRACE::2023-01-23.15:12:22::SCWMssOS:: "ARCHIVER=arm-none-eabi-ar" "COMPILER_FLAGS=  -O2 -c" "EXTRA_COMPILER_FLAGS=-mcpu=cortex-a9 -mfpu=vfpv3 -mfloat-abi=hard -nost
TRACE::2023-01-23.15:12:22::SCWMssOS::artfiles -g -Wall -Wextra"

TRACE::2023-01-23.15:12:22::SCWMssOS::"Running Make include in ps7_cortexa9_0/libsrc/dmaps_v2_7/src"

TRACE::2023-01-23.15:12:22::SCWMssOS::make -C ps7_cortexa9_0/libsrc/dmaps_v2_7/src -s include  "SHELL=CMD" "COMPILER=arm-none-eabi-gcc" "ASSEMBLER=arm-none-eabi-as" 
TRACE::2023-01-23.15:12:22::SCWMssOS::"ARCHIVER=arm-none-eabi-ar" "COMPILER_FLAGS=  -O2 -c" "EXTRA_COMPILER_FLAGS=-mcpu=cortex-a9 -mfpu=vfpv3 -mfloat-abi=hard -nosta
TRACE::2023-01-23.15:12:22::SCWMssOS::rtfiles -g -Wall -Wextra"

TRACE::2023-01-23.15:12:22::SCWMssOS::"Running Make include in ps7_cortexa9_0/libsrc/emacps_v3_12/src"

TRACE::2023-01-23.15:12:22::SCWMssOS::make -C ps7_cortexa9_0/libsrc/emacps_v3_12/src -s include  "SHELL=CMD" "COMPILER=arm-none-eabi-gcc" "ASSEMBLER=arm-none-eabi-as
TRACE::2023-01-23.15:12:22::SCWMssOS::" "ARCHIVER=arm-none-eabi-ar" "COMPILER_FLAGS=  -O2 -c" "EXTRA_COMPILER_FLAGS=-mcpu=cortex-a9 -mfpu=vfpv3 -mfloat-abi=hard -nos
TRACE::2023-01-23.15:12:22::SCWMssOS::tartfiles -g -Wall -Wextra"

TRACE::2023-01-23.15:12:22::SCWMssOS::"Running Make include in ps7_cortexa9_0/libsrc/gpiops_v3_8/src"

TRACE::2023-01-23.15:12:22::SCWMssOS::make -C ps7_cortexa9_0/libsrc/gpiops_v3_8/src -s include  "SHELL=CMD" "COMPILER=arm-none-eabi-gcc" "ASSEMBLER=arm-none-eabi-as"
TRACE::2023-01-23.15:12:22::SCWMssOS:: "ARCHIVER=arm-none-eabi-ar" "COMPILER_FLAGS=  -O2 -c" "EXTRA_COMPILER_FLAGS=-mcpu=cortex-a9 -mfpu=vfpv3 -mfloat-abi=hard -nost
TRACE::2023-01-23.15:12:22::SCWMssOS::artfiles -g -Wall -Wextra"

TRACE::2023-01-23.15:12:22::SCWMssOS::"Running Make include in ps7_cortexa9_0/libsrc/gpio_v4_7/src"

TRACE::2023-01-23.15:12:22::SCWMssOS::make -C ps7_cortexa9_0/libsrc/gpio_v4_7/src -s include  "SHELL=CMD" "COMPILER=arm-none-eabi-gcc" "ASSEMBLER=arm-none-eabi-as" "
TRACE::2023-01-23.15:12:22::SCWMssOS::ARCHIVER=arm-none-eabi-ar" "COMPILER_FLAGS=  -O2 -c" "EXTRA_COMPILER_FLAGS=-mcpu=cortex-a9 -mfpu=vfpv3 -mfloat-abi=hard -nostar
TRACE::2023-01-23.15:12:22::SCWMssOS::tfiles -g -Wall -Wextra"

TRACE::2023-01-23.15:12:22::SCWMssOS::"Running Make include in ps7_cortexa9_0/libsrc/mycolorRegister_v1_0/src"

TRACE::2023-01-23.15:12:22::SCWMssOS::make -C ps7_cortexa9_0/libsrc/mycolorRegister_v1_0/src -s include  "SHELL=CMD" "COMPILER=arm-none-eabi-gcc" "ASSEMBLER=arm-none
TRACE::2023-01-23.15:12:22::SCWMssOS::-eabi-as" "ARCHIVER=arm-none-eabi-ar" "COMPILER_FLAGS=  -O2 -c" "EXTRA_COMPILER_FLAGS=-mcpu=cortex-a9 -mfpu=vfpv3 -mfloat-abi=h
TRACE::2023-01-23.15:12:22::SCWMssOS::ard -nostartfiles -g -Wall -Wextra"

TRACE::2023-01-23.15:12:22::SCWMssOS::"Running Make include in ps7_cortexa9_0/libsrc/pixelDataToVideoStream_v1_0/src"

TRACE::2023-01-23.15:12:22::SCWMssOS::make -C ps7_cortexa9_0/libsrc/pixelDataToVideoStream_v1_0/src -s include  "SHELL=CMD" "COMPILER=arm-none-eabi-gcc" "ASSEMBLER=a
TRACE::2023-01-23.15:12:22::SCWMssOS::rm-none-eabi-as" "ARCHIVER=arm-none-eabi-ar" "COMPILER_FLAGS=  -O2 -c" "EXTRA_COMPILER_FLAGS=-mcpu=cortex-a9 -mfpu=vfpv3 -mfloa
TRACE::2023-01-23.15:12:22::SCWMssOS::t-abi=hard -nostartfiles -g -Wall -Wextra"

TRACE::2023-01-23.15:12:22::SCWMssOS::"Running Make include in ps7_cortexa9_0/libsrc/qspips_v3_8/src"

TRACE::2023-01-23.15:12:22::SCWMssOS::make -C ps7_cortexa9_0/libsrc/qspips_v3_8/src -s include  "SHELL=CMD" "COMPILER=arm-none-eabi-gcc" "ASSEMBLER=arm-none-eabi-as"
TRACE::2023-01-23.15:12:22::SCWMssOS:: "ARCHIVER=arm-none-eabi-ar" "COMPILER_FLAGS=  -O2 -c" "EXTRA_COMPILER_FLAGS=-mcpu=cortex-a9 -mfpu=vfpv3 -mfloat-abi=hard -nost
TRACE::2023-01-23.15:12:22::SCWMssOS::artfiles -g -Wall -Wextra"

TRACE::2023-01-23.15:12:22::SCWMssOS::"Running Make include in ps7_cortexa9_0/libsrc/scugic_v4_3/src"

TRACE::2023-01-23.15:12:22::SCWMssOS::make -C ps7_cortexa9_0/libsrc/scugic_v4_3/src -s include  "SHELL=CMD" "COMPILER=arm-none-eabi-gcc" "ASSEMBLER=arm-none-eabi-as"
TRACE::2023-01-23.15:12:22::SCWMssOS:: "ARCHIVER=arm-none-eabi-ar" "COMPILER_FLAGS=  -O2 -c" "EXTRA_COMPILER_FLAGS=-mcpu=cortex-a9 -mfpu=vfpv3 -mfloat-abi=hard -nost
TRACE::2023-01-23.15:12:22::SCWMssOS::artfiles -g -Wall -Wextra"

TRACE::2023-01-23.15:12:22::SCWMssOS::"Running Make include in ps7_cortexa9_0/libsrc/scutimer_v2_3/src"

TRACE::2023-01-23.15:12:22::SCWMssOS::make -C ps7_cortexa9_0/libsrc/scutimer_v2_3/src -s include  "SHELL=CMD" "COMPILER=arm-none-eabi-gcc" "ASSEMBLER=arm-none-eabi-a
TRACE::2023-01-23.15:12:22::SCWMssOS::s" "ARCHIVER=arm-none-eabi-ar" "COMPILER_FLAGS=  -O2 -c" "EXTRA_COMPILER_FLAGS=-mcpu=cortex-a9 -mfpu=vfpv3 -mfloat-abi=hard -no
TRACE::2023-01-23.15:12:22::SCWMssOS::startfiles -g -Wall -Wextra"

TRACE::2023-01-23.15:12:23::SCWMssOS::"Running Make include in ps7_cortexa9_0/libsrc/scuwdt_v2_3/src"

TRACE::2023-01-23.15:12:23::SCWMssOS::make -C ps7_cortexa9_0/libsrc/scuwdt_v2_3/src -s include  "SHELL=CMD" "COMPILER=arm-none-eabi-gcc" "ASSEMBLER=arm-none-eabi-as"
TRACE::2023-01-23.15:12:23::SCWMssOS:: "ARCHIVER=arm-none-eabi-ar" "COMPILER_FLAGS=  -O2 -c" "EXTRA_COMPILER_FLAGS=-mcpu=cortex-a9 -mfpu=vfpv3 -mfloat-abi=hard -nost
TRACE::2023-01-23.15:12:23::SCWMssOS::artfiles -g -Wall -Wextra"

TRACE::2023-01-23.15:12:23::SCWMssOS::"Running Make include in ps7_cortexa9_0/libsrc/sdps_v3_10/src"

TRACE::2023-01-23.15:12:23::SCWMssOS::make -C ps7_cortexa9_0/libsrc/sdps_v3_10/src -s include  "SHELL=CMD" "COMPILER=arm-none-eabi-gcc" "ASSEMBLER=arm-none-eabi-as" 
TRACE::2023-01-23.15:12:23::SCWMssOS::"ARCHIVER=arm-none-eabi-ar" "COMPILER_FLAGS=  -O2 -c" "EXTRA_COMPILER_FLAGS=-mcpu=cortex-a9 -mfpu=vfpv3 -mfloat-abi=hard -nosta
TRACE::2023-01-23.15:12:23::SCWMssOS::rtfiles -g -Wall -Wextra"

TRACE::2023-01-23.15:12:23::SCWMssOS::"Running Make include in ps7_cortexa9_0/libsrc/standalone_v7_3/src"

TRACE::2023-01-23.15:12:23::SCWMssOS::make -C ps7_cortexa9_0/libsrc/standalone_v7_3/src -s include  "SHELL=CMD" "COMPILER=arm-none-eabi-gcc" "ASSEMBLER=arm-none-eabi
TRACE::2023-01-23.15:12:23::SCWMssOS::-as" "ARCHIVER=arm-none-eabi-ar" "COMPILER_FLAGS=  -O2 -c" "EXTRA_COMPILER_FLAGS=-mcpu=cortex-a9 -mfpu=vfpv3 -mfloat-abi=hard -
TRACE::2023-01-23.15:12:23::SCWMssOS::nostartfiles -g -Wall -Wextra"

TRACE::2023-01-23.15:12:23::SCWMssOS::"Running Make include in ps7_cortexa9_0/libsrc/uartps_v3_10/src"

TRACE::2023-01-23.15:12:23::SCWMssOS::make -C ps7_cortexa9_0/libsrc/uartps_v3_10/src -s include  "SHELL=CMD" "COMPILER=arm-none-eabi-gcc" "ASSEMBLER=arm-none-eabi-as
TRACE::2023-01-23.15:12:23::SCWMssOS::" "ARCHIVER=arm-none-eabi-ar" "COMPILER_FLAGS=  -O2 -c" "EXTRA_COMPILER_FLAGS=-mcpu=cortex-a9 -mfpu=vfpv3 -mfloat-abi=hard -nos
TRACE::2023-01-23.15:12:23::SCWMssOS::tartfiles -g -Wall -Wextra"

TRACE::2023-01-23.15:12:23::SCWMssOS::"Running Make include in ps7_cortexa9_0/libsrc/usbps_v2_6/src"

TRACE::2023-01-23.15:12:23::SCWMssOS::make -C ps7_cortexa9_0/libsrc/usbps_v2_6/src -s include  "SHELL=CMD" "COMPILER=arm-none-eabi-gcc" "ASSEMBLER=arm-none-eabi-as" 
TRACE::2023-01-23.15:12:23::SCWMssOS::"ARCHIVER=arm-none-eabi-ar" "COMPILER_FLAGS=  -O2 -c" "EXTRA_COMPILER_FLAGS=-mcpu=cortex-a9 -mfpu=vfpv3 -mfloat-abi=hard -nosta
TRACE::2023-01-23.15:12:23::SCWMssOS::rtfiles -g -Wall -Wextra"

TRACE::2023-01-23.15:12:23::SCWMssOS::"Running Make include in ps7_cortexa9_0/libsrc/video_common_v4_10/src"

TRACE::2023-01-23.15:12:23::SCWMssOS::make -C ps7_cortexa9_0/libsrc/video_common_v4_10/src -s include  "SHELL=CMD" "COMPILER=arm-none-eabi-gcc" "ASSEMBLER=arm-none-e
TRACE::2023-01-23.15:12:23::SCWMssOS::abi-as" "ARCHIVER=arm-none-eabi-ar" "COMPILER_FLAGS=  -O2 -c" "EXTRA_COMPILER_FLAGS=-mcpu=cortex-a9 -mfpu=vfpv3 -mfloat-abi=har
TRACE::2023-01-23.15:12:23::SCWMssOS::d -nostartfiles -g -Wall -Wextra"

TRACE::2023-01-23.15:12:23::SCWMssOS::"Running Make include in ps7_cortexa9_0/libsrc/vprocss_v2_8/src"

TRACE::2023-01-23.15:12:23::SCWMssOS::make -C ps7_cortexa9_0/libsrc/vprocss_v2_8/src -s include  "SHELL=CMD" "COMPILER=arm-none-eabi-gcc" "ASSEMBLER=arm-none-eabi-as
TRACE::2023-01-23.15:12:23::SCWMssOS::" "ARCHIVER=arm-none-eabi-ar" "COMPILER_FLAGS=  -O2 -c" "EXTRA_COMPILER_FLAGS=-mcpu=cortex-a9 -mfpu=vfpv3 -mfloat-abi=hard -nos
TRACE::2023-01-23.15:12:23::SCWMssOS::tartfiles -g -Wall -Wextra"

TRACE::2023-01-23.15:12:23::SCWMssOS::"Running Make include in ps7_cortexa9_0/libsrc/v_csc_v2_5/src"

TRACE::2023-01-23.15:12:23::SCWMssOS::make -C ps7_cortexa9_0/libsrc/v_csc_v2_5/src -s include  "SHELL=CMD" "COMPILER=arm-none-eabi-gcc" "ASSEMBLER=arm-none-eabi-as" 
TRACE::2023-01-23.15:12:23::SCWMssOS::"ARCHIVER=arm-none-eabi-ar" "COMPILER_FLAGS=  -O2 -c" "EXTRA_COMPILER_FLAGS=-mcpu=cortex-a9 -mfpu=vfpv3 -mfloat-abi=hard -nosta
TRACE::2023-01-23.15:12:23::SCWMssOS::rtfiles -g -Wall -Wextra"

TRACE::2023-01-23.15:12:24::SCWMssOS::"Running Make include in ps7_cortexa9_0/libsrc/v_deinterlacer_v7_2/src"

TRACE::2023-01-23.15:12:24::SCWMssOS::make -C ps7_cortexa9_0/libsrc/v_deinterlacer_v7_2/src -s include  "SHELL=CMD" "COMPILER=arm-none-eabi-gcc" "ASSEMBLER=arm-none-
TRACE::2023-01-23.15:12:24::SCWMssOS::eabi-as" "ARCHIVER=arm-none-eabi-ar" "COMPILER_FLAGS=  -O2 -c" "EXTRA_COMPILER_FLAGS=-mcpu=cortex-a9 -mfpu=vfpv3 -mfloat-abi=ha
TRACE::2023-01-23.15:12:24::SCWMssOS::rd -nostartfiles -g -Wall -Wextra"

TRACE::2023-01-23.15:12:24::SCWMssOS::"Running Make include in ps7_cortexa9_0/libsrc/v_hcresampler_v3_2/src"

TRACE::2023-01-23.15:12:24::SCWMssOS::make -C ps7_cortexa9_0/libsrc/v_hcresampler_v3_2/src -s include  "SHELL=CMD" "COMPILER=arm-none-eabi-gcc" "ASSEMBLER=arm-none-e
TRACE::2023-01-23.15:12:24::SCWMssOS::abi-as" "ARCHIVER=arm-none-eabi-ar" "COMPILER_FLAGS=  -O2 -c" "EXTRA_COMPILER_FLAGS=-mcpu=cortex-a9 -mfpu=vfpv3 -mfloat-abi=har
TRACE::2023-01-23.15:12:24::SCWMssOS::d -nostartfiles -g -Wall -Wextra"

TRACE::2023-01-23.15:12:24::SCWMssOS::"Running Make include in ps7_cortexa9_0/libsrc/v_hscaler_v3_4/src"

TRACE::2023-01-23.15:12:24::SCWMssOS::make -C ps7_cortexa9_0/libsrc/v_hscaler_v3_4/src -s include  "SHELL=CMD" "COMPILER=arm-none-eabi-gcc" "ASSEMBLER=arm-none-eabi-
TRACE::2023-01-23.15:12:24::SCWMssOS::as" "ARCHIVER=arm-none-eabi-ar" "COMPILER_FLAGS=  -O2 -c" "EXTRA_COMPILER_FLAGS=-mcpu=cortex-a9 -mfpu=vfpv3 -mfloat-abi=hard -n
TRACE::2023-01-23.15:12:24::SCWMssOS::ostartfiles -g -Wall -Wextra"

TRACE::2023-01-23.15:12:24::SCWMssOS::"Running Make include in ps7_cortexa9_0/libsrc/v_letterbox_v2_3/src"

TRACE::2023-01-23.15:12:24::SCWMssOS::make -C ps7_cortexa9_0/libsrc/v_letterbox_v2_3/src -s include  "SHELL=CMD" "COMPILER=arm-none-eabi-gcc" "ASSEMBLER=arm-none-eab
TRACE::2023-01-23.15:12:24::SCWMssOS::i-as" "ARCHIVER=arm-none-eabi-ar" "COMPILER_FLAGS=  -O2 -c" "EXTRA_COMPILER_FLAGS=-mcpu=cortex-a9 -mfpu=vfpv3 -mfloat-abi=hard 
TRACE::2023-01-23.15:12:24::SCWMssOS::-nostartfiles -g -Wall -Wextra"

TRACE::2023-01-23.15:12:24::SCWMssOS::"Running Make include in ps7_cortexa9_0/libsrc/v_vcresampler_v3_2/src"

TRACE::2023-01-23.15:12:24::SCWMssOS::make -C ps7_cortexa9_0/libsrc/v_vcresampler_v3_2/src -s include  "SHELL=CMD" "COMPILER=arm-none-eabi-gcc" "ASSEMBLER=arm-none-e
TRACE::2023-01-23.15:12:24::SCWMssOS::abi-as" "ARCHIVER=arm-none-eabi-ar" "COMPILER_FLAGS=  -O2 -c" "EXTRA_COMPILER_FLAGS=-mcpu=cortex-a9 -mfpu=vfpv3 -mfloat-abi=har
TRACE::2023-01-23.15:12:24::SCWMssOS::d -nostartfiles -g -Wall -Wextra"

TRACE::2023-01-23.15:12:24::SCWMssOS::"Running Make include in ps7_cortexa9_0/libsrc/v_vscaler_v3_2/src"

TRACE::2023-01-23.15:12:24::SCWMssOS::make -C ps7_cortexa9_0/libsrc/v_vscaler_v3_2/src -s include  "SHELL=CMD" "COMPILER=arm-none-eabi-gcc" "ASSEMBLER=arm-none-eabi-
TRACE::2023-01-23.15:12:24::SCWMssOS::as" "ARCHIVER=arm-none-eabi-ar" "COMPILER_FLAGS=  -O2 -c" "EXTRA_COMPILER_FLAGS=-mcpu=cortex-a9 -mfpu=vfpv3 -mfloat-abi=hard -n
TRACE::2023-01-23.15:12:24::SCWMssOS::ostartfiles -g -Wall -Wextra"

TRACE::2023-01-23.15:12:24::SCWMssOS::"Running Make include in ps7_cortexa9_0/libsrc/xadcps_v2_5/src"

TRACE::2023-01-23.15:12:24::SCWMssOS::make -C ps7_cortexa9_0/libsrc/xadcps_v2_5/src -s include  "SHELL=CMD" "COMPILER=arm-none-eabi-gcc" "ASSEMBLER=arm-none-eabi-as"
TRACE::2023-01-23.15:12:24::SCWMssOS:: "ARCHIVER=arm-none-eabi-ar" "COMPILER_FLAGS=  -O2 -c" "EXTRA_COMPILER_FLAGS=-mcpu=cortex-a9 -mfpu=vfpv3 -mfloat-abi=hard -nost
TRACE::2023-01-23.15:12:24::SCWMssOS::artfiles -g -Wall -Wextra"

TRACE::2023-01-23.15:12:24::SCWMssOS::"Running Make libs in ps7_cortexa9_0/libsrc/mycolorRegister_v1_0/src"

TRACE::2023-01-23.15:12:24::SCWMssOS::make -C ps7_cortexa9_0/libsrc/mycolorRegister_v1_0/src -s libs  "SHELL=CMD" "COMPILER=arm-none-eabi-gcc" "ASSEMBLER=arm-none-ea
TRACE::2023-01-23.15:12:24::SCWMssOS::bi-as" "ARCHIVER=arm-none-eabi-ar" "COMPILER_FLAGS=  -O2 -c" "EXTRA_COMPILER_FLAGS=-mcpu=cortex-a9 -mfpu=vfpv3 -mfloat-abi=hard
TRACE::2023-01-23.15:12:24::SCWMssOS:: -nostartfiles -g -Wall -Wextra"

TRACE::2023-01-23.15:12:24::SCWMssOS::"Compiling mycolorRegister..."

TRACE::2023-01-23.15:12:24::SCWMssOS::"Running Make libs in ps7_cortexa9_0/libsrc/pixelDataToVideoStream_v1_0/src"

TRACE::2023-01-23.15:12:24::SCWMssOS::make -C ps7_cortexa9_0/libsrc/pixelDataToVideoStream_v1_0/src -s libs  "SHELL=CMD" "COMPILER=arm-none-eabi-gcc" "ASSEMBLER=arm-
TRACE::2023-01-23.15:12:24::SCWMssOS::none-eabi-as" "ARCHIVER=arm-none-eabi-ar" "COMPILER_FLAGS=  -O2 -c" "EXTRA_COMPILER_FLAGS=-mcpu=cortex-a9 -mfpu=vfpv3 -mfloat-a
TRACE::2023-01-23.15:12:24::SCWMssOS::bi=hard -nostartfiles -g -Wall -Wextra"

TRACE::2023-01-23.15:12:24::SCWMssOS::"Compiling pixelDataToVideoStream..."

TRACE::2023-01-23.15:12:24::SCWMssOS::'Finished building libraries sequentially.'

TRACE::2023-01-23.15:12:24::SCWMssOS::make -j --no-print-directory par_libs

TRACE::2023-01-23.15:12:24::SCWMssOS::"Running Make include in ps7_cortexa9_0/libsrc/axis_switch_v1_4/src"

TRACE::2023-01-23.15:12:24::SCWMssOS::make -C ps7_cortexa9_0/libsrc/axis_switch_v1_4/src -s include  "SHELL=CMD" "COMPILER=arm-none-eabi-gcc" "ASSEMBLER=arm-none-eab
TRACE::2023-01-23.15:12:24::SCWMssOS::i-as" "ARCHIVER=arm-none-eabi-ar" "COMPILER_FLAGS=  -O2 -c" "EXTRA_COMPILER_FLAGS=-mcpu=cortex-a9 -mfpu=vfpv3 -mfloat-abi=hard 
TRACE::2023-01-23.15:12:24::SCWMssOS::-nostartfiles -g -Wall -Wextra"

TRACE::2023-01-23.15:12:24::SCWMssOS::"Running Make include in ps7_cortexa9_0/libsrc/axivdma_v6_8/src"

TRACE::2023-01-23.15:12:24::SCWMssOS::make -C ps7_cortexa9_0/libsrc/axivdma_v6_8/src -s include  "SHELL=CMD" "COMPILER=arm-none-eabi-gcc" "ASSEMBLER=arm-none-eabi-as
TRACE::2023-01-23.15:12:24::SCWMssOS::" "ARCHIVER=arm-none-eabi-ar" "COMPILER_FLAGS=  -O2 -c" "EXTRA_COMPILER_FLAGS=-mcpu=cortex-a9 -mfpu=vfpv3 -mfloat-abi=hard -nos
TRACE::2023-01-23.15:12:24::SCWMssOS::tartfiles -g -Wall -Wextra"

TRACE::2023-01-23.15:12:24::SCWMssOS::"Running Make include in ps7_cortexa9_0/libsrc/coresightps_dcc_v1_8/src"

TRACE::2023-01-23.15:12:24::SCWMssOS::make -C ps7_cortexa9_0/libsrc/coresightps_dcc_v1_8/src -s include  "SHELL=CMD" "COMPILER=arm-none-eabi-gcc" "ASSEMBLER=arm-none
TRACE::2023-01-23.15:12:24::SCWMssOS::-eabi-as" "ARCHIVER=arm-none-eabi-ar" "COMPILER_FLAGS=  -O2 -c" "EXTRA_COMPILER_FLAGS=-mcpu=cortex-a9 -mfpu=vfpv3 -mfloat-abi=h
TRACE::2023-01-23.15:12:24::SCWMssOS::ard -nostartfiles -g -Wall -Wextra"

TRACE::2023-01-23.15:12:24::SCWMssOS::"Running Make include in ps7_cortexa9_0/libsrc/cpu_cortexa9_v2_10/src"

TRACE::2023-01-23.15:12:24::SCWMssOS::make -C ps7_cortexa9_0/libsrc/cpu_cortexa9_v2_10/src -s include  "SHELL=CMD" "COMPILER=arm-none-eabi-gcc" "ASSEMBLER=arm-none-e
TRACE::2023-01-23.15:12:24::SCWMssOS::abi-as" "ARCHIVER=arm-none-eabi-ar" "COMPILER_FLAGS=  -O2 -c" "EXTRA_COMPILER_FLAGS=-mcpu=cortex-a9 -mfpu=vfpv3 -mfloat-abi=har
TRACE::2023-01-23.15:12:24::SCWMssOS::d -nostartfiles -g -Wall -Wextra"

TRACE::2023-01-23.15:12:24::SCWMssOS::"Running Make include in ps7_cortexa9_0/libsrc/ddrps_v1_2/src"

TRACE::2023-01-23.15:12:24::SCWMssOS::make -C ps7_cortexa9_0/libsrc/ddrps_v1_2/src -s include  "SHELL=CMD" "COMPILER=arm-none-eabi-gcc" "ASSEMBLER=arm-none-eabi-as" 
TRACE::2023-01-23.15:12:24::SCWMssOS::"ARCHIVER=arm-none-eabi-ar" "COMPILER_FLAGS=  -O2 -c" "EXTRA_COMPILER_FLAGS=-mcpu=cortex-a9 -mfpu=vfpv3 -mfloat-abi=hard -nosta
TRACE::2023-01-23.15:12:24::SCWMssOS::rtfiles -g -Wall -Wextra"

TRACE::2023-01-23.15:12:24::SCWMssOS::"Running Make include in ps7_cortexa9_0/libsrc/devcfg_v3_7/src"

TRACE::2023-01-23.15:12:24::SCWMssOS::make -C ps7_cortexa9_0/libsrc/devcfg_v3_7/src -s include  "SHELL=CMD" "COMPILER=arm-none-eabi-gcc" "ASSEMBLER=arm-none-eabi-as"
TRACE::2023-01-23.15:12:24::SCWMssOS:: "ARCHIVER=arm-none-eabi-ar" "COMPILER_FLAGS=  -O2 -c" "EXTRA_COMPILER_FLAGS=-mcpu=cortex-a9 -mfpu=vfpv3 -mfloat-abi=hard -nost
TRACE::2023-01-23.15:12:24::SCWMssOS::artfiles -g -Wall -Wextra"

TRACE::2023-01-23.15:12:24::SCWMssOS::"Running Make include in ps7_cortexa9_0/libsrc/dmaps_v2_7/src"

TRACE::2023-01-23.15:12:24::SCWMssOS::make -C ps7_cortexa9_0/libsrc/dmaps_v2_7/src -s include  "SHELL=CMD" "COMPILER=arm-none-eabi-gcc" "ASSEMBLER=arm-none-eabi-as" 
TRACE::2023-01-23.15:12:24::SCWMssOS::"ARCHIVER=arm-none-eabi-ar" "COMPILER_FLAGS=  -O2 -c" "EXTRA_COMPILER_FLAGS=-mcpu=cortex-a9 -mfpu=vfpv3 -mfloat-abi=hard -nosta
TRACE::2023-01-23.15:12:24::SCWMssOS::rtfiles -g -Wall -Wextra"

TRACE::2023-01-23.15:12:24::SCWMssOS::"Running Make include in ps7_cortexa9_0/libsrc/emacps_v3_12/src"

TRACE::2023-01-23.15:12:24::SCWMssOS::make -C ps7_cortexa9_0/libsrc/emacps_v3_12/src -s include  "SHELL=CMD" "COMPILER=arm-none-eabi-gcc" "ASSEMBLER=arm-none-eabi-as
TRACE::2023-01-23.15:12:24::SCWMssOS::" "ARCHIVER=arm-none-eabi-ar" "COMPILER_FLAGS=  -O2 -c" "EXTRA_COMPILER_FLAGS=-mcpu=cortex-a9 -mfpu=vfpv3 -mfloat-abi=hard -nos
TRACE::2023-01-23.15:12:24::SCWMssOS::tartfiles -g -Wall -Wextra"

TRACE::2023-01-23.15:12:24::SCWMssOS::"Running Make include in ps7_cortexa9_0/libsrc/gpiops_v3_8/src"

TRACE::2023-01-23.15:12:24::SCWMssOS::make -C ps7_cortexa9_0/libsrc/gpiops_v3_8/src -s include  "SHELL=CMD" "COMPILER=arm-none-eabi-gcc" "ASSEMBLER=arm-none-eabi-as"
TRACE::2023-01-23.15:12:24::SCWMssOS:: "ARCHIVER=arm-none-eabi-ar" "COMPILER_FLAGS=  -O2 -c" "EXTRA_COMPILER_FLAGS=-mcpu=cortex-a9 -mfpu=vfpv3 -mfloat-abi=hard -nost
TRACE::2023-01-23.15:12:24::SCWMssOS::artfiles -g -Wall -Wextra"

TRACE::2023-01-23.15:12:24::SCWMssOS::"Running Make include in ps7_cortexa9_0/libsrc/gpio_v4_7/src"

TRACE::2023-01-23.15:12:24::SCWMssOS::make -C ps7_cortexa9_0/libsrc/gpio_v4_7/src -s include  "SHELL=CMD" "COMPILER=arm-none-eabi-gcc" "ASSEMBLER=arm-none-eabi-as" "
TRACE::2023-01-23.15:12:24::SCWMssOS::ARCHIVER=arm-none-eabi-ar" "COMPILER_FLAGS=  -O2 -c" "EXTRA_COMPILER_FLAGS=-mcpu=cortex-a9 -mfpu=vfpv3 -mfloat-abi=hard -nostar
TRACE::2023-01-23.15:12:24::SCWMssOS::tfiles -g -Wall -Wextra"

TRACE::2023-01-23.15:12:24::SCWMssOS::"Running Make include in ps7_cortexa9_0/libsrc/mycolorRegister_v1_0/src"

TRACE::2023-01-23.15:12:24::SCWMssOS::make -C ps7_cortexa9_0/libsrc/mycolorRegister_v1_0/src -s include  "SHELL=CMD" "COMPILER=arm-none-eabi-gcc" "ASSEMBLER=arm-none
TRACE::2023-01-23.15:12:24::SCWMssOS::-eabi-as" "ARCHIVER=arm-none-eabi-ar" "COMPILER_FLAGS=  -O2 -c" "EXTRA_COMPILER_FLAGS=-mcpu=cortex-a9 -mfpu=vfpv3 -mfloat-abi=h
TRACE::2023-01-23.15:12:24::SCWMssOS::ard -nostartfiles -g -Wall -Wextra"

TRACE::2023-01-23.15:12:24::SCWMssOS::"Running Make include in ps7_cortexa9_0/libsrc/pixelDataToVideoStream_v1_0/src"

TRACE::2023-01-23.15:12:24::SCWMssOS::make -C ps7_cortexa9_0/libsrc/pixelDataToVideoStream_v1_0/src -s include  "SHELL=CMD" "COMPILER=arm-none-eabi-gcc" "ASSEMBLER=a
TRACE::2023-01-23.15:12:24::SCWMssOS::rm-none-eabi-as" "ARCHIVER=arm-none-eabi-ar" "COMPILER_FLAGS=  -O2 -c" "EXTRA_COMPILER_FLAGS=-mcpu=cortex-a9 -mfpu=vfpv3 -mfloa
TRACE::2023-01-23.15:12:24::SCWMssOS::t-abi=hard -nostartfiles -g -Wall -Wextra"

TRACE::2023-01-23.15:12:25::SCWMssOS::"Running Make include in ps7_cortexa9_0/libsrc/qspips_v3_8/src"

TRACE::2023-01-23.15:12:25::SCWMssOS::make -C ps7_cortexa9_0/libsrc/qspips_v3_8/src -s include  "SHELL=CMD" "COMPILER=arm-none-eabi-gcc" "ASSEMBLER=arm-none-eabi-as"
TRACE::2023-01-23.15:12:25::SCWMssOS:: "ARCHIVER=arm-none-eabi-ar" "COMPILER_FLAGS=  -O2 -c" "EXTRA_COMPILER_FLAGS=-mcpu=cortex-a9 -mfpu=vfpv3 -mfloat-abi=hard -nost
TRACE::2023-01-23.15:12:25::SCWMssOS::artfiles -g -Wall -Wextra"

TRACE::2023-01-23.15:12:25::SCWMssOS::"Running Make include in ps7_cortexa9_0/libsrc/scugic_v4_3/src"

TRACE::2023-01-23.15:12:25::SCWMssOS::make -C ps7_cortexa9_0/libsrc/scugic_v4_3/src -s include  "SHELL=CMD" "COMPILER=arm-none-eabi-gcc" "ASSEMBLER=arm-none-eabi-as"
TRACE::2023-01-23.15:12:25::SCWMssOS:: "ARCHIVER=arm-none-eabi-ar" "COMPILER_FLAGS=  -O2 -c" "EXTRA_COMPILER_FLAGS=-mcpu=cortex-a9 -mfpu=vfpv3 -mfloat-abi=hard -nost
TRACE::2023-01-23.15:12:25::SCWMssOS::artfiles -g -Wall -Wextra"

TRACE::2023-01-23.15:12:25::SCWMssOS::"Running Make include in ps7_cortexa9_0/libsrc/scutimer_v2_3/src"

TRACE::2023-01-23.15:12:25::SCWMssOS::make -C ps7_cortexa9_0/libsrc/scutimer_v2_3/src -s include  "SHELL=CMD" "COMPILER=arm-none-eabi-gcc" "ASSEMBLER=arm-none-eabi-a
TRACE::2023-01-23.15:12:25::SCWMssOS::s" "ARCHIVER=arm-none-eabi-ar" "COMPILER_FLAGS=  -O2 -c" "EXTRA_COMPILER_FLAGS=-mcpu=cortex-a9 -mfpu=vfpv3 -mfloat-abi=hard -no
TRACE::2023-01-23.15:12:25::SCWMssOS::startfiles -g -Wall -Wextra"

TRACE::2023-01-23.15:12:25::SCWMssOS::"Running Make include in ps7_cortexa9_0/libsrc/scuwdt_v2_3/src"

TRACE::2023-01-23.15:12:25::SCWMssOS::make -C ps7_cortexa9_0/libsrc/scuwdt_v2_3/src -s include  "SHELL=CMD" "COMPILER=arm-none-eabi-gcc" "ASSEMBLER=arm-none-eabi-as"
TRACE::2023-01-23.15:12:25::SCWMssOS:: "ARCHIVER=arm-none-eabi-ar" "COMPILER_FLAGS=  -O2 -c" "EXTRA_COMPILER_FLAGS=-mcpu=cortex-a9 -mfpu=vfpv3 -mfloat-abi=hard -nost
TRACE::2023-01-23.15:12:25::SCWMssOS::artfiles -g -Wall -Wextra"

TRACE::2023-01-23.15:12:25::SCWMssOS::"Running Make include in ps7_cortexa9_0/libsrc/sdps_v3_10/src"

TRACE::2023-01-23.15:12:25::SCWMssOS::make -C ps7_cortexa9_0/libsrc/sdps_v3_10/src -s include  "SHELL=CMD" "COMPILER=arm-none-eabi-gcc" "ASSEMBLER=arm-none-eabi-as" 
TRACE::2023-01-23.15:12:25::SCWMssOS::"ARCHIVER=arm-none-eabi-ar" "COMPILER_FLAGS=  -O2 -c" "EXTRA_COMPILER_FLAGS=-mcpu=cortex-a9 -mfpu=vfpv3 -mfloat-abi=hard -nosta
TRACE::2023-01-23.15:12:25::SCWMssOS::rtfiles -g -Wall -Wextra"

TRACE::2023-01-23.15:12:25::SCWMssOS::"Running Make include in ps7_cortexa9_0/libsrc/standalone_v7_3/src"

TRACE::2023-01-23.15:12:25::SCWMssOS::make -C ps7_cortexa9_0/libsrc/standalone_v7_3/src -s include  "SHELL=CMD" "COMPILER=arm-none-eabi-gcc" "ASSEMBLER=arm-none-eabi
TRACE::2023-01-23.15:12:25::SCWMssOS::-as" "ARCHIVER=arm-none-eabi-ar" "COMPILER_FLAGS=  -O2 -c" "EXTRA_COMPILER_FLAGS=-mcpu=cortex-a9 -mfpu=vfpv3 -mfloat-abi=hard -
TRACE::2023-01-23.15:12:25::SCWMssOS::nostartfiles -g -Wall -Wextra"

TRACE::2023-01-23.15:12:25::SCWMssOS::"Running Make include in ps7_cortexa9_0/libsrc/uartps_v3_10/src"

TRACE::2023-01-23.15:12:25::SCWMssOS::make -C ps7_cortexa9_0/libsrc/uartps_v3_10/src -s include  "SHELL=CMD" "COMPILER=arm-none-eabi-gcc" "ASSEMBLER=arm-none-eabi-as
TRACE::2023-01-23.15:12:25::SCWMssOS::" "ARCHIVER=arm-none-eabi-ar" "COMPILER_FLAGS=  -O2 -c" "EXTRA_COMPILER_FLAGS=-mcpu=cortex-a9 -mfpu=vfpv3 -mfloat-abi=hard -nos
TRACE::2023-01-23.15:12:25::SCWMssOS::tartfiles -g -Wall -Wextra"

TRACE::2023-01-23.15:12:25::SCWMssOS::"Running Make include in ps7_cortexa9_0/libsrc/usbps_v2_6/src"

TRACE::2023-01-23.15:12:25::SCWMssOS::make -C ps7_cortexa9_0/libsrc/usbps_v2_6/src -s include  "SHELL=CMD" "COMPILER=arm-none-eabi-gcc" "ASSEMBLER=arm-none-eabi-as" 
TRACE::2023-01-23.15:12:25::SCWMssOS::"ARCHIVER=arm-none-eabi-ar" "COMPILER_FLAGS=  -O2 -c" "EXTRA_COMPILER_FLAGS=-mcpu=cortex-a9 -mfpu=vfpv3 -mfloat-abi=hard -nosta
TRACE::2023-01-23.15:12:25::SCWMssOS::rtfiles -g -Wall -Wextra"

TRACE::2023-01-23.15:12:25::SCWMssOS::"Running Make include in ps7_cortexa9_0/libsrc/video_common_v4_10/src"

TRACE::2023-01-23.15:12:25::SCWMssOS::make -C ps7_cortexa9_0/libsrc/video_common_v4_10/src -s include  "SHELL=CMD" "COMPILER=arm-none-eabi-gcc" "ASSEMBLER=arm-none-e
TRACE::2023-01-23.15:12:25::SCWMssOS::abi-as" "ARCHIVER=arm-none-eabi-ar" "COMPILER_FLAGS=  -O2 -c" "EXTRA_COMPILER_FLAGS=-mcpu=cortex-a9 -mfpu=vfpv3 -mfloat-abi=har
TRACE::2023-01-23.15:12:25::SCWMssOS::d -nostartfiles -g -Wall -Wextra"

TRACE::2023-01-23.15:12:25::SCWMssOS::"Running Make include in ps7_cortexa9_0/libsrc/vprocss_v2_8/src"

TRACE::2023-01-23.15:12:25::SCWMssOS::make -C ps7_cortexa9_0/libsrc/vprocss_v2_8/src -s include  "SHELL=CMD" "COMPILER=arm-none-eabi-gcc" "ASSEMBLER=arm-none-eabi-as
TRACE::2023-01-23.15:12:25::SCWMssOS::" "ARCHIVER=arm-none-eabi-ar" "COMPILER_FLAGS=  -O2 -c" "EXTRA_COMPILER_FLAGS=-mcpu=cortex-a9 -mfpu=vfpv3 -mfloat-abi=hard -nos
TRACE::2023-01-23.15:12:25::SCWMssOS::tartfiles -g -Wall -Wextra"

TRACE::2023-01-23.15:12:25::SCWMssOS::"Running Make include in ps7_cortexa9_0/libsrc/v_csc_v2_5/src"

TRACE::2023-01-23.15:12:25::SCWMssOS::make -C ps7_cortexa9_0/libsrc/v_csc_v2_5/src -s include  "SHELL=CMD" "COMPILER=arm-none-eabi-gcc" "ASSEMBLER=arm-none-eabi-as" 
TRACE::2023-01-23.15:12:25::SCWMssOS::"ARCHIVER=arm-none-eabi-ar" "COMPILER_FLAGS=  -O2 -c" "EXTRA_COMPILER_FLAGS=-mcpu=cortex-a9 -mfpu=vfpv3 -mfloat-abi=hard -nosta
TRACE::2023-01-23.15:12:25::SCWMssOS::rtfiles -g -Wall -Wextra"

TRACE::2023-01-23.15:12:25::SCWMssOS::"Running Make include in ps7_cortexa9_0/libsrc/v_deinterlacer_v7_2/src"

TRACE::2023-01-23.15:12:25::SCWMssOS::make -C ps7_cortexa9_0/libsrc/v_deinterlacer_v7_2/src -s include  "SHELL=CMD" "COMPILER=arm-none-eabi-gcc" "ASSEMBLER=arm-none-
TRACE::2023-01-23.15:12:25::SCWMssOS::eabi-as" "ARCHIVER=arm-none-eabi-ar" "COMPILER_FLAGS=  -O2 -c" "EXTRA_COMPILER_FLAGS=-mcpu=cortex-a9 -mfpu=vfpv3 -mfloat-abi=ha
TRACE::2023-01-23.15:12:25::SCWMssOS::rd -nostartfiles -g -Wall -Wextra"

TRACE::2023-01-23.15:12:25::SCWMssOS::"Running Make include in ps7_cortexa9_0/libsrc/v_hcresampler_v3_2/src"

TRACE::2023-01-23.15:12:25::SCWMssOS::make -C ps7_cortexa9_0/libsrc/v_hcresampler_v3_2/src -s include  "SHELL=CMD" "COMPILER=arm-none-eabi-gcc" "ASSEMBLER=arm-none-e
TRACE::2023-01-23.15:12:25::SCWMssOS::abi-as" "ARCHIVER=arm-none-eabi-ar" "COMPILER_FLAGS=  -O2 -c" "EXTRA_COMPILER_FLAGS=-mcpu=cortex-a9 -mfpu=vfpv3 -mfloat-abi=har
TRACE::2023-01-23.15:12:25::SCWMssOS::d -nostartfiles -g -Wall -Wextra"

TRACE::2023-01-23.15:12:25::SCWMssOS::"Running Make include in ps7_cortexa9_0/libsrc/v_hscaler_v3_4/src"

TRACE::2023-01-23.15:12:25::SCWMssOS::make -C ps7_cortexa9_0/libsrc/v_hscaler_v3_4/src -s include  "SHELL=CMD" "COMPILER=arm-none-eabi-gcc" "ASSEMBLER=arm-none-eabi-
TRACE::2023-01-23.15:12:25::SCWMssOS::as" "ARCHIVER=arm-none-eabi-ar" "COMPILER_FLAGS=  -O2 -c" "EXTRA_COMPILER_FLAGS=-mcpu=cortex-a9 -mfpu=vfpv3 -mfloat-abi=hard -n
TRACE::2023-01-23.15:12:25::SCWMssOS::ostartfiles -g -Wall -Wextra"

TRACE::2023-01-23.15:12:25::SCWMssOS::"Running Make include in ps7_cortexa9_0/libsrc/v_letterbox_v2_3/src"

TRACE::2023-01-23.15:12:25::SCWMssOS::make -C ps7_cortexa9_0/libsrc/v_letterbox_v2_3/src -s include  "SHELL=CMD" "COMPILER=arm-none-eabi-gcc" "ASSEMBLER=arm-none-eab
TRACE::2023-01-23.15:12:25::SCWMssOS::i-as" "ARCHIVER=arm-none-eabi-ar" "COMPILER_FLAGS=  -O2 -c" "EXTRA_COMPILER_FLAGS=-mcpu=cortex-a9 -mfpu=vfpv3 -mfloat-abi=hard 
TRACE::2023-01-23.15:12:25::SCWMssOS::-nostartfiles -g -Wall -Wextra"

TRACE::2023-01-23.15:12:25::SCWMssOS::"Running Make include in ps7_cortexa9_0/libsrc/v_vcresampler_v3_2/src"

TRACE::2023-01-23.15:12:25::SCWMssOS::make -C ps7_cortexa9_0/libsrc/v_vcresampler_v3_2/src -s include  "SHELL=CMD" "COMPILER=arm-none-eabi-gcc" "ASSEMBLER=arm-none-e
TRACE::2023-01-23.15:12:25::SCWMssOS::abi-as" "ARCHIVER=arm-none-eabi-ar" "COMPILER_FLAGS=  -O2 -c" "EXTRA_COMPILER_FLAGS=-mcpu=cortex-a9 -mfpu=vfpv3 -mfloat-abi=har
TRACE::2023-01-23.15:12:25::SCWMssOS::d -nostartfiles -g -Wall -Wextra"

TRACE::2023-01-23.15:12:25::SCWMssOS::"Running Make include in ps7_cortexa9_0/libsrc/v_vscaler_v3_2/src"

TRACE::2023-01-23.15:12:25::SCWMssOS::make -C ps7_cortexa9_0/libsrc/v_vscaler_v3_2/src -s include  "SHELL=CMD" "COMPILER=arm-none-eabi-gcc" "ASSEMBLER=arm-none-eabi-
TRACE::2023-01-23.15:12:25::SCWMssOS::as" "ARCHIVER=arm-none-eabi-ar" "COMPILER_FLAGS=  -O2 -c" "EXTRA_COMPILER_FLAGS=-mcpu=cortex-a9 -mfpu=vfpv3 -mfloat-abi=hard -n
TRACE::2023-01-23.15:12:25::SCWMssOS::ostartfiles -g -Wall -Wextra"

TRACE::2023-01-23.15:12:25::SCWMssOS::"Running Make include in ps7_cortexa9_0/libsrc/xadcps_v2_5/src"

TRACE::2023-01-23.15:12:25::SCWMssOS::make -C ps7_cortexa9_0/libsrc/xadcps_v2_5/src -s include  "SHELL=CMD" "COMPILER=arm-none-eabi-gcc" "ASSEMBLER=arm-none-eabi-as"
TRACE::2023-01-23.15:12:25::SCWMssOS:: "ARCHIVER=arm-none-eabi-ar" "COMPILER_FLAGS=  -O2 -c" "EXTRA_COMPILER_FLAGS=-mcpu=cortex-a9 -mfpu=vfpv3 -mfloat-abi=hard -nost
TRACE::2023-01-23.15:12:25::SCWMssOS::artfiles -g -Wall -Wextra"

TRACE::2023-01-23.15:12:25::SCWMssOS::"Running Make libs in ps7_cortexa9_0/libsrc/axis_switch_v1_4/src"

TRACE::2023-01-23.15:12:25::SCWMssOS::make -C ps7_cortexa9_0/libsrc/axis_switch_v1_4/src -s libs  "SHELL=CMD" "COMPILER=arm-none-eabi-gcc" "ASSEMBLER=arm-none-eabi-a
TRACE::2023-01-23.15:12:25::SCWMssOS::s" "ARCHIVER=arm-none-eabi-ar" "COMPILER_FLAGS=  -O2 -c" "EXTRA_COMPILER_FLAGS=-mcpu=cortex-a9 -mfpu=vfpv3 -mfloat-abi=hard -no
TRACE::2023-01-23.15:12:25::SCWMssOS::startfiles -g -Wall -Wextra"

TRACE::2023-01-23.15:12:25::SCWMssOS::"Running Make libs in ps7_cortexa9_0/libsrc/axivdma_v6_8/src"

TRACE::2023-01-23.15:12:25::SCWMssOS::make -C ps7_cortexa9_0/libsrc/axivdma_v6_8/src -s libs  "SHELL=CMD" "COMPILER=arm-none-eabi-gcc" "ASSEMBLER=arm-none-eabi-as" "
TRACE::2023-01-23.15:12:25::SCWMssOS::ARCHIVER=arm-none-eabi-ar" "COMPILER_FLAGS=  -O2 -c" "EXTRA_COMPILER_FLAGS=-mcpu=cortex-a9 -mfpu=vfpv3 -mfloat-abi=hard -nostar
TRACE::2023-01-23.15:12:25::SCWMssOS::tfiles -g -Wall -Wextra"

TRACE::2023-01-23.15:12:25::SCWMssOS::"Running Make libs in ps7_cortexa9_0/libsrc/coresightps_dcc_v1_8/src"

TRACE::2023-01-23.15:12:25::SCWMssOS::make -C ps7_cortexa9_0/libsrc/coresightps_dcc_v1_8/src -s libs  "SHELL=CMD" "COMPILER=arm-none-eabi-gcc" "ASSEMBLER=arm-none-ea
TRACE::2023-01-23.15:12:25::SCWMssOS::bi-as" "ARCHIVER=arm-none-eabi-ar" "COMPILER_FLAGS=  -O2 -c" "EXTRA_COMPILER_FLAGS=-mcpu=cortex-a9 -mfpu=vfpv3 -mfloat-abi=hard
TRACE::2023-01-23.15:12:25::SCWMssOS:: -nostartfiles -g -Wall -Wextra"

TRACE::2023-01-23.15:12:25::SCWMssOS::"Running Make libs in ps7_cortexa9_0/libsrc/cpu_cortexa9_v2_10/src"

TRACE::2023-01-23.15:12:25::SCWMssOS::make -C ps7_cortexa9_0/libsrc/cpu_cortexa9_v2_10/src -s libs  "SHELL=CMD" "COMPILER=arm-none-eabi-gcc" "ASSEMBLER=arm-none-eabi
TRACE::2023-01-23.15:12:25::SCWMssOS::-as" "ARCHIVER=arm-none-eabi-ar" "COMPILER_FLAGS=  -O2 -c" "EXTRA_COMPILER_FLAGS=-mcpu=cortex-a9 -mfpu=vfpv3 -mfloat-abi=hard -
TRACE::2023-01-23.15:12:25::SCWMssOS::nostartfiles -g -Wall -Wextra"

TRACE::2023-01-23.15:12:25::SCWMssOS::"Running Make libs in ps7_cortexa9_0/libsrc/ddrps_v1_2/src"

TRACE::2023-01-23.15:12:25::SCWMssOS::make -C ps7_cortexa9_0/libsrc/ddrps_v1_2/src -s libs  "SHELL=CMD" "COMPILER=arm-none-eabi-gcc" "ASSEMBLER=arm-none-eabi-as" "AR
TRACE::2023-01-23.15:12:25::SCWMssOS::CHIVER=arm-none-eabi-ar" "COMPILER_FLAGS=  -O2 -c" "EXTRA_COMPILER_FLAGS=-mcpu=cortex-a9 -mfpu=vfpv3 -mfloat-abi=hard -nostartf
TRACE::2023-01-23.15:12:25::SCWMssOS::iles -g -Wall -Wextra"

TRACE::2023-01-23.15:12:25::SCWMssOS::"Running Make libs in ps7_cortexa9_0/libsrc/devcfg_v3_7/src"

TRACE::2023-01-23.15:12:25::SCWMssOS::"Running Make libs in ps7_cortexa9_0/libsrc/dmaps_v2_7/src"

TRACE::2023-01-23.15:12:25::SCWMssOS::make -C ps7_cortexa9_0/libsrc/devcfg_v3_7/src -s libs  "SHELL=CMD" "COMPILER=arm-none-eabi-gcc" "ASSEMBLER=arm-none-eabi-as" "A
TRACE::2023-01-23.15:12:25::SCWMssOS::RCHIVER=arm-none-eabi-ar" "COMPILER_FLAGS=  -O2 -c" "EXTRA_COMPILER_FLAGS=-mcpu=cortex-a9 -mfpu=vfpv3 -mfloat-abi=hard -nostart
TRACE::2023-01-23.15:12:25::SCWMssOS::files -g -Wall -Wextra"

TRACE::2023-01-23.15:12:25::SCWMssOS::make -C ps7_cortexa9_0/libsrc/dmaps_v2_7/src -s libs  "SHELL=CMD" "COMPILER=arm-none-eabi-gcc" "ASSEMBLER=arm-none-eabi-as" "AR
TRACE::2023-01-23.15:12:25::SCWMssOS::CHIVER=arm-none-eabi-ar" "COMPILER_FLAGS=  -O2 -c" "EXTRA_COMPILER_FLAGS=-mcpu=cortex-a9 -mfpu=vfpv3 -mfloat-abi=hard -nostartf
TRACE::2023-01-23.15:12:25::SCWMssOS::iles -g -Wall -Wextra"

TRACE::2023-01-23.15:12:25::SCWMssOS::"Running Make libs in ps7_cortexa9_0/libsrc/emacps_v3_12/src"

TRACE::2023-01-23.15:12:25::SCWMssOS::make -C ps7_cortexa9_0/libsrc/emacps_v3_12/src -s libs  "SHELL=CMD" "COMPILER=arm-none-eabi-gcc" "ASSEMBLER=arm-none-eabi-as" "
TRACE::2023-01-23.15:12:25::SCWMssOS::ARCHIVER=arm-none-eabi-ar" "COMPILER_FLAGS=  -O2 -c" "EXTRA_COMPILER_FLAGS=-mcpu=cortex-a9 -mfpu=vfpv3 -mfloat-abi=hard -nostar
TRACE::2023-01-23.15:12:25::SCWMssOS::tfiles -g -Wall -Wextra"

TRACE::2023-01-23.15:12:25::SCWMssOS::"Running Make libs in ps7_cortexa9_0/libsrc/gpiops_v3_8/src"

TRACE::2023-01-23.15:12:25::SCWMssOS::make -C ps7_cortexa9_0/libsrc/gpiops_v3_8/src -s libs  "SHELL=CMD" "COMPILER=arm-none-eabi-gcc" "ASSEMBLER=arm-none-eabi-as" "A
TRACE::2023-01-23.15:12:25::SCWMssOS::RCHIVER=arm-none-eabi-ar" "COMPILER_FLAGS=  -O2 -c" "EXTRA_COMPILER_FLAGS=-mcpu=cortex-a9 -mfpu=vfpv3 -mfloat-abi=hard -nostart
TRACE::2023-01-23.15:12:25::SCWMssOS::files -g -Wall -Wextra"

TRACE::2023-01-23.15:12:25::SCWMssOS::"Running Make libs in ps7_cortexa9_0/libsrc/gpio_v4_7/src"

TRACE::2023-01-23.15:12:25::SCWMssOS::"Running Make libs in ps7_cortexa9_0/libsrc/qspips_v3_8/src"

TRACE::2023-01-23.15:12:25::SCWMssOS::make -C ps7_cortexa9_0/libsrc/gpio_v4_7/src -s libs  "SHELL=CMD" "COMPILER=arm-none-eabi-gcc" "ASSEMBLER=arm-none-eabi-as" "ARC
TRACE::2023-01-23.15:12:25::SCWMssOS::HIVER=arm-none-eabi-ar" "COMPILER_FLAGS=  -O2 -c" "EXTRA_COMPILER_FLAGS=-mcpu=cortex-a9 -mfpu=vfpv3 -mfloat-abi=hard -nostartfi
TRACE::2023-01-23.15:12:25::SCWMssOS::les -g -Wall -Wextra"

TRACE::2023-01-23.15:12:25::SCWMssOS::make -C ps7_cortexa9_0/libsrc/qspips_v3_8/src -s libs  "SHELL=CMD" "COMPILER=arm-none-eabi-gcc" "ASSEMBLER=arm-none-eabi-as" "A
TRACE::2023-01-23.15:12:25::SCWMssOS::RCHIVER=arm-none-eabi-ar" "COMPILER_FLAGS=  -O2 -c" "EXTRA_COMPILER_FLAGS=-mcpu=cortex-a9 -mfpu=vfpv3 -mfloat-abi=hard -nostart
TRACE::2023-01-23.15:12:25::SCWMssOS::files -g -Wall -Wextra"

TRACE::2023-01-23.15:12:25::SCWMssOS::"Running Make libs in ps7_cortexa9_0/libsrc/scugic_v4_3/src"

TRACE::2023-01-23.15:12:25::SCWMssOS::make -C ps7_cortexa9_0/libsrc/scugic_v4_3/src -s libs  "SHELL=CMD" "COMPILER=arm-none-eabi-gcc" "ASSEMBLER=arm-none-eabi-as" "A
TRACE::2023-01-23.15:12:25::SCWMssOS::RCHIVER=arm-none-eabi-ar" "COMPILER_FLAGS=  -O2 -c" "EXTRA_COMPILER_FLAGS=-mcpu=cortex-a9 -mfpu=vfpv3 -mfloat-abi=hard -nostart
TRACE::2023-01-23.15:12:25::SCWMssOS::files -g -Wall -Wextra"

TRACE::2023-01-23.15:12:25::SCWMssOS::"Running Make libs in ps7_cortexa9_0/libsrc/scutimer_v2_3/src"

TRACE::2023-01-23.15:12:25::SCWMssOS::make -C ps7_cortexa9_0/libsrc/scutimer_v2_3/src -s libs  "SHELL=CMD" "COMPILER=arm-none-eabi-gcc" "ASSEMBLER=arm-none-eabi-as" 
TRACE::2023-01-23.15:12:25::SCWMssOS::"ARCHIVER=arm-none-eabi-ar" "COMPILER_FLAGS=  -O2 -c" "EXTRA_COMPILER_FLAGS=-mcpu=cortex-a9 -mfpu=vfpv3 -mfloat-abi=hard -nosta
TRACE::2023-01-23.15:12:25::SCWMssOS::rtfiles -g -Wall -Wextra"

TRACE::2023-01-23.15:12:25::SCWMssOS::"Running Make libs in ps7_cortexa9_0/libsrc/scuwdt_v2_3/src"

TRACE::2023-01-23.15:12:25::SCWMssOS::"Running Make libs in ps7_cortexa9_0/libsrc/sdps_v3_10/src"

TRACE::2023-01-23.15:12:25::SCWMssOS::make -C ps7_cortexa9_0/libsrc/scuwdt_v2_3/src -s libs  "SHELL=CMD" "COMPILER=arm-none-eabi-gcc" "ASSEMBLER=arm-none-eabi-as" "A
TRACE::2023-01-23.15:12:25::SCWMssOS::RCHIVER=arm-none-eabi-ar" "COMPILER_FLAGS=  -O2 -c" "EXTRA_COMPILER_FLAGS=-mcpu=cortex-a9 -mfpu=vfpv3 -mfloat-abi=hard -nostart
TRACE::2023-01-23.15:12:25::SCWMssOS::files -g -Wall -Wextra"

TRACE::2023-01-23.15:12:25::SCWMssOS::make -C ps7_cortexa9_0/libsrc/sdps_v3_10/src -s libs  "SHELL=CMD" "COMPILER=arm-none-eabi-gcc" "ASSEMBLER=arm-none-eabi-as" "AR
TRACE::2023-01-23.15:12:25::SCWMssOS::CHIVER=arm-none-eabi-ar" "COMPILER_FLAGS=  -O2 -c" "EXTRA_COMPILER_FLAGS=-mcpu=cortex-a9 -mfpu=vfpv3 -mfloat-abi=hard -nostartf
TRACE::2023-01-23.15:12:25::SCWMssOS::iles -g -Wall -Wextra"

TRACE::2023-01-23.15:12:26::SCWMssOS::"Running Make libs in ps7_cortexa9_0/libsrc/standalone_v7_3/src"

TRACE::2023-01-23.15:12:26::SCWMssOS::"Running Make libs in ps7_cortexa9_0/libsrc/usbps_v2_6/src"

TRACE::2023-01-23.15:12:26::SCWMssOS::"Running Make libs in ps7_cortexa9_0/libsrc/uartps_v3_10/src"

TRACE::2023-01-23.15:12:26::SCWMssOS::make -C ps7_cortexa9_0/libsrc/standalone_v7_3/src -s libs  "SHELL=CMD" "COMPILER=arm-none-eabi-gcc" "ASSEMBLER=arm-none-eabi-as
TRACE::2023-01-23.15:12:26::SCWMssOS::" "ARCHIVER=arm-none-eabi-ar" "COMPILER_FLAGS=  -O2 -c" "EXTRA_COMPILER_FLAGS=-mcpu=cortex-a9 -mfpu=vfpv3 -mfloat-abi=hard -nos
TRACE::2023-01-23.15:12:26::SCWMssOS::tartfiles -g -Wall -Wextra"

TRACE::2023-01-23.15:12:26::SCWMssOS::"Running Make libs in ps7_cortexa9_0/libsrc/video_common_v4_10/src"

TRACE::2023-01-23.15:12:26::SCWMssOS::make -C ps7_cortexa9_0/libsrc/uartps_v3_10/src -s libs  "SHELL=CMD" "COMPILER=arm-none-eabi-gcc" "ASSEMBLER=arm-none-eabi-as" "
TRACE::2023-01-23.15:12:26::SCWMssOS::ARCHIVER=arm-none-eabi-ar" "COMPILER_FLAGS=  -O2 -c" "EXTRA_COMPILER_FLAGS=-mcpu=cortex-a9 -mfpu=vfpv3 -mfloat-abi=hard -nostar
TRACE::2023-01-23.15:12:26::SCWMssOS::tfiles -g -Wall -Wextra"

TRACE::2023-01-23.15:12:26::SCWMssOS::make -C ps7_cortexa9_0/libsrc/usbps_v2_6/src -s libs  "SHELL=CMD" "COMPILER=arm-none-eabi-gcc" "ASSEMBLER=arm-none-eabi-as" "AR
TRACE::2023-01-23.15:12:26::SCWMssOS::CHIVER=arm-none-eabi-ar" "COMPILER_FLAGS=  -O2 -c" "EXTRA_COMPILER_FLAGS=-mcpu=cortex-a9 -mfpu=vfpv3 -mfloat-abi=hard -nostartf
TRACE::2023-01-23.15:12:26::SCWMssOS::iles -g -Wall -Wextra"

TRACE::2023-01-23.15:12:26::SCWMssOS::make -C ps7_cortexa9_0/libsrc/video_common_v4_10/src -s libs  "SHELL=CMD" "COMPILER=arm-none-eabi-gcc" "ASSEMBLER=arm-none-eabi
TRACE::2023-01-23.15:12:26::SCWMssOS::-as" "ARCHIVER=arm-none-eabi-ar" "COMPILER_FLAGS=  -O2 -c" "EXTRA_COMPILER_FLAGS=-mcpu=cortex-a9 -mfpu=vfpv3 -mfloat-abi=hard -
TRACE::2023-01-23.15:12:26::SCWMssOS::nostartfiles -g -Wall -Wextra"

TRACE::2023-01-23.15:12:26::SCWMssOS::"Running Make libs in ps7_cortexa9_0/libsrc/vprocss_v2_8/src"

TRACE::2023-01-23.15:12:26::SCWMssOS::make -C ps7_cortexa9_0/libsrc/vprocss_v2_8/src -s libs  "SHELL=CMD" "COMPILER=arm-none-eabi-gcc" "ASSEMBLER=arm-none-eabi-as" "
TRACE::2023-01-23.15:12:26::SCWMssOS::ARCHIVER=arm-none-eabi-ar" "COMPILER_FLAGS=  -O2 -c" "EXTRA_COMPILER_FLAGS=-mcpu=cortex-a9 -mfpu=vfpv3 -mfloat-abi=hard -nostar
TRACE::2023-01-23.15:12:26::SCWMssOS::tfiles -g -Wall -Wextra"

TRACE::2023-01-23.15:12:26::SCWMssOS::"Running Make libs in ps7_cortexa9_0/libsrc/v_csc_v2_5/src"

TRACE::2023-01-23.15:12:26::SCWMssOS::"Running Make libs in ps7_cortexa9_0/libsrc/v_deinterlacer_v7_2/src"

TRACE::2023-01-23.15:12:26::SCWMssOS::make -C ps7_cortexa9_0/libsrc/v_csc_v2_5/src -s libs  "SHELL=CMD" "COMPILER=arm-none-eabi-gcc" "ASSEMBLER=arm-none-eabi-as" "AR
TRACE::2023-01-23.15:12:26::SCWMssOS::CHIVER=arm-none-eabi-ar" "COMPILER_FLAGS=  -O2 -c" "EXTRA_COMPILER_FLAGS=-mcpu=cortex-a9 -mfpu=vfpv3 -mfloat-abi=hard -nostartf
TRACE::2023-01-23.15:12:26::SCWMssOS::iles -g -Wall -Wextra"

TRACE::2023-01-23.15:12:26::SCWMssOS::make -C ps7_cortexa9_0/libsrc/v_deinterlacer_v7_2/src -s libs  "SHELL=CMD" "COMPILER=arm-none-eabi-gcc" "ASSEMBLER=arm-none-eab
TRACE::2023-01-23.15:12:26::SCWMssOS::i-as" "ARCHIVER=arm-none-eabi-ar" "COMPILER_FLAGS=  -O2 -c" "EXTRA_COMPILER_FLAGS=-mcpu=cortex-a9 -mfpu=vfpv3 -mfloat-abi=hard 
TRACE::2023-01-23.15:12:26::SCWMssOS::-nostartfiles -g -Wall -Wextra"

TRACE::2023-01-23.15:12:26::SCWMssOS::"Running Make libs in ps7_cortexa9_0/libsrc/v_hcresampler_v3_2/src"

TRACE::2023-01-23.15:12:26::SCWMssOS::make -C ps7_cortexa9_0/libsrc/v_hcresampler_v3_2/src -s libs  "SHELL=CMD" "COMPILER=arm-none-eabi-gcc" "ASSEMBLER=arm-none-eabi
TRACE::2023-01-23.15:12:26::SCWMssOS::-as" "ARCHIVER=arm-none-eabi-ar" "COMPILER_FLAGS=  -O2 -c" "EXTRA_COMPILER_FLAGS=-mcpu=cortex-a9 -mfpu=vfpv3 -mfloat-abi=hard -
TRACE::2023-01-23.15:12:26::SCWMssOS::nostartfiles -g -Wall -Wextra"

TRACE::2023-01-23.15:12:26::SCWMssOS::"Running Make libs in ps7_cortexa9_0/libsrc/v_letterbox_v2_3/src"

TRACE::2023-01-23.15:12:26::SCWMssOS::make -C ps7_cortexa9_0/libsrc/v_letterbox_v2_3/src -s libs  "SHELL=CMD" "COMPILER=arm-none-eabi-gcc" "ASSEMBLER=arm-none-eabi-a
TRACE::2023-01-23.15:12:26::SCWMssOS::s" "ARCHIVER=arm-none-eabi-ar" "COMPILER_FLAGS=  -O2 -c" "EXTRA_COMPILER_FLAGS=-mcpu=cortex-a9 -mfpu=vfpv3 -mfloat-abi=hard -no
TRACE::2023-01-23.15:12:26::SCWMssOS::startfiles -g -Wall -Wextra"

TRACE::2023-01-23.15:12:26::SCWMssOS::"Running Make libs in ps7_cortexa9_0/libsrc/v_vcresampler_v3_2/src"

TRACE::2023-01-23.15:12:26::SCWMssOS::"Running Make libs in ps7_cortexa9_0/libsrc/v_vscaler_v3_2/src"

TRACE::2023-01-23.15:12:26::SCWMssOS::make -C ps7_cortexa9_0/libsrc/v_vcresampler_v3_2/src -s libs  "SHELL=CMD" "COMPILER=arm-none-eabi-gcc" "ASSEMBLER=arm-none-eabi
TRACE::2023-01-23.15:12:26::SCWMssOS::-as" "ARCHIVER=arm-none-eabi-ar" "COMPILER_FLAGS=  -O2 -c" "EXTRA_COMPILER_FLAGS=-mcpu=cortex-a9 -mfpu=vfpv3 -mfloat-abi=hard -
TRACE::2023-01-23.15:12:26::SCWMssOS::nostartfiles -g -Wall -Wextra"

TRACE::2023-01-23.15:12:26::SCWMssOS::"Running Make libs in ps7_cortexa9_0/libsrc/xadcps_v2_5/src"

TRACE::2023-01-23.15:12:26::SCWMssOS::"Running Make libs in ps7_cortexa9_0/libsrc/v_hscaler_v3_4/src"

TRACE::2023-01-23.15:12:26::SCWMssOS::make -C ps7_cortexa9_0/libsrc/v_hscaler_v3_4/src -s libs  "SHELL=CMD" "COMPILER=arm-none-eabi-gcc" "ASSEMBLER=arm-none-eabi-as"
TRACE::2023-01-23.15:12:26::SCWMssOS:: "ARCHIVER=arm-none-eabi-ar" "COMPILER_FLAGS=  -O2 -c" "EXTRA_COMPILER_FLAGS=-mcpu=cortex-a9 -mfpu=vfpv3 -mfloat-abi=hard -nost
TRACE::2023-01-23.15:12:26::SCWMssOS::artfiles -g -Wall -Wextra"

TRACE::2023-01-23.15:12:26::SCWMssOS::make -C ps7_cortexa9_0/libsrc/v_vscaler_v3_2/src -s libs  "SHELL=CMD" "COMPILER=arm-none-eabi-gcc" "ASSEMBLER=arm-none-eabi-as"
TRACE::2023-01-23.15:12:26::SCWMssOS:: "ARCHIVER=arm-none-eabi-ar" "COMPILER_FLAGS=  -O2 -c" "EXTRA_COMPILER_FLAGS=-mcpu=cortex-a9 -mfpu=vfpv3 -mfloat-abi=hard -nost
TRACE::2023-01-23.15:12:26::SCWMssOS::artfiles -g -Wall -Wextra"

TRACE::2023-01-23.15:12:26::SCWMssOS::make -C ps7_cortexa9_0/libsrc/xadcps_v2_5/src -s libs  "SHELL=CMD" "COMPILER=arm-none-eabi-gcc" "ASSEMBLER=arm-none-eabi-as" "A
TRACE::2023-01-23.15:12:26::SCWMssOS::RCHIVER=arm-none-eabi-ar" "COMPILER_FLAGS=  -O2 -c" "EXTRA_COMPILER_FLAGS=-mcpu=cortex-a9 -mfpu=vfpv3 -mfloat-abi=hard -nostart
TRACE::2023-01-23.15:12:26::SCWMssOS::files -g -Wall -Wextra"

TRACE::2023-01-23.15:12:28::SCWMssOS::'Finished building libraries parallelly.'

TRACE::2023-01-23.15:12:28::SCWMssOS::make --no-print-directory archive

TRACE::2023-01-23.15:12:28::SCWMssOS::arm-none-eabi-ar -r  ps7_cortexa9_0/lib/libxil.a ps7_cortexa9_0/lib/xadcps_selftest.o ps7_cortexa9_0/lib/xvprocss_sinit.o ps7_c
TRACE::2023-01-23.15:12:28::SCWMssOS::ortexa9_0/lib/xv_hcresampler_coeff.o ps7_cortexa9_0/lib/xv_vscaler_sinit.o ps7_cortexa9_0/lib/xplatform_info.o ps7_cortexa9_0/l
TRACE::2023-01-23.15:12:28::SCWMssOS::ib/xil_mmu.o ps7_cortexa9_0/lib/xv_vscaler_linux.o ps7_cortexa9_0/lib/xv_hscaler_sinit.o ps7_cortexa9_0/lib/xusbps_endpoint.o p
TRACE::2023-01-23.15:12:28::SCWMssOS::s7_cortexa9_0/lib/xusbps_sinit.o ps7_cortexa9_0/lib/unlink.o ps7_cortexa9_0/lib/xdevcfg_hw.o ps7_cortexa9_0/lib/xil_sleeptimer.
TRACE::2023-01-23.15:12:28::SCWMssOS::o ps7_cortexa9_0/lib/xgpio_sinit.o ps7_cortexa9_0/lib/xqspips_options.o ps7_cortexa9_0/lib/xvidc_timings_table.o ps7_cortexa9_0
TRACE::2023-01-23.15:12:28::SCWMssOS::/lib/xdmaps_g.o ps7_cortexa9_0/lib/xscutimer_g.o ps7_cortexa9_0/lib/xsdps_options.o ps7_cortexa9_0/lib/xv_deinterlacer.o ps7_co
TRACE::2023-01-23.15:12:28::SCWMssOS::rtexa9_0/lib/xil_misc_psreset_api.o ps7_cortexa9_0/lib/xdmaps_sinit.o ps7_cortexa9_0/lib/xscutimer_sinit.o ps7_cortexa9_0/lib/x
TRACE::2023-01-23.15:12:28::SCWMssOS::emacps_hw.o ps7_cortexa9_0/lib/inbyte.o ps7_cortexa9_0/lib/xdmaps_selftest.o ps7_cortexa9_0/lib/xscutimer_selftest.o ps7_cortex
TRACE::2023-01-23.15:12:28::SCWMssOS::a9_0/lib/putnum.o ps7_cortexa9_0/lib/xqspips_hw.o ps7_cortexa9_0/lib/xgpiops_g.o ps7_cortexa9_0/lib/xsdps.o ps7_cortexa9_0/lib/
TRACE::2023-01-23.15:12:28::SCWMssOS::close.o ps7_cortexa9_0/lib/xv_deinterlacer_l2.o ps7_cortexa9_0/lib/xemacps_g.o ps7_cortexa9_0/lib/xgpiops_sinit.o ps7_cortexa9_
TRACE::2023-01-23.15:12:28::SCWMssOS::0/lib/xvprocss_coreinit.o ps7_cortexa9_0/lib/xgpiops_selftest.o ps7_cortexa9_0/lib/xgpio_g.o ps7_cortexa9_0/lib/xscuwdt.o ps7_c
TRACE::2023-01-23.15:12:28::SCWMssOS::ortexa9_0/lib/xv_hcresampler_linux.o ps7_cortexa9_0/lib/xaxivdma_g.o ps7_cortexa9_0/lib/xv_csc_l2.o ps7_cortexa9_0/lib/xil_mem.
TRACE::2023-01-23.15:12:28::SCWMssOS::o ps7_cortexa9_0/lib/xaxivdma_sinit.o ps7_cortexa9_0/lib/xv_hscaler.o ps7_cortexa9_0/lib/xgpio_selftest.o ps7_cortexa9_0/lib/xa
TRACE::2023-01-23.15:12:28::SCWMssOS::xivdma_selftest.o ps7_cortexa9_0/lib/xil_printf.o ps7_cortexa9_0/lib/kill.o ps7_cortexa9_0/lib/xadcps.o ps7_cortexa9_0/lib/xuar
TRACE::2023-01-23.15:12:28::SCWMssOS::tps_sinit.o ps7_cortexa9_0/lib/xaxis_switch_g.o ps7_cortexa9_0/lib/xuartps_selftest.o ps7_cortexa9_0/lib/xuartps_g.o ps7_cortex
TRACE::2023-01-23.15:12:28::SCWMssOS::a9_0/lib/outbyte.o ps7_cortexa9_0/lib/lseek.o ps7_cortexa9_0/lib/xv_vcresampler_sinit.o ps7_cortexa9_0/lib/xusbps_hw.o ps7_cort
TRACE::2023-01-23.15:12:28::SCWMssOS::exa9_0/lib/xv_vcresampler_linux.o ps7_cortexa9_0/lib/xl2cc_counter.o ps7_cortexa9_0/lib/xv_deinterlacer_linux.o ps7_cortexa9_0/
TRACE::2023-01-23.15:12:28::SCWMssOS::lib/asm_vectors.o ps7_cortexa9_0/lib/usleep.o ps7_cortexa9_0/lib/abort.o ps7_cortexa9_0/lib/xscugic_intr.o ps7_cortexa9_0/lib/g
TRACE::2023-01-23.15:12:28::SCWMssOS::etpid.o ps7_cortexa9_0/lib/xil_testcache.o ps7_cortexa9_0/lib/xdevcfg_sinit.o ps7_cortexa9_0/lib/xdmaps.o ps7_cortexa9_0/lib/xs
TRACE::2023-01-23.15:12:28::SCWMssOS::cutimer.o ps7_cortexa9_0/lib/xv_hscaler_linux.o ps7_cortexa9_0/lib/xdevcfg_selftest.o ps7_cortexa9_0/lib/xpm_counter.o ps7_cort
TRACE::2023-01-23.15:12:28::SCWMssOS::exa9_0/lib/xv_vcresampler_g.o ps7_cortexa9_0/lib/_sbrk.o ps7_cortexa9_0/lib/xemacps_sinit.o ps7_cortexa9_0/lib/xqspips_g.o ps7_
TRACE::2023-01-23.15:12:28::SCWMssOS::cortexa9_0/lib/xgpiops.o ps7_cortexa9_0/lib/xsdps_g.o ps7_cortexa9_0/lib/xusbps_g.o ps7_cortexa9_0/lib/xsdps_sinit.o ps7_cortex
TRACE::2023-01-23.15:12:28::SCWMssOS::a9_0/lib/xvprocss.o ps7_cortexa9_0/lib/xv_vscaler_g.o ps7_cortexa9_0/lib/xv_vcresampler_coeff.o ps7_cortexa9_0/lib/xqspips_self
TRACE::2023-01-23.15:12:28::SCWMssOS::test.o ps7_cortexa9_0/lib/xil_exception.o ps7_cortexa9_0/lib/xgpio.o ps7_cortexa9_0/lib/xil_testmem.o ps7_cortexa9_0/lib/xaxivd
TRACE::2023-01-23.15:12:28::SCWMssOS::ma.o ps7_cortexa9_0/lib/xemacps_control.o ps7_cortexa9_0/lib/open.o ps7_cortexa9_0/lib/xaxis_switch_selftest.o ps7_cortexa9_0/l
TRACE::2023-01-23.15:12:28::SCWMssOS::ib/xil_assert.o ps7_cortexa9_0/lib/xaxivdma_intr.o ps7_cortexa9_0/lib/xv_letterbox_linux.o ps7_cortexa9_0/lib/xusbps_intr.o ps7
TRACE::2023-01-23.15:12:28::SCWMssOS::_cortexa9_0/lib/xv_vscaler_coeff.o ps7_cortexa9_0/lib/xvidc.o ps7_cortexa9_0/lib/xsdps_host.o ps7_cortexa9_0/lib/xcoresightpsdc
TRACE::2023-01-23.15:12:28::SCWMssOS::c.o ps7_cortexa9_0/lib/xv_csc.o ps7_cortexa9_0/lib/xscugic_hw.o ps7_cortexa9_0/lib/xuartps.o ps7_cortexa9_0/lib/sleep.o ps7_cor
TRACE::2023-01-23.15:12:28::SCWMssOS::texa9_0/lib/cpputest_time.o ps7_cortexa9_0/lib/_open.o ps7_cortexa9_0/lib/fcntl.o ps7_cortexa9_0/lib/xv_vscaler_l2.o ps7_cortex
TRACE::2023-01-23.15:12:28::SCWMssOS::a9_0/lib/xvidc_edid.o ps7_cortexa9_0/lib/print.o ps7_cortexa9_0/lib/read.o ps7_cortexa9_0/lib/xv_hcresampler.o ps7_cortexa9_0/l
TRACE::2023-01-23.15:12:28::SCWMssOS::ib/xv_letterbox.o ps7_cortexa9_0/lib/xdevcfg.o ps7_cortexa9_0/lib/xadcps_intr.o ps7_cortexa9_0/lib/xqspips.o ps7_cortexa9_0/lib
TRACE::2023-01-23.15:12:28::SCWMssOS::/xv_deinterlacer_g.o ps7_cortexa9_0/lib/xv_deinterlacer_sinit.o ps7_cortexa9_0/lib/xemacps.o ps7_cortexa9_0/lib/xil_cache.o ps7
TRACE::2023-01-23.15:12:28::SCWMssOS::_cortexa9_0/lib/xil_testio.o ps7_cortexa9_0/lib/xv_vcresampler.o ps7_cortexa9_0/lib/xvidc_edid_ext.o ps7_cortexa9_0/lib/xuartps
TRACE::2023-01-23.15:12:28::SCWMssOS::_intr.o ps7_cortexa9_0/lib/xusbps.o ps7_cortexa9_0/lib/xaxis_switch.o ps7_cortexa9_0/lib/xv_vscaler.o ps7_cortexa9_0/lib/_exit.
TRACE::2023-01-23.15:12:28::SCWMssOS::o ps7_cortexa9_0/lib/translation_table.o ps7_cortexa9_0/lib/write.o ps7_cortexa9_0/lib/boot.o ps7_cortexa9_0/lib/xemacps_bdring
TRACE::2023-01-23.15:12:28::SCWMssOS::.o ps7_cortexa9_0/lib/xaxivdma_channel.o ps7_cortexa9_0/lib/cpu_init.o ps7_cortexa9_0/lib/xil_sleepcommon.o ps7_cortexa9_0/lib/
TRACE::2023-01-23.15:12:28::SCWMssOS::xscugic_g.o ps7_cortexa9_0/lib/xv_hscaler_g.o ps7_cortexa9_0/lib/xgpiops_intr.o ps7_cortexa9_0/lib/xscugic_sinit.o ps7_cortexa9
TRACE::2023-01-23.15:12:28::SCWMssOS::_0/lib/xdevcfg_g.o ps7_cortexa9_0/lib/xuartps_hw.o ps7_cortexa9_0/lib/xgpio_intr.o ps7_cortexa9_0/lib/xv_hcresampler_g.o ps7_co
TRACE::2023-01-23.15:12:28::SCWMssOS::rtexa9_0/lib/xvprocss_router.o ps7_cortexa9_0/lib/xtime_l.o ps7_cortexa9_0/lib/xvidc_parse_edid.o ps7_cortexa9_0/lib/xv_csc_g.o
TRACE::2023-01-23.15:12:28::SCWMssOS:: ps7_cortexa9_0/lib/xscugic_selftest.o ps7_cortexa9_0/lib/xil_util.o ps7_cortexa9_0/lib/xscuwdt_sinit.o ps7_cortexa9_0/lib/xsdp
TRACE::2023-01-23.15:12:28::SCWMssOS::s_card.o ps7_cortexa9_0/lib/xdmaps_hw.o ps7_cortexa9_0/lib/xv_hcresampler_sinit.o ps7_cortexa9_0/lib/xv_hscaler_coeff.o ps7_cor
TRACE::2023-01-23.15:12:28::SCWMssOS::texa9_0/lib/xv_hcresampler_l2.o ps7_cortexa9_0/lib/xvprocss_log.o ps7_cortexa9_0/lib/xv_letterbox_l2.o ps7_cortexa9_0/lib/sbrk.
TRACE::2023-01-23.15:12:28::SCWMssOS::o ps7_cortexa9_0/lib/xgpiops_hw.o ps7_cortexa9_0/lib/fstat.o ps7_cortexa9_0/lib/errno.o ps7_cortexa9_0/lib/xvprocss_vdma.o ps7_
TRACE::2023-01-23.15:12:28::SCWMssOS::cortexa9_0/lib/xdevcfg_intr.o ps7_cortexa9_0/lib/xuartps_options.o ps7_cortexa9_0/lib/xv_hscaler_l2.o ps7_cortexa9_0/lib/xaxis_
TRACE::2023-01-23.15:12:28::SCWMssOS::switch_sinit.o ps7_cortexa9_0/lib/vectors.o ps7_cortexa9_0/lib/xv_csc_linux.o ps7_cortexa9_0/lib/xscuwdt_g.o ps7_cortexa9_0/lib
TRACE::2023-01-23.15:12:28::SCWMssOS::/xvprocss_g.o ps7_cortexa9_0/lib/xv_letterbox_g.o ps7_cortexa9_0/lib/xil_clocking.o ps7_cortexa9_0/lib/xv_vcresampler_l2.o ps7_
TRACE::2023-01-23.15:12:28::SCWMssOS::cortexa9_0/lib/xv_csc_sinit.o ps7_cortexa9_0/lib/xv_letterbox_sinit.o ps7_cortexa9_0/lib/xemacps_intr.o ps7_cortexa9_0/lib/xscu
TRACE::2023-01-23.15:12:28::SCWMssOS::wdt_selftest.o ps7_cortexa9_0/lib/xgpio_extra.o ps7_cortexa9_0/lib/isatty.o ps7_cortexa9_0/lib/xil-crt0.o ps7_cortexa9_0/lib/xs
TRACE::2023-01-23.15:12:28::SCWMssOS::cugic.o ps7_cortexa9_0/lib/xadcps_g.o ps7_cortexa9_0/lib/xqspips_sinit.o ps7_cortexa9_0/lib/xadcps_sinit.o

TRACE::2023-01-23.15:12:28::SCWMssOS::'Finished building libraries'

TRACE::2023-01-23.15:12:29::SCWMssOS::Copying to export directory.
TRACE::2023-01-23.15:12:30::SCWMssOS:: Checking if to create the Supporting Applications
TRACE::2023-01-23.15:12:30::SCWMssOS:: No Linux domain exists, trying to generate FSBL 
LOG::2023-01-23.15:12:30::SCWSystem::Completed Processing the domain standalone_ps7_cortexa9_0
LOG::2023-01-23.15:12:30::SCWSystem::Completed Processing the sysconfig atelier4_wrapper
LOG::2023-01-23.15:12:30::SCWPlatform::Completed generating the artifacts for system configuration atelier4_wrapper
TRACE::2023-01-23.15:12:30::SCWPlatform::Started preparing the platform 
TRACE::2023-01-23.15:12:30::SCWSystem::Writing the bif file for system config atelier4_wrapper
TRACE::2023-01-23.15:12:30::SCWSystem::dir created 
TRACE::2023-01-23.15:12:30::SCWSystem::Writing the bif 
TRACE::2023-01-23.15:12:30::SCWPlatform::Started writing the spfm file 
TRACE::2023-01-23.15:12:30::SCWPlatform::Started writing the xpfm file 
TRACE::2023-01-23.15:12:30::SCWPlatform::Completed generating the platform
TRACE::2023-01-23.15:12:30::SCWMssOS::Saving the mss changes C:/Travail/s4InfoAtelier4/atelier4_wrapper/zynq_fsbl/zynq_fsbl_bsp/system.mss
TRACE::2023-01-23.15:12:30::SCWMssOS::Found a swdesign opened with the mssfile.
TRACE::2023-01-23.15:12:30::SCWMssOS::Completed writemss as part of save.
TRACE::2023-01-23.15:12:30::SCWMssOS::Commit changes completed.
TRACE::2023-01-23.15:12:30::SCWMssOS::Saving the mss changes C:/Travail/s4InfoAtelier4/atelier4_wrapper/ps7_cortexa9_0/standalone_ps7_cortexa9_0/bsp/system.mss
TRACE::2023-01-23.15:12:30::SCWMssOS::Found a swdesign opened with the mssfile.
TRACE::2023-01-23.15:12:30::SCWMssOS::Completed writemss as part of save.
TRACE::2023-01-23.15:12:30::SCWMssOS::Commit changes completed.
TRACE::2023-01-23.15:12:30::SCWPlatform::Trying to open the hw design at C:/Travail/s4InfoAtelier4/atelier4_wrapper/hw/atelier4_wrapper.xsa
TRACE::2023-01-23.15:12:30::SCWPlatform::DSA given C:/Travail/s4InfoAtelier4/atelier4_wrapper/hw/atelier4_wrapper.xsa
TRACE::2023-01-23.15:12:30::SCWPlatform::DSA absoulate path C:/Travail/s4InfoAtelier4/atelier4_wrapper/hw/atelier4_wrapper.xsa
TRACE::2023-01-23.15:12:30::SCWPlatform::DSA directory C:/Travail/s4InfoAtelier4/atelier4_wrapper/hw
TRACE::2023-01-23.15:12:30::SCWPlatform:: Platform Path C:/Travail/s4InfoAtelier4/atelier4_wrapper/hw/atelier4_wrapper.xsa
TRACE::2023-01-23.15:12:30::SCWPlatform:: Unique name xilinx:zybo-z7-10::0.0
TRACE::2023-01-23.15:12:30::SCWPlatform::Trying to set the existing hwdb with name atelier4_wrapper_2
TRACE::2023-01-23.15:12:30::SCWPlatform::Opened existing hwdb atelier4_wrapper_2
TRACE::2023-01-23.15:12:30::SCWPlatform::Found the Hw Db part of the input DSA
TRACE::2023-01-23.15:12:30::SCWMssOS::Checking the sw design at  C:/Travail/s4InfoAtelier4/atelier4_wrapper/zynq_fsbl/zynq_fsbl_bsp/system.mss
TRACE::2023-01-23.15:12:30::SCWMssOS::DEBUG:  swdes dump  C:/Travail/s4InfoAtelier4/atelier4_wrapper/ps7_cortexa9_0/standalone_ps7_cortexa9_0/bsp/system.mss|system_0||
C:/Travail/s4InfoAtelier4/atelier4_wrapper/zynq_fsbl/zynq_fsbl_bsp/system.mss|system||

TRACE::2023-01-23.15:12:30::SCWMssOS::Sw design exists and opened at  C:/Travail/s4InfoAtelier4/atelier4_wrapper/zynq_fsbl/zynq_fsbl_bsp/system.mss
TRACE::2023-01-23.15:12:30::SCWPlatform::Trying to open the hw design at C:/Travail/s4InfoAtelier4/atelier4_wrapper/hw/atelier4_wrapper.xsa
TRACE::2023-01-23.15:12:30::SCWPlatform::DSA given C:/Travail/s4InfoAtelier4/atelier4_wrapper/hw/atelier4_wrapper.xsa
TRACE::2023-01-23.15:12:30::SCWPlatform::DSA absoulate path C:/Travail/s4InfoAtelier4/atelier4_wrapper/hw/atelier4_wrapper.xsa
TRACE::2023-01-23.15:12:30::SCWPlatform::DSA directory C:/Travail/s4InfoAtelier4/atelier4_wrapper/hw
TRACE::2023-01-23.15:12:30::SCWPlatform:: Platform Path C:/Travail/s4InfoAtelier4/atelier4_wrapper/hw/atelier4_wrapper.xsa
TRACE::2023-01-23.15:12:30::SCWPlatform:: Unique name xilinx:zybo-z7-10::0.0
TRACE::2023-01-23.15:12:30::SCWPlatform::Trying to set the existing hwdb with name atelier4_wrapper_2
TRACE::2023-01-23.15:12:30::SCWPlatform::Opened existing hwdb atelier4_wrapper_2
TRACE::2023-01-23.15:12:30::SCWPlatform::Found the Hw Db part of the input DSA
TRACE::2023-01-23.15:12:30::SCWMssOS::Checking the sw design at  C:/Travail/s4InfoAtelier4/atelier4_wrapper/ps7_cortexa9_0/standalone_ps7_cortexa9_0/bsp/system.mss
TRACE::2023-01-23.15:12:30::SCWMssOS::DEBUG:  swdes dump  C:/Travail/s4InfoAtelier4/atelier4_wrapper/ps7_cortexa9_0/standalone_ps7_cortexa9_0/bsp/system.mss|system_0||
C:/Travail/s4InfoAtelier4/atelier4_wrapper/zynq_fsbl/zynq_fsbl_bsp/system.mss|system||

TRACE::2023-01-23.15:12:30::SCWMssOS::Sw design exists and opened at  C:/Travail/s4InfoAtelier4/atelier4_wrapper/ps7_cortexa9_0/standalone_ps7_cortexa9_0/bsp/system.mss
TRACE::2023-01-23.15:12:30::SCWWriter::formatted JSON is {
	"platformName":	"atelier4_wrapper",
	"sprVersion":	"2.0",
	"mode":	"gui",
	"dsaType":	"Fixed",
	"platformDesc":	"atelier4_wrapper",
	"platHandOff":	"<platformDir>.xsa",
	"platIntHandOff":	"<platformDir>/hw/atelier4_wrapper.xsa",
	"deviceType":	"zynq",
	"platIsPrebuiltAutogen":	"false",
	"platIsNoBootBsp":	"false",
	"hasFsblMakeHasChanges":	"false",
	"hasPmufwMakeHasChanges":	"false",
	"fsblExtraCompilerFlags":	"-MMD -MP       -mcpu=cortex-a9 -mfpu=vfpv3 -mfloat-abi=hard ",
	"platPreBuiltFlag":	false,
	"platformSamplesDir":	"",
	"platActiveSys":	"atelier4_wrapper",
	"systems":	[{
			"systemName":	"atelier4_wrapper",
			"systemDesc":	"atelier4_wrapper",
			"sysIsBootAutoGen":	"true",
			"systemDispName":	"atelier4_wrapper",
			"sysActiveDom":	"standalone_ps7_cortexa9_0",
			"sysDefaultDom":	"standalone_ps7_cortexa9_0",
			"domains":	[{
					"domainName":	"zynq_fsbl",
					"domainDispName":	"zynq_fsbl",
					"domainDesc":	"FSBL Application BSP - Auto Generated.",
					"processors":	"ps7_cortexa9_0",
					"os":	"standalone",
					"sdxOs":	"standalone",
					"debugEnable":	"",
					"domRuntimes":	["cpp"],
					"swRepo":	"",
					"mssOsVer":	"7.3",
					"mssFile":	"",
					"md5Digest":	"0be5ea4ab905254957fadc8566944063",
					"compatibleApp":	"zynq_fsbl",
					"domType":	"bootDomain",
					"arch":	"32-bit",
					"appSettings":	{
						"appCompilerFlags":	"",
						"appLinkerFlags":	""
					},
					"addedLibs":	["xilffs:4.4", "xilrsa:1.6"],
					"libOptions":	{
						"libsContainingOptions":	[]
					},
					"prebuiltLibs":	{
						"prebuiltIncPath":	[],
						"prebuiltLibPath":	[]
					},
					"isolation":	{
					}
				}, {
					"domainName":	"standalone_ps7_cortexa9_0",
					"domainDispName":	"standalone_ps7_cortexa9_0",
					"domainDesc":	"standalone_ps7_cortexa9_0",
					"processors":	"ps7_cortexa9_0",
					"os":	"standalone",
					"sdxOs":	"standalone",
					"qemuArgs":	"C:/Xilinx/Vitis/2020.2/data/emulation/platforms/zynq/sw/a9_standalone/qemu/qemu_args.txt",
					"qemuData":	"C:/Xilinx/Vitis/2020.2/data/emulation/platforms/zynq/sw/a9_standalone/qemu/",
					"debugEnable":	"False",
					"domRuntimes":	["cpp"],
					"swRepo":	"",
					"mssOsVer":	"7.3",
					"mssFile":	"",
					"md5Digest":	"c7b67555032dc1ffe6b30962acb1207c",
					"compatibleApp":	"",
					"domType":	"mssDomain",
					"arch":	"32-bit",
					"appSettings":	{
						"appCompilerFlags":	"",
						"appLinkerFlags":	""
					},
					"addedLibs":	[],
					"libOptions":	{
						"libsContainingOptions":	[]
					},
					"prebuiltLibs":	{
						"prebuiltIncPath":	[],
						"prebuiltLibPath":	[]
					},
					"isolation":	{
					}
				}]
		}]
}
KEYINFO::2023-01-23.15:12:30::SCWPlatform::updated the xpfm file.
TRACE::2023-01-23.15:12:30::SCWPlatform::Trying to open the hw design at C:/Travail/s4InfoAtelier4/atelier4_wrapper/hw/atelier4_wrapper.xsa
TRACE::2023-01-23.15:12:30::SCWPlatform::DSA given C:/Travail/s4InfoAtelier4/atelier4_wrapper/hw/atelier4_wrapper.xsa
TRACE::2023-01-23.15:12:30::SCWPlatform::DSA absoulate path C:/Travail/s4InfoAtelier4/atelier4_wrapper/hw/atelier4_wrapper.xsa
TRACE::2023-01-23.15:12:30::SCWPlatform::DSA directory C:/Travail/s4InfoAtelier4/atelier4_wrapper/hw
TRACE::2023-01-23.15:12:30::SCWPlatform:: Platform Path C:/Travail/s4InfoAtelier4/atelier4_wrapper/hw/atelier4_wrapper.xsa
TRACE::2023-01-23.15:12:30::SCWPlatform:: Unique name xilinx:zybo-z7-10::0.0
TRACE::2023-01-23.15:12:30::SCWPlatform::Trying to set the existing hwdb with name atelier4_wrapper_2
TRACE::2023-01-23.15:12:30::SCWPlatform::Opened existing hwdb atelier4_wrapper_2
TRACE::2023-01-23.15:12:30::SCWPlatform::Found the Hw Db part of the input DSA
TRACE::2023-01-23.15:12:30::SCWMssOS::Checking the sw design at  C:/Travail/s4InfoAtelier4/atelier4_wrapper/ps7_cortexa9_0/standalone_ps7_cortexa9_0/bsp/system.mss
TRACE::2023-01-23.15:12:30::SCWMssOS::DEBUG:  swdes dump  C:/Travail/s4InfoAtelier4/atelier4_wrapper/ps7_cortexa9_0/standalone_ps7_cortexa9_0/bsp/system.mss|system_0||
C:/Travail/s4InfoAtelier4/atelier4_wrapper/zynq_fsbl/zynq_fsbl_bsp/system.mss|system||

TRACE::2023-01-23.15:12:30::SCWMssOS::Sw design exists and opened at  C:/Travail/s4InfoAtelier4/atelier4_wrapper/ps7_cortexa9_0/standalone_ps7_cortexa9_0/bsp/system.mss
TRACE::2023-01-23.15:55:56::SCWPlatform::Clearing the existing platform
TRACE::2023-01-23.15:55:56::SCWSystem::Clearing the existing sysconfig
TRACE::2023-01-23.15:55:56::SCWBDomain::clearing the fsbl build
TRACE::2023-01-23.15:55:56::SCWMssOS::Removing the swdes entry for  C:/Travail/s4InfoAtelier4/atelier4_wrapper/zynq_fsbl/zynq_fsbl_bsp/system.mss
TRACE::2023-01-23.15:55:56::SCWMssOS::Removing the swdes entry for  C:/Travail/s4InfoAtelier4/atelier4_wrapper/ps7_cortexa9_0/standalone_ps7_cortexa9_0/bsp/system.mss
TRACE::2023-01-23.15:55:56::SCWSystem::Clearing the domains completed.
TRACE::2023-01-23.15:55:56::SCWPlatform::Clearing the opened hw db.
TRACE::2023-01-23.15:55:56::SCWPlatform::DSA given C:/Travail/s4InfoAtelier4/atelier4_wrapper/hw/atelier4_wrapper.xsa
TRACE::2023-01-23.15:55:56::SCWPlatform::DSA absoulate path C:/Travail/s4InfoAtelier4/atelier4_wrapper/hw/atelier4_wrapper.xsa
TRACE::2023-01-23.15:55:56::SCWPlatform:: Platform location is C:/Travail/s4InfoAtelier4/atelier4_wrapper/hw
TRACE::2023-01-23.15:55:56::SCWPlatform:: Platform Path C:/Travail/s4InfoAtelier4/atelier4_wrapper/hw/atelier4_wrapper.xsa
TRACE::2023-01-23.15:55:56::SCWPlatform:: Unique name xilinx:zybo-z7-10::0.0
TRACE::2023-01-23.15:55:56::SCWPlatform::Removing the HwDB with name C:/Travail/s4InfoAtelier4/atelier4_wrapper/hw/atelier4_wrapper.xsa
TRACE::2023-01-23.15:55:57::SCWPlatform::Trying to open the hw design at C:/Travail/s4InfoAtelier4/atelier4_wrapper/hw/atelier4_wrapper.xsa
TRACE::2023-01-23.15:55:57::SCWPlatform::DSA given C:/Travail/s4InfoAtelier4/atelier4_wrapper/hw/atelier4_wrapper.xsa
TRACE::2023-01-23.15:55:57::SCWPlatform::DSA absoulate path C:/Travail/s4InfoAtelier4/atelier4_wrapper/hw/atelier4_wrapper.xsa
TRACE::2023-01-23.15:55:57::SCWPlatform::DSA directory C:/Travail/s4InfoAtelier4/atelier4_wrapper/hw
TRACE::2023-01-23.15:55:57::SCWPlatform:: Platform Path C:/Travail/s4InfoAtelier4/atelier4_wrapper/hw/atelier4_wrapper.xsa
TRACE::2023-01-23.15:55:57::SCWPlatform:: Unique name xilinx:zybo-z7-10::0.0
TRACE::2023-01-23.15:55:57::SCWPlatform::Do not have an existing db opened. 
TRACE::2023-01-23.15:55:58::SCWPlatform::Opened new HwDB with name atelier4_wrapper_3
TRACE::2023-01-23.15:55:58::SCWReader::Active system found as  atelier4_wrapper
TRACE::2023-01-23.15:55:58::SCWReader::Handling sysconfig atelier4_wrapper
TRACE::2023-01-23.15:55:58::SCWDomain::checking for install qemu data   : 
TRACE::2023-01-23.15:55:58::SCWDomain:: Using the QEMU Data from install at  : C:/Xilinx/Vitis/2020.2/data/emulation/platforms/zynq/sw/a9_standalone/qemu/
TRACE::2023-01-23.15:55:58::SCWDomain:: Using the QEMU args  from install at  : C:/Xilinx/Vitis/2020.2/data/emulation/platforms/zynq/sw/a9_standalone/qemu/qemu_args.txt
TRACE::2023-01-23.15:55:58::SCWPlatform::Trying to open the hw design at C:/Travail/s4InfoAtelier4/atelier4_wrapper/hw/atelier4_wrapper.xsa
TRACE::2023-01-23.15:55:58::SCWPlatform::DSA given C:/Travail/s4InfoAtelier4/atelier4_wrapper/hw/atelier4_wrapper.xsa
TRACE::2023-01-23.15:55:58::SCWPlatform::DSA absoulate path C:/Travail/s4InfoAtelier4/atelier4_wrapper/hw/atelier4_wrapper.xsa
TRACE::2023-01-23.15:55:58::SCWPlatform::DSA directory C:/Travail/s4InfoAtelier4/atelier4_wrapper/hw
TRACE::2023-01-23.15:55:58::SCWPlatform:: Platform Path C:/Travail/s4InfoAtelier4/atelier4_wrapper/hw/atelier4_wrapper.xsa
TRACE::2023-01-23.15:55:58::SCWPlatform:: Unique name xilinx:zybo-z7-10::0.0
TRACE::2023-01-23.15:55:58::SCWPlatform::Trying to set the existing hwdb with name atelier4_wrapper_3
TRACE::2023-01-23.15:55:58::SCWPlatform::Opened existing hwdb atelier4_wrapper_3
TRACE::2023-01-23.15:55:58::SCWPlatform::Found the Hw Db part of the input DSA
TRACE::2023-01-23.15:55:58::SCWPlatform::Trying to open the hw design at C:/Travail/s4InfoAtelier4/atelier4_wrapper/hw/atelier4_wrapper.xsa
TRACE::2023-01-23.15:55:58::SCWPlatform::DSA given C:/Travail/s4InfoAtelier4/atelier4_wrapper/hw/atelier4_wrapper.xsa
TRACE::2023-01-23.15:55:58::SCWPlatform::DSA absoulate path C:/Travail/s4InfoAtelier4/atelier4_wrapper/hw/atelier4_wrapper.xsa
TRACE::2023-01-23.15:55:58::SCWPlatform::DSA directory C:/Travail/s4InfoAtelier4/atelier4_wrapper/hw
TRACE::2023-01-23.15:55:58::SCWPlatform:: Platform Path C:/Travail/s4InfoAtelier4/atelier4_wrapper/hw/atelier4_wrapper.xsa
TRACE::2023-01-23.15:55:58::SCWPlatform:: Unique name xilinx:zybo-z7-10::0.0
TRACE::2023-01-23.15:55:58::SCWPlatform::Trying to set the existing hwdb with name atelier4_wrapper_3
TRACE::2023-01-23.15:55:58::SCWPlatform::Opened existing hwdb atelier4_wrapper_3
TRACE::2023-01-23.15:55:58::SCWPlatform::Found the Hw Db part of the input DSA
TRACE::2023-01-23.15:55:58::SCWPlatform::Trying to open the hw design at C:/Travail/s4InfoAtelier4/atelier4_wrapper/hw/atelier4_wrapper.xsa
TRACE::2023-01-23.15:55:58::SCWPlatform::DSA given C:/Travail/s4InfoAtelier4/atelier4_wrapper/hw/atelier4_wrapper.xsa
TRACE::2023-01-23.15:55:58::SCWPlatform::DSA absoulate path C:/Travail/s4InfoAtelier4/atelier4_wrapper/hw/atelier4_wrapper.xsa
TRACE::2023-01-23.15:55:58::SCWPlatform::DSA directory C:/Travail/s4InfoAtelier4/atelier4_wrapper/hw
TRACE::2023-01-23.15:55:58::SCWPlatform:: Platform Path C:/Travail/s4InfoAtelier4/atelier4_wrapper/hw/atelier4_wrapper.xsa
TRACE::2023-01-23.15:55:58::SCWPlatform:: Unique name xilinx:zybo-z7-10::0.0
TRACE::2023-01-23.15:55:58::SCWPlatform::Trying to set the existing hwdb with name atelier4_wrapper_3
TRACE::2023-01-23.15:55:58::SCWPlatform::Opened existing hwdb atelier4_wrapper_3
TRACE::2023-01-23.15:55:58::SCWPlatform::Found the Hw Db part of the input DSA
TRACE::2023-01-23.15:55:58::SCWReader::Boot application domain added for zynq_fsbl
TRACE::2023-01-23.15:55:58::SCWPlatform::Trying to open the hw design at C:/Travail/s4InfoAtelier4/atelier4_wrapper/hw/atelier4_wrapper.xsa
TRACE::2023-01-23.15:55:58::SCWPlatform::DSA given C:/Travail/s4InfoAtelier4/atelier4_wrapper/hw/atelier4_wrapper.xsa
TRACE::2023-01-23.15:55:58::SCWPlatform::DSA absoulate path C:/Travail/s4InfoAtelier4/atelier4_wrapper/hw/atelier4_wrapper.xsa
TRACE::2023-01-23.15:55:58::SCWPlatform::DSA directory C:/Travail/s4InfoAtelier4/atelier4_wrapper/hw
TRACE::2023-01-23.15:55:58::SCWPlatform:: Platform Path C:/Travail/s4InfoAtelier4/atelier4_wrapper/hw/atelier4_wrapper.xsa
TRACE::2023-01-23.15:55:58::SCWPlatform:: Unique name xilinx:zybo-z7-10::0.0
TRACE::2023-01-23.15:55:58::SCWPlatform::Trying to set the existing hwdb with name atelier4_wrapper_3
TRACE::2023-01-23.15:55:58::SCWPlatform::Opened existing hwdb atelier4_wrapper_3
TRACE::2023-01-23.15:55:58::SCWPlatform::Found the Hw Db part of the input DSA
TRACE::2023-01-23.15:55:58::SCWMssOS::Checking the sw design at  C:/Travail/s4InfoAtelier4/atelier4_wrapper/zynq_fsbl/zynq_fsbl_bsp/system.mss
TRACE::2023-01-23.15:55:58::SCWMssOS::DEBUG:  swdes dump  
TRACE::2023-01-23.15:55:58::SCWMssOS::No sw design opened at  C:/Travail/s4InfoAtelier4/atelier4_wrapper/zynq_fsbl/zynq_fsbl_bsp/system.mss
TRACE::2023-01-23.15:55:58::SCWMssOS::mss exists loading the mss file  C:/Travail/s4InfoAtelier4/atelier4_wrapper/zynq_fsbl/zynq_fsbl_bsp/system.mss
TRACE::2023-01-23.15:55:58::SCWMssOS::Opened the sw design from mss  C:/Travail/s4InfoAtelier4/atelier4_wrapper/zynq_fsbl/zynq_fsbl_bsp/system.mss
TRACE::2023-01-23.15:55:58::SCWMssOS::Adding the swdes entry C:/Travail/s4InfoAtelier4/atelier4_wrapper/zynq_fsbl/zynq_fsbl_bsp/system.mss with des name system
TRACE::2023-01-23.15:55:58::SCWMssOS::updating the scw layer about changes
TRACE::2023-01-23.15:55:58::SCWMssOS::Opened the sw design.  C:/Travail/s4InfoAtelier4/atelier4_wrapper/zynq_fsbl/zynq_fsbl_bsp/system.mss
TRACE::2023-01-23.15:55:58::SCWPlatform::Trying to open the hw design at C:/Travail/s4InfoAtelier4/atelier4_wrapper/hw/atelier4_wrapper.xsa
TRACE::2023-01-23.15:55:58::SCWPlatform::DSA given C:/Travail/s4InfoAtelier4/atelier4_wrapper/hw/atelier4_wrapper.xsa
TRACE::2023-01-23.15:55:58::SCWPlatform::DSA absoulate path C:/Travail/s4InfoAtelier4/atelier4_wrapper/hw/atelier4_wrapper.xsa
TRACE::2023-01-23.15:55:58::SCWPlatform::DSA directory C:/Travail/s4InfoAtelier4/atelier4_wrapper/hw
TRACE::2023-01-23.15:55:58::SCWPlatform:: Platform Path C:/Travail/s4InfoAtelier4/atelier4_wrapper/hw/atelier4_wrapper.xsa
TRACE::2023-01-23.15:55:58::SCWPlatform:: Unique name xilinx:zybo-z7-10::0.0
TRACE::2023-01-23.15:55:58::SCWPlatform::Trying to set the existing hwdb with name atelier4_wrapper_3
TRACE::2023-01-23.15:55:58::SCWPlatform::Opened existing hwdb atelier4_wrapper_3
TRACE::2023-01-23.15:55:58::SCWPlatform::Found the Hw Db part of the input DSA
TRACE::2023-01-23.15:55:58::SCWMssOS::Checking the sw design at  C:/Travail/s4InfoAtelier4/atelier4_wrapper/zynq_fsbl/zynq_fsbl_bsp/system.mss
TRACE::2023-01-23.15:55:58::SCWMssOS::DEBUG:  swdes dump  C:/Travail/s4InfoAtelier4/atelier4_wrapper/zynq_fsbl/zynq_fsbl_bsp/system.mss|system||

TRACE::2023-01-23.15:55:58::SCWMssOS::Sw design exists and opened at  C:/Travail/s4InfoAtelier4/atelier4_wrapper/zynq_fsbl/zynq_fsbl_bsp/system.mss
TRACE::2023-01-23.15:55:58::SCWMssOS:: library already available in sw design:  xilffs:4.4
TRACE::2023-01-23.15:55:58::SCWPlatform::Trying to open the hw design at C:/Travail/s4InfoAtelier4/atelier4_wrapper/hw/atelier4_wrapper.xsa
TRACE::2023-01-23.15:55:58::SCWPlatform::DSA given C:/Travail/s4InfoAtelier4/atelier4_wrapper/hw/atelier4_wrapper.xsa
TRACE::2023-01-23.15:55:58::SCWPlatform::DSA absoulate path C:/Travail/s4InfoAtelier4/atelier4_wrapper/hw/atelier4_wrapper.xsa
TRACE::2023-01-23.15:55:58::SCWPlatform::DSA directory C:/Travail/s4InfoAtelier4/atelier4_wrapper/hw
TRACE::2023-01-23.15:55:58::SCWPlatform:: Platform Path C:/Travail/s4InfoAtelier4/atelier4_wrapper/hw/atelier4_wrapper.xsa
TRACE::2023-01-23.15:55:58::SCWPlatform:: Unique name xilinx:zybo-z7-10::0.0
TRACE::2023-01-23.15:55:58::SCWPlatform::Trying to set the existing hwdb with name atelier4_wrapper_3
TRACE::2023-01-23.15:55:58::SCWPlatform::Opened existing hwdb atelier4_wrapper_3
TRACE::2023-01-23.15:55:58::SCWPlatform::Found the Hw Db part of the input DSA
TRACE::2023-01-23.15:55:58::SCWMssOS::Checking the sw design at  C:/Travail/s4InfoAtelier4/atelier4_wrapper/zynq_fsbl/zynq_fsbl_bsp/system.mss
TRACE::2023-01-23.15:55:58::SCWMssOS::DEBUG:  swdes dump  C:/Travail/s4InfoAtelier4/atelier4_wrapper/zynq_fsbl/zynq_fsbl_bsp/system.mss|system||

TRACE::2023-01-23.15:55:58::SCWMssOS::Sw design exists and opened at  C:/Travail/s4InfoAtelier4/atelier4_wrapper/zynq_fsbl/zynq_fsbl_bsp/system.mss
TRACE::2023-01-23.15:55:58::SCWMssOS:: library already available in sw design:  xilrsa:1.6
TRACE::2023-01-23.15:55:58::SCWMssOS::Saving the mss changes C:/Travail/s4InfoAtelier4/atelier4_wrapper/zynq_fsbl/zynq_fsbl_bsp/system.mss
TRACE::2023-01-23.15:55:58::SCWMssOS::Found a swdesign opened with the mssfile.
TRACE::2023-01-23.15:55:58::SCWMssOS::Completed writemss as part of save.
TRACE::2023-01-23.15:55:58::SCWMssOS::Commit changes completed.
TRACE::2023-01-23.15:55:58::SCWReader::Adding prebuilt librarypaths as   
TRACE::2023-01-23.15:55:58::SCWReader::Adding prebuilt incpaths  as   
TRACE::2023-01-23.15:55:58::SCWPlatform::Trying to open the hw design at C:/Travail/s4InfoAtelier4/atelier4_wrapper/hw/atelier4_wrapper.xsa
TRACE::2023-01-23.15:55:58::SCWPlatform::DSA given C:/Travail/s4InfoAtelier4/atelier4_wrapper/hw/atelier4_wrapper.xsa
TRACE::2023-01-23.15:55:58::SCWPlatform::DSA absoulate path C:/Travail/s4InfoAtelier4/atelier4_wrapper/hw/atelier4_wrapper.xsa
TRACE::2023-01-23.15:55:58::SCWPlatform::DSA directory C:/Travail/s4InfoAtelier4/atelier4_wrapper/hw
TRACE::2023-01-23.15:55:58::SCWPlatform:: Platform Path C:/Travail/s4InfoAtelier4/atelier4_wrapper/hw/atelier4_wrapper.xsa
TRACE::2023-01-23.15:55:58::SCWPlatform:: Unique name xilinx:zybo-z7-10::0.0
TRACE::2023-01-23.15:55:58::SCWPlatform::Trying to set the existing hwdb with name atelier4_wrapper_3
TRACE::2023-01-23.15:55:58::SCWPlatform::Opened existing hwdb atelier4_wrapper_3
TRACE::2023-01-23.15:55:58::SCWPlatform::Found the Hw Db part of the input DSA
TRACE::2023-01-23.15:55:58::SCWMssOS::Checking the sw design at  C:/Travail/s4InfoAtelier4/atelier4_wrapper/zynq_fsbl/zynq_fsbl_bsp/system.mss
TRACE::2023-01-23.15:55:58::SCWMssOS::DEBUG:  swdes dump  C:/Travail/s4InfoAtelier4/atelier4_wrapper/zynq_fsbl/zynq_fsbl_bsp/system.mss|system||

TRACE::2023-01-23.15:55:58::SCWMssOS::Sw design exists and opened at  C:/Travail/s4InfoAtelier4/atelier4_wrapper/zynq_fsbl/zynq_fsbl_bsp/system.mss
TRACE::2023-01-23.15:55:58::SCWReader::No isolation master present  
TRACE::2023-01-23.15:55:58::SCWDomain::checking for install qemu data   : 
TRACE::2023-01-23.15:55:58::SCWDomain:: Using the QEMU Data from install at  : C:/Xilinx/Vitis/2020.2/data/emulation/platforms/zynq/sw/a9_standalone/qemu/
TRACE::2023-01-23.15:55:58::SCWDomain:: Using the QEMU args  from install at  : C:/Xilinx/Vitis/2020.2/data/emulation/platforms/zynq/sw/a9_standalone/qemu/qemu_args.txt
TRACE::2023-01-23.15:55:58::SCWPlatform::Trying to open the hw design at C:/Travail/s4InfoAtelier4/atelier4_wrapper/hw/atelier4_wrapper.xsa
TRACE::2023-01-23.15:55:58::SCWPlatform::DSA given C:/Travail/s4InfoAtelier4/atelier4_wrapper/hw/atelier4_wrapper.xsa
TRACE::2023-01-23.15:55:58::SCWPlatform::DSA absoulate path C:/Travail/s4InfoAtelier4/atelier4_wrapper/hw/atelier4_wrapper.xsa
TRACE::2023-01-23.15:55:58::SCWPlatform::DSA directory C:/Travail/s4InfoAtelier4/atelier4_wrapper/hw
TRACE::2023-01-23.15:55:58::SCWPlatform:: Platform Path C:/Travail/s4InfoAtelier4/atelier4_wrapper/hw/atelier4_wrapper.xsa
TRACE::2023-01-23.15:55:58::SCWPlatform:: Unique name xilinx:zybo-z7-10::0.0
TRACE::2023-01-23.15:55:58::SCWPlatform::Trying to set the existing hwdb with name atelier4_wrapper_3
TRACE::2023-01-23.15:55:58::SCWPlatform::Opened existing hwdb atelier4_wrapper_3
TRACE::2023-01-23.15:55:58::SCWPlatform::Found the Hw Db part of the input DSA
TRACE::2023-01-23.15:55:58::SCWPlatform::Trying to open the hw design at C:/Travail/s4InfoAtelier4/atelier4_wrapper/hw/atelier4_wrapper.xsa
TRACE::2023-01-23.15:55:58::SCWPlatform::DSA given C:/Travail/s4InfoAtelier4/atelier4_wrapper/hw/atelier4_wrapper.xsa
TRACE::2023-01-23.15:55:58::SCWPlatform::DSA absoulate path C:/Travail/s4InfoAtelier4/atelier4_wrapper/hw/atelier4_wrapper.xsa
TRACE::2023-01-23.15:55:58::SCWPlatform::DSA directory C:/Travail/s4InfoAtelier4/atelier4_wrapper/hw
TRACE::2023-01-23.15:55:58::SCWPlatform:: Platform Path C:/Travail/s4InfoAtelier4/atelier4_wrapper/hw/atelier4_wrapper.xsa
TRACE::2023-01-23.15:55:58::SCWPlatform:: Unique name xilinx:zybo-z7-10::0.0
TRACE::2023-01-23.15:55:58::SCWPlatform::Trying to set the existing hwdb with name atelier4_wrapper_3
TRACE::2023-01-23.15:55:58::SCWPlatform::Opened existing hwdb atelier4_wrapper_3
TRACE::2023-01-23.15:55:58::SCWPlatform::Found the Hw Db part of the input DSA
TRACE::2023-01-23.15:55:58::SCWPlatform::Trying to open the hw design at C:/Travail/s4InfoAtelier4/atelier4_wrapper/hw/atelier4_wrapper.xsa
TRACE::2023-01-23.15:55:58::SCWPlatform::DSA given C:/Travail/s4InfoAtelier4/atelier4_wrapper/hw/atelier4_wrapper.xsa
TRACE::2023-01-23.15:55:58::SCWPlatform::DSA absoulate path C:/Travail/s4InfoAtelier4/atelier4_wrapper/hw/atelier4_wrapper.xsa
TRACE::2023-01-23.15:55:58::SCWPlatform::DSA directory C:/Travail/s4InfoAtelier4/atelier4_wrapper/hw
TRACE::2023-01-23.15:55:58::SCWPlatform:: Platform Path C:/Travail/s4InfoAtelier4/atelier4_wrapper/hw/atelier4_wrapper.xsa
TRACE::2023-01-23.15:55:58::SCWPlatform:: Unique name xilinx:zybo-z7-10::0.0
TRACE::2023-01-23.15:55:58::SCWPlatform::Trying to set the existing hwdb with name atelier4_wrapper_3
TRACE::2023-01-23.15:55:58::SCWPlatform::Opened existing hwdb atelier4_wrapper_3
TRACE::2023-01-23.15:55:58::SCWPlatform::Found the Hw Db part of the input DSA
TRACE::2023-01-23.15:55:58::SCWMssOS::Checking the sw design at  C:/Travail/s4InfoAtelier4/atelier4_wrapper/ps7_cortexa9_0/standalone_ps7_cortexa9_0/bsp/system.mss
TRACE::2023-01-23.15:55:58::SCWMssOS::DEBUG:  swdes dump  C:/Travail/s4InfoAtelier4/atelier4_wrapper/zynq_fsbl/zynq_fsbl_bsp/system.mss|system||

TRACE::2023-01-23.15:55:58::SCWMssOS::No sw design opened at  C:/Travail/s4InfoAtelier4/atelier4_wrapper/ps7_cortexa9_0/standalone_ps7_cortexa9_0/bsp/system.mss
TRACE::2023-01-23.15:55:58::SCWMssOS::mss exists loading the mss file  C:/Travail/s4InfoAtelier4/atelier4_wrapper/ps7_cortexa9_0/standalone_ps7_cortexa9_0/bsp/system.mss
TRACE::2023-01-23.15:55:58::SCWMssOS::Opened the sw design from mss  C:/Travail/s4InfoAtelier4/atelier4_wrapper/ps7_cortexa9_0/standalone_ps7_cortexa9_0/bsp/system.mss
TRACE::2023-01-23.15:55:58::SCWMssOS::Adding the swdes entry C:/Travail/s4InfoAtelier4/atelier4_wrapper/ps7_cortexa9_0/standalone_ps7_cortexa9_0/bsp/system.mss with des name system_0
TRACE::2023-01-23.15:55:58::SCWMssOS::updating the scw layer about changes
TRACE::2023-01-23.15:55:58::SCWMssOS::Opened the sw design.  C:/Travail/s4InfoAtelier4/atelier4_wrapper/ps7_cortexa9_0/standalone_ps7_cortexa9_0/bsp/system.mss
TRACE::2023-01-23.15:55:58::SCWMssOS::Saving the mss changes C:/Travail/s4InfoAtelier4/atelier4_wrapper/ps7_cortexa9_0/standalone_ps7_cortexa9_0/bsp/system.mss
TRACE::2023-01-23.15:55:58::SCWMssOS::Found a swdesign opened with the mssfile.
TRACE::2023-01-23.15:55:58::SCWMssOS::Completed writemss as part of save.
TRACE::2023-01-23.15:55:58::SCWMssOS::Commit changes completed.
TRACE::2023-01-23.15:55:58::SCWReader::Adding prebuilt librarypaths as   
TRACE::2023-01-23.15:55:58::SCWReader::Adding prebuilt incpaths  as   
TRACE::2023-01-23.15:55:58::SCWPlatform::Trying to open the hw design at C:/Travail/s4InfoAtelier4/atelier4_wrapper/hw/atelier4_wrapper.xsa
TRACE::2023-01-23.15:55:58::SCWPlatform::DSA given C:/Travail/s4InfoAtelier4/atelier4_wrapper/hw/atelier4_wrapper.xsa
TRACE::2023-01-23.15:55:58::SCWPlatform::DSA absoulate path C:/Travail/s4InfoAtelier4/atelier4_wrapper/hw/atelier4_wrapper.xsa
TRACE::2023-01-23.15:55:58::SCWPlatform::DSA directory C:/Travail/s4InfoAtelier4/atelier4_wrapper/hw
TRACE::2023-01-23.15:55:58::SCWPlatform:: Platform Path C:/Travail/s4InfoAtelier4/atelier4_wrapper/hw/atelier4_wrapper.xsa
TRACE::2023-01-23.15:55:58::SCWPlatform:: Unique name xilinx:zybo-z7-10::0.0
TRACE::2023-01-23.15:55:58::SCWPlatform::Trying to set the existing hwdb with name atelier4_wrapper_3
TRACE::2023-01-23.15:55:58::SCWPlatform::Opened existing hwdb atelier4_wrapper_3
TRACE::2023-01-23.15:55:58::SCWPlatform::Found the Hw Db part of the input DSA
TRACE::2023-01-23.15:55:58::SCWMssOS::Checking the sw design at  C:/Travail/s4InfoAtelier4/atelier4_wrapper/ps7_cortexa9_0/standalone_ps7_cortexa9_0/bsp/system.mss
TRACE::2023-01-23.15:55:58::SCWMssOS::DEBUG:  swdes dump  C:/Travail/s4InfoAtelier4/atelier4_wrapper/ps7_cortexa9_0/standalone_ps7_cortexa9_0/bsp/system.mss|system_0||
C:/Travail/s4InfoAtelier4/atelier4_wrapper/zynq_fsbl/zynq_fsbl_bsp/system.mss|system||

TRACE::2023-01-23.15:55:58::SCWMssOS::Sw design exists and opened at  C:/Travail/s4InfoAtelier4/atelier4_wrapper/ps7_cortexa9_0/standalone_ps7_cortexa9_0/bsp/system.mss
TRACE::2023-01-23.15:55:58::SCWReader::No isolation master present  
TRACE::2023-01-23.15:56:06::SCWPlatform::DSA given C:/Travail/s4InfoAtelier4/atelier4_wrapper/tempdsa/atelier4_wrapper.xsa
TRACE::2023-01-23.15:56:06::SCWPlatform::DSA absoulate path C:/Travail/s4InfoAtelier4/atelier4_wrapper/tempdsa/atelier4_wrapper.xsa
TRACE::2023-01-23.15:56:06::SCWPlatform:: Platform location is C:/Travail/s4InfoAtelier4/atelier4_wrapper/tempdsa
TRACE::2023-01-23.15:56:06::SCWPlatform:: Platform Path C:/Travail/s4InfoAtelier4/atelier4_wrapper/tempdsa/atelier4_wrapper.xsa
TRACE::2023-01-23.15:56:06::SCWPlatform:: Unique name xilinx:zybo-z7-10::0.0
TRACE::2023-01-23.15:56:08::SCWPlatform::Found the Hw Db part of the input DSA
TRACE::2023-01-23.15:56:08::SCWMssOS::Doing hw sync for the mss in domain: zynq_fsbl
TRACE::2023-01-23.15:56:08::SCWPlatform::Trying to open the hw design at C:/Travail/s4InfoAtelier4/atelier4_wrapper/hw/atelier4_wrapper.xsa
TRACE::2023-01-23.15:56:08::SCWPlatform::DSA given C:/Travail/s4InfoAtelier4/atelier4_wrapper/hw/atelier4_wrapper.xsa
TRACE::2023-01-23.15:56:08::SCWPlatform::DSA absoulate path C:/Travail/s4InfoAtelier4/atelier4_wrapper/hw/atelier4_wrapper.xsa
TRACE::2023-01-23.15:56:08::SCWPlatform::DSA directory C:/Travail/s4InfoAtelier4/atelier4_wrapper/hw
TRACE::2023-01-23.15:56:08::SCWPlatform:: Platform Path C:/Travail/s4InfoAtelier4/atelier4_wrapper/hw/atelier4_wrapper.xsa
TRACE::2023-01-23.15:56:08::SCWPlatform:: Unique name xilinx:zybo-z7-10::0.0
TRACE::2023-01-23.15:56:08::SCWPlatform::Trying to set the existing hwdb with name atelier4_wrapper_3
TRACE::2023-01-23.15:56:08::SCWPlatform::Opened existing hwdb atelier4_wrapper_3
TRACE::2023-01-23.15:56:08::SCWPlatform::Found the Hw Db part of the input DSA
TRACE::2023-01-23.15:56:08::SCWPlatform::Trying to open the hw design at C:/Travail/s4InfoAtelier4/atelier4_wrapper/hw/atelier4_wrapper.xsa
TRACE::2023-01-23.15:56:08::SCWPlatform::DSA given C:/Travail/s4InfoAtelier4/atelier4_wrapper/hw/atelier4_wrapper.xsa
TRACE::2023-01-23.15:56:08::SCWPlatform::DSA absoulate path C:/Travail/s4InfoAtelier4/atelier4_wrapper/hw/atelier4_wrapper.xsa
TRACE::2023-01-23.15:56:08::SCWPlatform::DSA directory C:/Travail/s4InfoAtelier4/atelier4_wrapper/hw
TRACE::2023-01-23.15:56:08::SCWPlatform:: Platform Path C:/Travail/s4InfoAtelier4/atelier4_wrapper/hw/atelier4_wrapper.xsa
TRACE::2023-01-23.15:56:08::SCWPlatform:: Unique name xilinx:zybo-z7-10::0.0
TRACE::2023-01-23.15:56:08::SCWPlatform::Trying to set the existing hwdb with name atelier4_wrapper_3
TRACE::2023-01-23.15:56:08::SCWPlatform::Opened existing hwdb atelier4_wrapper_3
TRACE::2023-01-23.15:56:08::SCWPlatform::Found the Hw Db part of the input DSA
TRACE::2023-01-23.15:56:08::SCWMssOS::Checking the sw design at  C:/Travail/s4InfoAtelier4/atelier4_wrapper/zynq_fsbl/zynq_fsbl_bsp/system.mss
TRACE::2023-01-23.15:56:08::SCWMssOS::DEBUG:  swdes dump  C:/Travail/s4InfoAtelier4/atelier4_wrapper/ps7_cortexa9_0/standalone_ps7_cortexa9_0/bsp/system.mss|system_0||
C:/Travail/s4InfoAtelier4/atelier4_wrapper/zynq_fsbl/zynq_fsbl_bsp/system.mss|system||

TRACE::2023-01-23.15:56:08::SCWMssOS::Sw design exists and opened at  C:/Travail/s4InfoAtelier4/atelier4_wrapper/zynq_fsbl/zynq_fsbl_bsp/system.mss
TRACE::2023-01-23.15:56:08::SCWPlatform::Trying to open the hw design at C:/Travail/s4InfoAtelier4/atelier4_wrapper/tempdsa/atelier4_wrapper.xsa
TRACE::2023-01-23.15:56:08::SCWPlatform::DSA given C:/Travail/s4InfoAtelier4/atelier4_wrapper/tempdsa/atelier4_wrapper.xsa
TRACE::2023-01-23.15:56:08::SCWPlatform::DSA absoulate path C:/Travail/s4InfoAtelier4/atelier4_wrapper/tempdsa/atelier4_wrapper.xsa
TRACE::2023-01-23.15:56:08::SCWPlatform::DSA directory C:/Travail/s4InfoAtelier4/atelier4_wrapper/tempdsa
TRACE::2023-01-23.15:56:08::SCWPlatform:: Platform Path C:/Travail/s4InfoAtelier4/atelier4_wrapper/tempdsa/atelier4_wrapper.xsa
TRACE::2023-01-23.15:56:08::SCWPlatform:: Unique name xilinx:zybo-z7-10::0.0
TRACE::2023-01-23.15:56:08::SCWPlatform::update - Opened existing hwdb atelier4_wrapper_4
TRACE::2023-01-23.15:56:08::SCWPlatform::Found the Hw Db part of the input DSA
TRACE::2023-01-23.15:56:08::SCWMssOS::Doing hw sync for the mss in domain: standalone_ps7_cortexa9_0
TRACE::2023-01-23.15:56:08::SCWPlatform::Trying to open the hw design at C:/Travail/s4InfoAtelier4/atelier4_wrapper/hw/atelier4_wrapper.xsa
TRACE::2023-01-23.15:56:08::SCWPlatform::DSA given C:/Travail/s4InfoAtelier4/atelier4_wrapper/hw/atelier4_wrapper.xsa
TRACE::2023-01-23.15:56:08::SCWPlatform::DSA absoulate path C:/Travail/s4InfoAtelier4/atelier4_wrapper/hw/atelier4_wrapper.xsa
TRACE::2023-01-23.15:56:08::SCWPlatform::DSA directory C:/Travail/s4InfoAtelier4/atelier4_wrapper/hw
TRACE::2023-01-23.15:56:08::SCWPlatform:: Platform Path C:/Travail/s4InfoAtelier4/atelier4_wrapper/hw/atelier4_wrapper.xsa
TRACE::2023-01-23.15:56:08::SCWPlatform:: Unique name xilinx:zybo-z7-10::0.0
TRACE::2023-01-23.15:56:08::SCWPlatform::Trying to set the existing hwdb with name atelier4_wrapper_3
TRACE::2023-01-23.15:56:08::SCWPlatform::Opened existing hwdb atelier4_wrapper_3
TRACE::2023-01-23.15:56:08::SCWPlatform::Found the Hw Db part of the input DSA
TRACE::2023-01-23.15:56:08::SCWPlatform::Trying to open the hw design at C:/Travail/s4InfoAtelier4/atelier4_wrapper/hw/atelier4_wrapper.xsa
TRACE::2023-01-23.15:56:08::SCWPlatform::DSA given C:/Travail/s4InfoAtelier4/atelier4_wrapper/hw/atelier4_wrapper.xsa
TRACE::2023-01-23.15:56:08::SCWPlatform::DSA absoulate path C:/Travail/s4InfoAtelier4/atelier4_wrapper/hw/atelier4_wrapper.xsa
TRACE::2023-01-23.15:56:08::SCWPlatform::DSA directory C:/Travail/s4InfoAtelier4/atelier4_wrapper/hw
TRACE::2023-01-23.15:56:08::SCWPlatform:: Platform Path C:/Travail/s4InfoAtelier4/atelier4_wrapper/hw/atelier4_wrapper.xsa
TRACE::2023-01-23.15:56:08::SCWPlatform:: Unique name xilinx:zybo-z7-10::0.0
TRACE::2023-01-23.15:56:08::SCWPlatform::Trying to set the existing hwdb with name atelier4_wrapper_3
TRACE::2023-01-23.15:56:08::SCWPlatform::Opened existing hwdb atelier4_wrapper_3
TRACE::2023-01-23.15:56:08::SCWPlatform::Found the Hw Db part of the input DSA
TRACE::2023-01-23.15:56:08::SCWMssOS::Checking the sw design at  C:/Travail/s4InfoAtelier4/atelier4_wrapper/ps7_cortexa9_0/standalone_ps7_cortexa9_0/bsp/system.mss
TRACE::2023-01-23.15:56:08::SCWMssOS::DEBUG:  swdes dump  C:/Travail/s4InfoAtelier4/atelier4_wrapper/ps7_cortexa9_0/standalone_ps7_cortexa9_0/bsp/system.mss|system_0||
C:/Travail/s4InfoAtelier4/atelier4_wrapper/zynq_fsbl/zynq_fsbl_bsp/system.mss|system||

TRACE::2023-01-23.15:56:08::SCWMssOS::Sw design exists and opened at  C:/Travail/s4InfoAtelier4/atelier4_wrapper/ps7_cortexa9_0/standalone_ps7_cortexa9_0/bsp/system.mss
TRACE::2023-01-23.15:56:08::SCWPlatform::Trying to open the hw design at C:/Travail/s4InfoAtelier4/atelier4_wrapper/tempdsa/atelier4_wrapper.xsa
TRACE::2023-01-23.15:56:08::SCWPlatform::DSA given C:/Travail/s4InfoAtelier4/atelier4_wrapper/tempdsa/atelier4_wrapper.xsa
TRACE::2023-01-23.15:56:08::SCWPlatform::DSA absoulate path C:/Travail/s4InfoAtelier4/atelier4_wrapper/tempdsa/atelier4_wrapper.xsa
TRACE::2023-01-23.15:56:08::SCWPlatform::DSA directory C:/Travail/s4InfoAtelier4/atelier4_wrapper/tempdsa
TRACE::2023-01-23.15:56:08::SCWPlatform:: Platform Path C:/Travail/s4InfoAtelier4/atelier4_wrapper/tempdsa/atelier4_wrapper.xsa
TRACE::2023-01-23.15:56:08::SCWPlatform:: Unique name xilinx:zybo-z7-10::0.0
TRACE::2023-01-23.15:56:08::SCWPlatform::update - Opened existing hwdb atelier4_wrapper_4
TRACE::2023-01-23.15:56:08::SCWPlatform::Found the Hw Db part of the input DSA
TRACE::2023-01-23.15:56:08::SCWMssOS::Saving the mss changes C:/Travail/s4InfoAtelier4/atelier4_wrapper/zynq_fsbl/zynq_fsbl_bsp/system.mss
TRACE::2023-01-23.15:56:08::SCWMssOS::Found a swdesign opened with the mssfile.
TRACE::2023-01-23.15:56:08::SCWMssOS::Completed writemss as part of save.
TRACE::2023-01-23.15:56:08::SCWMssOS::Commit changes completed.
TRACE::2023-01-23.15:56:08::SCWMssOS::Completed hw sync for the mss in domain: zynq_fsbl
TRACE::2023-01-23.15:56:08::SCWMssOS::Removing the swdes entry for  C:/Travail/s4InfoAtelier4/atelier4_wrapper/zynq_fsbl/zynq_fsbl_bsp/system.mss
TRACE::2023-01-23.15:56:08::SCWMssOS::Saving the mss changes C:/Travail/s4InfoAtelier4/atelier4_wrapper/ps7_cortexa9_0/standalone_ps7_cortexa9_0/bsp/system.mss
TRACE::2023-01-23.15:56:08::SCWMssOS::Found a swdesign opened with the mssfile.
TRACE::2023-01-23.15:56:08::SCWMssOS::Completed writemss as part of save.
TRACE::2023-01-23.15:56:08::SCWMssOS::Commit changes completed.
TRACE::2023-01-23.15:56:08::SCWMssOS::Completed hw sync for the mss in domain: standalone_ps7_cortexa9_0
TRACE::2023-01-23.15:56:08::SCWMssOS::Removing the swdes entry for  C:/Travail/s4InfoAtelier4/atelier4_wrapper/ps7_cortexa9_0/standalone_ps7_cortexa9_0/bsp/system.mss
TRACE::2023-01-23.15:56:08::SCWPlatform::Trying to open the hw design at C:/Travail/s4InfoAtelier4/atelier4_wrapper/hw/atelier4_wrapper.xsa
TRACE::2023-01-23.15:56:08::SCWPlatform::DSA given C:/Travail/s4InfoAtelier4/atelier4_wrapper/hw/atelier4_wrapper.xsa
TRACE::2023-01-23.15:56:08::SCWPlatform::DSA absoulate path C:/Travail/s4InfoAtelier4/atelier4_wrapper/hw/atelier4_wrapper.xsa
TRACE::2023-01-23.15:56:08::SCWPlatform::DSA directory C:/Travail/s4InfoAtelier4/atelier4_wrapper/hw
TRACE::2023-01-23.15:56:08::SCWPlatform:: Platform Path C:/Travail/s4InfoAtelier4/atelier4_wrapper/hw/atelier4_wrapper.xsa
TRACE::2023-01-23.15:56:08::SCWPlatform:: Unique name xilinx:zybo-z7-10::0.0
TRACE::2023-01-23.15:56:08::SCWPlatform::Do not have an existing db opened. 
TRACE::2023-01-23.15:56:09::SCWPlatform::Opened new HwDB with name atelier4_wrapper_5
TRACE::2023-01-23.15:56:09::SCWMssOS::Saving the mss changes C:/Travail/s4InfoAtelier4/atelier4_wrapper/zynq_fsbl/zynq_fsbl_bsp/system.mss
TRACE::2023-01-23.15:56:09::SCWMssOS::Adding the swdes entry, mss present, able to open swdb C:/Travail/s4InfoAtelier4/atelier4_wrapper/zynq_fsbl/zynq_fsbl_bsp/system.mss with des name system
TRACE::2023-01-23.15:56:09::SCWMssOS::Writing the mss file completed C:/Travail/s4InfoAtelier4/atelier4_wrapper/zynq_fsbl/zynq_fsbl_bsp/system.mss
TRACE::2023-01-23.15:56:09::SCWMssOS::Commit changes completed.
TRACE::2023-01-23.15:56:09::SCWMssOS::Saving the mss changes C:/Travail/s4InfoAtelier4/atelier4_wrapper/ps7_cortexa9_0/standalone_ps7_cortexa9_0/bsp/system.mss
TRACE::2023-01-23.15:56:09::SCWMssOS::Adding the swdes entry, mss present, able to open swdb C:/Travail/s4InfoAtelier4/atelier4_wrapper/ps7_cortexa9_0/standalone_ps7_cortexa9_0/bsp/system.mss with des name system_0
TRACE::2023-01-23.15:56:09::SCWMssOS::Writing the mss file completed C:/Travail/s4InfoAtelier4/atelier4_wrapper/ps7_cortexa9_0/standalone_ps7_cortexa9_0/bsp/system.mss
TRACE::2023-01-23.15:56:09::SCWMssOS::Commit changes completed.
TRACE::2023-01-23.15:56:09::SCWPlatform::Trying to open the hw design at C:/Travail/s4InfoAtelier4/atelier4_wrapper/hw/atelier4_wrapper.xsa
TRACE::2023-01-23.15:56:09::SCWPlatform::DSA given C:/Travail/s4InfoAtelier4/atelier4_wrapper/hw/atelier4_wrapper.xsa
TRACE::2023-01-23.15:56:09::SCWPlatform::DSA absoulate path C:/Travail/s4InfoAtelier4/atelier4_wrapper/hw/atelier4_wrapper.xsa
TRACE::2023-01-23.15:56:09::SCWPlatform::DSA directory C:/Travail/s4InfoAtelier4/atelier4_wrapper/hw
TRACE::2023-01-23.15:56:09::SCWPlatform:: Platform Path C:/Travail/s4InfoAtelier4/atelier4_wrapper/hw/atelier4_wrapper.xsa
TRACE::2023-01-23.15:56:09::SCWPlatform:: Unique name xilinx:zybo-z7-10::0.0
TRACE::2023-01-23.15:56:09::SCWPlatform::Trying to set the existing hwdb with name atelier4_wrapper_5
TRACE::2023-01-23.15:56:09::SCWPlatform::Opened existing hwdb atelier4_wrapper_5
TRACE::2023-01-23.15:56:09::SCWPlatform::Found the Hw Db part of the input DSA
TRACE::2023-01-23.15:56:09::SCWMssOS::Checking the sw design at  C:/Travail/s4InfoAtelier4/atelier4_wrapper/zynq_fsbl/zynq_fsbl_bsp/system.mss
TRACE::2023-01-23.15:56:09::SCWMssOS::DEBUG:  swdes dump  C:/Travail/s4InfoAtelier4/atelier4_wrapper/ps7_cortexa9_0/standalone_ps7_cortexa9_0/bsp/system.mss|system_0||
C:/Travail/s4InfoAtelier4/atelier4_wrapper/zynq_fsbl/zynq_fsbl_bsp/system.mss|system||

TRACE::2023-01-23.15:56:09::SCWMssOS::Sw design exists and opened at  C:/Travail/s4InfoAtelier4/atelier4_wrapper/zynq_fsbl/zynq_fsbl_bsp/system.mss
TRACE::2023-01-23.15:56:09::SCWPlatform::Trying to open the hw design at C:/Travail/s4InfoAtelier4/atelier4_wrapper/hw/atelier4_wrapper.xsa
TRACE::2023-01-23.15:56:09::SCWPlatform::DSA given C:/Travail/s4InfoAtelier4/atelier4_wrapper/hw/atelier4_wrapper.xsa
TRACE::2023-01-23.15:56:09::SCWPlatform::DSA absoulate path C:/Travail/s4InfoAtelier4/atelier4_wrapper/hw/atelier4_wrapper.xsa
TRACE::2023-01-23.15:56:09::SCWPlatform::DSA directory C:/Travail/s4InfoAtelier4/atelier4_wrapper/hw
TRACE::2023-01-23.15:56:09::SCWPlatform:: Platform Path C:/Travail/s4InfoAtelier4/atelier4_wrapper/hw/atelier4_wrapper.xsa
TRACE::2023-01-23.15:56:09::SCWPlatform:: Unique name xilinx:zybo-z7-10::0.0
TRACE::2023-01-23.15:56:09::SCWPlatform::Trying to set the existing hwdb with name atelier4_wrapper_5
TRACE::2023-01-23.15:56:09::SCWPlatform::Opened existing hwdb atelier4_wrapper_5
TRACE::2023-01-23.15:56:09::SCWPlatform::Found the Hw Db part of the input DSA
TRACE::2023-01-23.15:56:09::SCWMssOS::Checking the sw design at  C:/Travail/s4InfoAtelier4/atelier4_wrapper/ps7_cortexa9_0/standalone_ps7_cortexa9_0/bsp/system.mss
TRACE::2023-01-23.15:56:09::SCWMssOS::DEBUG:  swdes dump  C:/Travail/s4InfoAtelier4/atelier4_wrapper/ps7_cortexa9_0/standalone_ps7_cortexa9_0/bsp/system.mss|system_0||
C:/Travail/s4InfoAtelier4/atelier4_wrapper/zynq_fsbl/zynq_fsbl_bsp/system.mss|system||

TRACE::2023-01-23.15:56:09::SCWMssOS::Sw design exists and opened at  C:/Travail/s4InfoAtelier4/atelier4_wrapper/ps7_cortexa9_0/standalone_ps7_cortexa9_0/bsp/system.mss
TRACE::2023-01-23.15:56:09::SCWWriter::formatted JSON is {
	"platformName":	"atelier4_wrapper",
	"sprVersion":	"2.0",
	"mode":	"gui",
	"dsaType":	"Fixed",
	"platformDesc":	"atelier4_wrapper",
	"platHandOff":	"<platformDir>.xsa",
	"platIntHandOff":	"<platformDir>/hw/atelier4_wrapper.xsa",
	"deviceType":	"zynq",
	"platIsPrebuiltAutogen":	"false",
	"platIsNoBootBsp":	"false",
	"hasFsblMakeHasChanges":	"false",
	"hasPmufwMakeHasChanges":	"false",
	"fsblExtraCompilerFlags":	"-MMD -MP       -mcpu=cortex-a9 -mfpu=vfpv3 -mfloat-abi=hard ",
	"platPreBuiltFlag":	false,
	"platformSamplesDir":	"",
	"platActiveSys":	"atelier4_wrapper",
	"systems":	[{
			"systemName":	"atelier4_wrapper",
			"systemDesc":	"atelier4_wrapper",
			"sysIsBootAutoGen":	"true",
			"systemDispName":	"atelier4_wrapper",
			"sysActiveDom":	"standalone_ps7_cortexa9_0",
			"sysDefaultDom":	"standalone_ps7_cortexa9_0",
			"domains":	[{
					"domainName":	"zynq_fsbl",
					"domainDispName":	"zynq_fsbl",
					"domainDesc":	"FSBL Application BSP - Auto Generated.",
					"processors":	"ps7_cortexa9_0",
					"os":	"standalone",
					"sdxOs":	"standalone",
					"debugEnable":	"",
					"domRuntimes":	["cpp"],
					"swRepo":	"",
					"mssOsVer":	"7.3",
					"mssFile":	"",
					"md5Digest":	"0be5ea4ab905254957fadc8566944063",
					"compatibleApp":	"zynq_fsbl",
					"domType":	"bootDomain",
					"arch":	"32-bit",
					"appSettings":	{
						"appCompilerFlags":	"",
						"appLinkerFlags":	""
					},
					"addedLibs":	["xilffs:4.4", "xilrsa:1.6"],
					"libOptions":	{
						"libsContainingOptions":	[]
					},
					"prebuiltLibs":	{
						"prebuiltIncPath":	[],
						"prebuiltLibPath":	[]
					},
					"isolation":	{
					}
				}, {
					"domainName":	"standalone_ps7_cortexa9_0",
					"domainDispName":	"standalone_ps7_cortexa9_0",
					"domainDesc":	"standalone_ps7_cortexa9_0",
					"processors":	"ps7_cortexa9_0",
					"os":	"standalone",
					"sdxOs":	"standalone",
					"qemuArgs":	"C:/Xilinx/Vitis/2020.2/data/emulation/platforms/zynq/sw/a9_standalone/qemu/qemu_args.txt",
					"qemuData":	"C:/Xilinx/Vitis/2020.2/data/emulation/platforms/zynq/sw/a9_standalone/qemu/",
					"debugEnable":	"False",
					"domRuntimes":	["cpp"],
					"swRepo":	"",
					"mssOsVer":	"7.3",
					"mssFile":	"",
					"md5Digest":	"c7b67555032dc1ffe6b30962acb1207c",
					"compatibleApp":	"",
					"domType":	"mssDomain",
					"arch":	"32-bit",
					"appSettings":	{
						"appCompilerFlags":	"",
						"appLinkerFlags":	""
					},
					"addedLibs":	[],
					"libOptions":	{
						"libsContainingOptions":	[]
					},
					"prebuiltLibs":	{
						"prebuiltIncPath":	[],
						"prebuiltLibPath":	[]
					},
					"isolation":	{
					}
				}]
		}]
}
LOG::2023-01-23.15:56:20::SCWPlatform::Started generating the artifacts platform atelier4_wrapper
TRACE::2023-01-23.15:56:20::SCWPlatform::Sanity checking of platform is completed
LOG::2023-01-23.15:56:20::SCWPlatform::Started generating the artifacts for system configuration atelier4_wrapper
LOG::2023-01-23.15:56:20::SCWSystem::Checking the domain zynq_fsbl
LOG::2023-01-23.15:56:20::SCWSystem::Doing application build for :  zynq_fsbl
TRACE::2023-01-23.15:56:20::SCWBDomain::Not a forced makefile updation, No changes are present. 
TRACE::2023-01-23.15:56:20::SCWDomain::Skipping the build for domain :  zynq_fsbl
LOG::2023-01-23.15:56:20::SCWSystem::Checking the domain standalone_ps7_cortexa9_0
LOG::2023-01-23.15:56:20::SCWSystem::Not a boot domain 
LOG::2023-01-23.15:56:20::SCWSystem::Started Processing the domain standalone_ps7_cortexa9_0
TRACE::2023-01-23.15:56:20::SCWDomain::Generating domain artifcats
TRACE::2023-01-23.15:56:20::SCWMssOS::Generating standalone artifcats
TRACE::2023-01-23.15:56:20::SCWMssOS::Copying the qemu file from  C:/Xilinx/Vitis/2020.2/data/emulation/platforms/zynq/sw/a9_standalone/qemu/qemu_args.txt To C:/Travail/s4InfoAtelier4/atelier4_wrapper/export/atelier4_wrapper/sw/atelier4_wrapper/qemu/
TRACE::2023-01-23.15:56:20::SCWMssOS::Copying the qemu file from  C:/Xilinx/Vitis/2020.2/data/emulation/platforms/zynq/sw/a9_standalone/qemu/qemu_args.txt To C:/Travail/s4InfoAtelier4/atelier4_wrapper/export/atelier4_wrapper/sw/atelier4_wrapper/standalone_ps7_cortexa9_0/qemu/
TRACE::2023-01-23.15:56:20::SCWMssOS:: Copying the user libraries. 
TRACE::2023-01-23.15:56:20::SCWPlatform::Trying to open the hw design at C:/Travail/s4InfoAtelier4/atelier4_wrapper/hw/atelier4_wrapper.xsa
TRACE::2023-01-23.15:56:20::SCWPlatform::DSA given C:/Travail/s4InfoAtelier4/atelier4_wrapper/hw/atelier4_wrapper.xsa
TRACE::2023-01-23.15:56:20::SCWPlatform::DSA absoulate path C:/Travail/s4InfoAtelier4/atelier4_wrapper/hw/atelier4_wrapper.xsa
TRACE::2023-01-23.15:56:20::SCWPlatform::DSA directory C:/Travail/s4InfoAtelier4/atelier4_wrapper/hw
TRACE::2023-01-23.15:56:20::SCWPlatform:: Platform Path C:/Travail/s4InfoAtelier4/atelier4_wrapper/hw/atelier4_wrapper.xsa
TRACE::2023-01-23.15:56:20::SCWPlatform:: Unique name xilinx:zybo-z7-10::0.0
TRACE::2023-01-23.15:56:20::SCWPlatform::Trying to set the existing hwdb with name atelier4_wrapper_5
TRACE::2023-01-23.15:56:20::SCWPlatform::Opened existing hwdb atelier4_wrapper_5
TRACE::2023-01-23.15:56:20::SCWPlatform::Found the Hw Db part of the input DSA
TRACE::2023-01-23.15:56:20::SCWMssOS::Checking the sw design at  C:/Travail/s4InfoAtelier4/atelier4_wrapper/ps7_cortexa9_0/standalone_ps7_cortexa9_0/bsp/system.mss
TRACE::2023-01-23.15:56:20::SCWMssOS::DEBUG:  swdes dump  C:/Travail/s4InfoAtelier4/atelier4_wrapper/ps7_cortexa9_0/standalone_ps7_cortexa9_0/bsp/system.mss|system_0||
C:/Travail/s4InfoAtelier4/atelier4_wrapper/zynq_fsbl/zynq_fsbl_bsp/system.mss|system||

TRACE::2023-01-23.15:56:20::SCWMssOS::Sw design exists and opened at  C:/Travail/s4InfoAtelier4/atelier4_wrapper/ps7_cortexa9_0/standalone_ps7_cortexa9_0/bsp/system.mss
TRACE::2023-01-23.15:56:20::SCWMssOS::Completed writing the mss file at C:/Travail/s4InfoAtelier4/atelier4_wrapper/ps7_cortexa9_0/standalone_ps7_cortexa9_0/bsp
TRACE::2023-01-23.15:56:20::SCWMssOS::Mss edits present, copying mssfile into export location C:/Travail/s4InfoAtelier4/atelier4_wrapper/ps7_cortexa9_0/standalone_ps7_cortexa9_0/bsp/system.mss
TRACE::2023-01-23.15:56:20::SCWMssOS::bsp generated is upto date with the mss file. Skipping bsp generation.
TRACE::2023-01-23.15:56:20::SCWMssOS::BSP is already built. skipping the bsp build ... 
TRACE::2023-01-23.15:56:20::SCWDomain::Skipping the build for domain :  standalone_ps7_cortexa9_0
TRACE::2023-01-23.15:56:20::SCWMssOS::skipping the bsp build ... 
TRACE::2023-01-23.15:56:20::SCWMssOS::Copying to export directory.
TRACE::2023-01-23.15:56:21::SCWMssOS:: Checking if to create the Supporting Applications
TRACE::2023-01-23.15:56:21::SCWMssOS:: No Linux domain exists, trying to generate FSBL 
LOG::2023-01-23.15:56:21::SCWSystem::Completed Processing the domain standalone_ps7_cortexa9_0
LOG::2023-01-23.15:56:21::SCWSystem::Completed Processing the sysconfig atelier4_wrapper
LOG::2023-01-23.15:56:21::SCWPlatform::Completed generating the artifacts for system configuration atelier4_wrapper
TRACE::2023-01-23.15:56:21::SCWPlatform::Started preparing the platform 
TRACE::2023-01-23.15:56:21::SCWSystem::Writing the bif file for system config atelier4_wrapper
TRACE::2023-01-23.15:56:21::SCWSystem::dir created 
TRACE::2023-01-23.15:56:21::SCWSystem::Writing the bif 
TRACE::2023-01-23.15:56:21::SCWPlatform::Started writing the spfm file 
TRACE::2023-01-23.15:56:21::SCWPlatform::Started writing the xpfm file 
TRACE::2023-01-23.15:56:21::SCWPlatform::Completed generating the platform
TRACE::2023-01-23.15:56:21::SCWMssOS::Saving the mss changes C:/Travail/s4InfoAtelier4/atelier4_wrapper/zynq_fsbl/zynq_fsbl_bsp/system.mss
TRACE::2023-01-23.15:56:21::SCWMssOS::Found a swdesign opened with the mssfile.
TRACE::2023-01-23.15:56:21::SCWMssOS::Completed writemss as part of save.
TRACE::2023-01-23.15:56:21::SCWMssOS::Commit changes completed.
TRACE::2023-01-23.15:56:21::SCWMssOS::Saving the mss changes C:/Travail/s4InfoAtelier4/atelier4_wrapper/ps7_cortexa9_0/standalone_ps7_cortexa9_0/bsp/system.mss
TRACE::2023-01-23.15:56:21::SCWMssOS::Found a swdesign opened with the mssfile.
TRACE::2023-01-23.15:56:21::SCWMssOS::Completed writemss as part of save.
TRACE::2023-01-23.15:56:21::SCWMssOS::Commit changes completed.
TRACE::2023-01-23.15:56:21::SCWPlatform::Trying to open the hw design at C:/Travail/s4InfoAtelier4/atelier4_wrapper/hw/atelier4_wrapper.xsa
TRACE::2023-01-23.15:56:21::SCWPlatform::DSA given C:/Travail/s4InfoAtelier4/atelier4_wrapper/hw/atelier4_wrapper.xsa
TRACE::2023-01-23.15:56:21::SCWPlatform::DSA absoulate path C:/Travail/s4InfoAtelier4/atelier4_wrapper/hw/atelier4_wrapper.xsa
TRACE::2023-01-23.15:56:21::SCWPlatform::DSA directory C:/Travail/s4InfoAtelier4/atelier4_wrapper/hw
TRACE::2023-01-23.15:56:21::SCWPlatform:: Platform Path C:/Travail/s4InfoAtelier4/atelier4_wrapper/hw/atelier4_wrapper.xsa
TRACE::2023-01-23.15:56:21::SCWPlatform:: Unique name xilinx:zybo-z7-10::0.0
TRACE::2023-01-23.15:56:21::SCWPlatform::Trying to set the existing hwdb with name atelier4_wrapper_5
TRACE::2023-01-23.15:56:21::SCWPlatform::Opened existing hwdb atelier4_wrapper_5
TRACE::2023-01-23.15:56:21::SCWPlatform::Found the Hw Db part of the input DSA
TRACE::2023-01-23.15:56:21::SCWMssOS::Checking the sw design at  C:/Travail/s4InfoAtelier4/atelier4_wrapper/zynq_fsbl/zynq_fsbl_bsp/system.mss
TRACE::2023-01-23.15:56:21::SCWMssOS::DEBUG:  swdes dump  C:/Travail/s4InfoAtelier4/atelier4_wrapper/ps7_cortexa9_0/standalone_ps7_cortexa9_0/bsp/system.mss|system_0||
C:/Travail/s4InfoAtelier4/atelier4_wrapper/zynq_fsbl/zynq_fsbl_bsp/system.mss|system||

TRACE::2023-01-23.15:56:21::SCWMssOS::Sw design exists and opened at  C:/Travail/s4InfoAtelier4/atelier4_wrapper/zynq_fsbl/zynq_fsbl_bsp/system.mss
TRACE::2023-01-23.15:56:21::SCWPlatform::Trying to open the hw design at C:/Travail/s4InfoAtelier4/atelier4_wrapper/hw/atelier4_wrapper.xsa
TRACE::2023-01-23.15:56:21::SCWPlatform::DSA given C:/Travail/s4InfoAtelier4/atelier4_wrapper/hw/atelier4_wrapper.xsa
TRACE::2023-01-23.15:56:21::SCWPlatform::DSA absoulate path C:/Travail/s4InfoAtelier4/atelier4_wrapper/hw/atelier4_wrapper.xsa
TRACE::2023-01-23.15:56:21::SCWPlatform::DSA directory C:/Travail/s4InfoAtelier4/atelier4_wrapper/hw
TRACE::2023-01-23.15:56:21::SCWPlatform:: Platform Path C:/Travail/s4InfoAtelier4/atelier4_wrapper/hw/atelier4_wrapper.xsa
TRACE::2023-01-23.15:56:21::SCWPlatform:: Unique name xilinx:zybo-z7-10::0.0
TRACE::2023-01-23.15:56:21::SCWPlatform::Trying to set the existing hwdb with name atelier4_wrapper_5
TRACE::2023-01-23.15:56:21::SCWPlatform::Opened existing hwdb atelier4_wrapper_5
TRACE::2023-01-23.15:56:21::SCWPlatform::Found the Hw Db part of the input DSA
TRACE::2023-01-23.15:56:21::SCWMssOS::Checking the sw design at  C:/Travail/s4InfoAtelier4/atelier4_wrapper/ps7_cortexa9_0/standalone_ps7_cortexa9_0/bsp/system.mss
TRACE::2023-01-23.15:56:21::SCWMssOS::DEBUG:  swdes dump  C:/Travail/s4InfoAtelier4/atelier4_wrapper/ps7_cortexa9_0/standalone_ps7_cortexa9_0/bsp/system.mss|system_0||
C:/Travail/s4InfoAtelier4/atelier4_wrapper/zynq_fsbl/zynq_fsbl_bsp/system.mss|system||

TRACE::2023-01-23.15:56:21::SCWMssOS::Sw design exists and opened at  C:/Travail/s4InfoAtelier4/atelier4_wrapper/ps7_cortexa9_0/standalone_ps7_cortexa9_0/bsp/system.mss
TRACE::2023-01-23.15:56:21::SCWWriter::formatted JSON is {
	"platformName":	"atelier4_wrapper",
	"sprVersion":	"2.0",
	"mode":	"gui",
	"dsaType":	"Fixed",
	"platformDesc":	"atelier4_wrapper",
	"platHandOff":	"<platformDir>.xsa",
	"platIntHandOff":	"<platformDir>/hw/atelier4_wrapper.xsa",
	"deviceType":	"zynq",
	"platIsPrebuiltAutogen":	"false",
	"platIsNoBootBsp":	"false",
	"hasFsblMakeHasChanges":	"false",
	"hasPmufwMakeHasChanges":	"false",
	"fsblExtraCompilerFlags":	"-MMD -MP       -mcpu=cortex-a9 -mfpu=vfpv3 -mfloat-abi=hard ",
	"platPreBuiltFlag":	false,
	"platformSamplesDir":	"",
	"platActiveSys":	"atelier4_wrapper",
	"systems":	[{
			"systemName":	"atelier4_wrapper",
			"systemDesc":	"atelier4_wrapper",
			"sysIsBootAutoGen":	"true",
			"systemDispName":	"atelier4_wrapper",
			"sysActiveDom":	"standalone_ps7_cortexa9_0",
			"sysDefaultDom":	"standalone_ps7_cortexa9_0",
			"domains":	[{
					"domainName":	"zynq_fsbl",
					"domainDispName":	"zynq_fsbl",
					"domainDesc":	"FSBL Application BSP - Auto Generated.",
					"processors":	"ps7_cortexa9_0",
					"os":	"standalone",
					"sdxOs":	"standalone",
					"debugEnable":	"",
					"domRuntimes":	["cpp"],
					"swRepo":	"",
					"mssOsVer":	"7.3",
					"mssFile":	"",
					"md5Digest":	"0be5ea4ab905254957fadc8566944063",
					"compatibleApp":	"zynq_fsbl",
					"domType":	"bootDomain",
					"arch":	"32-bit",
					"appSettings":	{
						"appCompilerFlags":	"",
						"appLinkerFlags":	""
					},
					"addedLibs":	["xilffs:4.4", "xilrsa:1.6"],
					"libOptions":	{
						"libsContainingOptions":	[]
					},
					"prebuiltLibs":	{
						"prebuiltIncPath":	[],
						"prebuiltLibPath":	[]
					},
					"isolation":	{
					}
				}, {
					"domainName":	"standalone_ps7_cortexa9_0",
					"domainDispName":	"standalone_ps7_cortexa9_0",
					"domainDesc":	"standalone_ps7_cortexa9_0",
					"processors":	"ps7_cortexa9_0",
					"os":	"standalone",
					"sdxOs":	"standalone",
					"qemuArgs":	"C:/Xilinx/Vitis/2020.2/data/emulation/platforms/zynq/sw/a9_standalone/qemu/qemu_args.txt",
					"qemuData":	"C:/Xilinx/Vitis/2020.2/data/emulation/platforms/zynq/sw/a9_standalone/qemu/",
					"debugEnable":	"False",
					"domRuntimes":	["cpp"],
					"swRepo":	"",
					"mssOsVer":	"7.3",
					"mssFile":	"",
					"md5Digest":	"c7b67555032dc1ffe6b30962acb1207c",
					"compatibleApp":	"",
					"domType":	"mssDomain",
					"arch":	"32-bit",
					"appSettings":	{
						"appCompilerFlags":	"",
						"appLinkerFlags":	""
					},
					"addedLibs":	[],
					"libOptions":	{
						"libsContainingOptions":	[]
					},
					"prebuiltLibs":	{
						"prebuiltIncPath":	[],
						"prebuiltLibPath":	[]
					},
					"isolation":	{
					}
				}]
		}]
}
KEYINFO::2023-01-23.15:56:21::SCWPlatform::updated the xpfm file.
TRACE::2023-01-23.15:56:21::SCWPlatform::Trying to open the hw design at C:/Travail/s4InfoAtelier4/atelier4_wrapper/hw/atelier4_wrapper.xsa
TRACE::2023-01-23.15:56:21::SCWPlatform::DSA given C:/Travail/s4InfoAtelier4/atelier4_wrapper/hw/atelier4_wrapper.xsa
TRACE::2023-01-23.15:56:21::SCWPlatform::DSA absoulate path C:/Travail/s4InfoAtelier4/atelier4_wrapper/hw/atelier4_wrapper.xsa
TRACE::2023-01-23.15:56:21::SCWPlatform::DSA directory C:/Travail/s4InfoAtelier4/atelier4_wrapper/hw
TRACE::2023-01-23.15:56:21::SCWPlatform:: Platform Path C:/Travail/s4InfoAtelier4/atelier4_wrapper/hw/atelier4_wrapper.xsa
TRACE::2023-01-23.15:56:21::SCWPlatform:: Unique name xilinx:zybo-z7-10::0.0
TRACE::2023-01-23.15:56:21::SCWPlatform::Trying to set the existing hwdb with name atelier4_wrapper_5
TRACE::2023-01-23.15:56:21::SCWPlatform::Opened existing hwdb atelier4_wrapper_5
TRACE::2023-01-23.15:56:21::SCWPlatform::Found the Hw Db part of the input DSA
TRACE::2023-01-23.15:56:21::SCWMssOS::Checking the sw design at  C:/Travail/s4InfoAtelier4/atelier4_wrapper/ps7_cortexa9_0/standalone_ps7_cortexa9_0/bsp/system.mss
TRACE::2023-01-23.15:56:21::SCWMssOS::DEBUG:  swdes dump  C:/Travail/s4InfoAtelier4/atelier4_wrapper/ps7_cortexa9_0/standalone_ps7_cortexa9_0/bsp/system.mss|system_0||
C:/Travail/s4InfoAtelier4/atelier4_wrapper/zynq_fsbl/zynq_fsbl_bsp/system.mss|system||

TRACE::2023-01-23.15:56:21::SCWMssOS::Sw design exists and opened at  C:/Travail/s4InfoAtelier4/atelier4_wrapper/ps7_cortexa9_0/standalone_ps7_cortexa9_0/bsp/system.mss
TRACE::2023-01-23.16:27:59::SCWPlatform::Clearing the existing platform
TRACE::2023-01-23.16:27:59::SCWSystem::Clearing the existing sysconfig
TRACE::2023-01-23.16:27:59::SCWBDomain::clearing the fsbl build
TRACE::2023-01-23.16:27:59::SCWMssOS::Removing the swdes entry for  C:/Travail/s4InfoAtelier4/atelier4_wrapper/zynq_fsbl/zynq_fsbl_bsp/system.mss
TRACE::2023-01-23.16:27:59::SCWMssOS::Removing the swdes entry for  C:/Travail/s4InfoAtelier4/atelier4_wrapper/ps7_cortexa9_0/standalone_ps7_cortexa9_0/bsp/system.mss
TRACE::2023-01-23.16:27:59::SCWSystem::Clearing the domains completed.
TRACE::2023-01-23.16:27:59::SCWPlatform::Clearing the opened hw db.
TRACE::2023-01-23.16:27:59::SCWPlatform::DSA given C:/Travail/s4InfoAtelier4/atelier4_wrapper/hw/atelier4_wrapper.xsa
TRACE::2023-01-23.16:27:59::SCWPlatform::DSA absoulate path C:/Travail/s4InfoAtelier4/atelier4_wrapper/hw/atelier4_wrapper.xsa
TRACE::2023-01-23.16:27:59::SCWPlatform:: Platform location is C:/Travail/s4InfoAtelier4/atelier4_wrapper/hw
TRACE::2023-01-23.16:27:59::SCWPlatform:: Platform Path C:/Travail/s4InfoAtelier4/atelier4_wrapper/hw/atelier4_wrapper.xsa
TRACE::2023-01-23.16:27:59::SCWPlatform:: Unique name xilinx:zybo-z7-10::0.0
TRACE::2023-01-23.16:27:59::SCWPlatform::Removing the HwDB with name C:/Travail/s4InfoAtelier4/atelier4_wrapper/hw/atelier4_wrapper.xsa
TRACE::2023-01-23.16:27:59::SCWPlatform::Trying to open the hw design at C:/Travail/s4InfoAtelier4/atelier4_wrapper/hw/atelier4_wrapper.xsa
TRACE::2023-01-23.16:27:59::SCWPlatform::DSA given C:/Travail/s4InfoAtelier4/atelier4_wrapper/hw/atelier4_wrapper.xsa
TRACE::2023-01-23.16:27:59::SCWPlatform::DSA absoulate path C:/Travail/s4InfoAtelier4/atelier4_wrapper/hw/atelier4_wrapper.xsa
TRACE::2023-01-23.16:27:59::SCWPlatform::DSA directory C:/Travail/s4InfoAtelier4/atelier4_wrapper/hw
TRACE::2023-01-23.16:27:59::SCWPlatform:: Platform Path C:/Travail/s4InfoAtelier4/atelier4_wrapper/hw/atelier4_wrapper.xsa
TRACE::2023-01-23.16:27:59::SCWPlatform:: Unique name xilinx:zybo-z7-10::0.0
TRACE::2023-01-23.16:27:59::SCWPlatform::Do not have an existing db opened. 
TRACE::2023-01-23.16:28:01::SCWPlatform::Opened new HwDB with name atelier4_wrapper_7
TRACE::2023-01-23.16:28:01::SCWReader::Active system found as  atelier4_wrapper
TRACE::2023-01-23.16:28:01::SCWReader::Handling sysconfig atelier4_wrapper
TRACE::2023-01-23.16:28:01::SCWDomain::checking for install qemu data   : 
TRACE::2023-01-23.16:28:01::SCWDomain:: Using the QEMU Data from install at  : C:/Xilinx/Vitis/2020.2/data/emulation/platforms/zynq/sw/a9_standalone/qemu/
TRACE::2023-01-23.16:28:01::SCWDomain:: Using the QEMU args  from install at  : C:/Xilinx/Vitis/2020.2/data/emulation/platforms/zynq/sw/a9_standalone/qemu/qemu_args.txt
TRACE::2023-01-23.16:28:01::SCWPlatform::Trying to open the hw design at C:/Travail/s4InfoAtelier4/atelier4_wrapper/hw/atelier4_wrapper.xsa
TRACE::2023-01-23.16:28:01::SCWPlatform::DSA given C:/Travail/s4InfoAtelier4/atelier4_wrapper/hw/atelier4_wrapper.xsa
TRACE::2023-01-23.16:28:01::SCWPlatform::DSA absoulate path C:/Travail/s4InfoAtelier4/atelier4_wrapper/hw/atelier4_wrapper.xsa
TRACE::2023-01-23.16:28:01::SCWPlatform::DSA directory C:/Travail/s4InfoAtelier4/atelier4_wrapper/hw
TRACE::2023-01-23.16:28:01::SCWPlatform:: Platform Path C:/Travail/s4InfoAtelier4/atelier4_wrapper/hw/atelier4_wrapper.xsa
TRACE::2023-01-23.16:28:01::SCWPlatform:: Unique name xilinx:zybo-z7-10::0.0
TRACE::2023-01-23.16:28:01::SCWPlatform::Trying to set the existing hwdb with name atelier4_wrapper_7
TRACE::2023-01-23.16:28:01::SCWPlatform::Opened existing hwdb atelier4_wrapper_7
TRACE::2023-01-23.16:28:01::SCWPlatform::Found the Hw Db part of the input DSA
TRACE::2023-01-23.16:28:01::SCWPlatform::Trying to open the hw design at C:/Travail/s4InfoAtelier4/atelier4_wrapper/hw/atelier4_wrapper.xsa
TRACE::2023-01-23.16:28:01::SCWPlatform::DSA given C:/Travail/s4InfoAtelier4/atelier4_wrapper/hw/atelier4_wrapper.xsa
TRACE::2023-01-23.16:28:01::SCWPlatform::DSA absoulate path C:/Travail/s4InfoAtelier4/atelier4_wrapper/hw/atelier4_wrapper.xsa
TRACE::2023-01-23.16:28:01::SCWPlatform::DSA directory C:/Travail/s4InfoAtelier4/atelier4_wrapper/hw
TRACE::2023-01-23.16:28:01::SCWPlatform:: Platform Path C:/Travail/s4InfoAtelier4/atelier4_wrapper/hw/atelier4_wrapper.xsa
TRACE::2023-01-23.16:28:01::SCWPlatform:: Unique name xilinx:zybo-z7-10::0.0
TRACE::2023-01-23.16:28:01::SCWPlatform::Trying to set the existing hwdb with name atelier4_wrapper_7
TRACE::2023-01-23.16:28:01::SCWPlatform::Opened existing hwdb atelier4_wrapper_7
TRACE::2023-01-23.16:28:01::SCWPlatform::Found the Hw Db part of the input DSA
TRACE::2023-01-23.16:28:01::SCWPlatform::Trying to open the hw design at C:/Travail/s4InfoAtelier4/atelier4_wrapper/hw/atelier4_wrapper.xsa
TRACE::2023-01-23.16:28:01::SCWPlatform::DSA given C:/Travail/s4InfoAtelier4/atelier4_wrapper/hw/atelier4_wrapper.xsa
TRACE::2023-01-23.16:28:01::SCWPlatform::DSA absoulate path C:/Travail/s4InfoAtelier4/atelier4_wrapper/hw/atelier4_wrapper.xsa
TRACE::2023-01-23.16:28:01::SCWPlatform::DSA directory C:/Travail/s4InfoAtelier4/atelier4_wrapper/hw
TRACE::2023-01-23.16:28:01::SCWPlatform:: Platform Path C:/Travail/s4InfoAtelier4/atelier4_wrapper/hw/atelier4_wrapper.xsa
TRACE::2023-01-23.16:28:01::SCWPlatform:: Unique name xilinx:zybo-z7-10::0.0
TRACE::2023-01-23.16:28:01::SCWPlatform::Trying to set the existing hwdb with name atelier4_wrapper_7
TRACE::2023-01-23.16:28:01::SCWPlatform::Opened existing hwdb atelier4_wrapper_7
TRACE::2023-01-23.16:28:01::SCWPlatform::Found the Hw Db part of the input DSA
TRACE::2023-01-23.16:28:01::SCWReader::Boot application domain added for zynq_fsbl
TRACE::2023-01-23.16:28:01::SCWPlatform::Trying to open the hw design at C:/Travail/s4InfoAtelier4/atelier4_wrapper/hw/atelier4_wrapper.xsa
TRACE::2023-01-23.16:28:01::SCWPlatform::DSA given C:/Travail/s4InfoAtelier4/atelier4_wrapper/hw/atelier4_wrapper.xsa
TRACE::2023-01-23.16:28:01::SCWPlatform::DSA absoulate path C:/Travail/s4InfoAtelier4/atelier4_wrapper/hw/atelier4_wrapper.xsa
TRACE::2023-01-23.16:28:01::SCWPlatform::DSA directory C:/Travail/s4InfoAtelier4/atelier4_wrapper/hw
TRACE::2023-01-23.16:28:01::SCWPlatform:: Platform Path C:/Travail/s4InfoAtelier4/atelier4_wrapper/hw/atelier4_wrapper.xsa
TRACE::2023-01-23.16:28:01::SCWPlatform:: Unique name xilinx:zybo-z7-10::0.0
TRACE::2023-01-23.16:28:01::SCWPlatform::Trying to set the existing hwdb with name atelier4_wrapper_7
TRACE::2023-01-23.16:28:01::SCWPlatform::Opened existing hwdb atelier4_wrapper_7
TRACE::2023-01-23.16:28:01::SCWPlatform::Found the Hw Db part of the input DSA
TRACE::2023-01-23.16:28:01::SCWMssOS::Checking the sw design at  C:/Travail/s4InfoAtelier4/atelier4_wrapper/zynq_fsbl/zynq_fsbl_bsp/system.mss
TRACE::2023-01-23.16:28:01::SCWMssOS::DEBUG:  swdes dump  
TRACE::2023-01-23.16:28:01::SCWMssOS::No sw design opened at  C:/Travail/s4InfoAtelier4/atelier4_wrapper/zynq_fsbl/zynq_fsbl_bsp/system.mss
TRACE::2023-01-23.16:28:01::SCWMssOS::mss exists loading the mss file  C:/Travail/s4InfoAtelier4/atelier4_wrapper/zynq_fsbl/zynq_fsbl_bsp/system.mss
TRACE::2023-01-23.16:28:01::SCWMssOS::Opened the sw design from mss  C:/Travail/s4InfoAtelier4/atelier4_wrapper/zynq_fsbl/zynq_fsbl_bsp/system.mss
TRACE::2023-01-23.16:28:01::SCWMssOS::Adding the swdes entry C:/Travail/s4InfoAtelier4/atelier4_wrapper/zynq_fsbl/zynq_fsbl_bsp/system.mss with des name system
TRACE::2023-01-23.16:28:01::SCWMssOS::updating the scw layer about changes
TRACE::2023-01-23.16:28:01::SCWMssOS::Opened the sw design.  C:/Travail/s4InfoAtelier4/atelier4_wrapper/zynq_fsbl/zynq_fsbl_bsp/system.mss
TRACE::2023-01-23.16:28:01::SCWPlatform::Trying to open the hw design at C:/Travail/s4InfoAtelier4/atelier4_wrapper/hw/atelier4_wrapper.xsa
TRACE::2023-01-23.16:28:01::SCWPlatform::DSA given C:/Travail/s4InfoAtelier4/atelier4_wrapper/hw/atelier4_wrapper.xsa
TRACE::2023-01-23.16:28:01::SCWPlatform::DSA absoulate path C:/Travail/s4InfoAtelier4/atelier4_wrapper/hw/atelier4_wrapper.xsa
TRACE::2023-01-23.16:28:01::SCWPlatform::DSA directory C:/Travail/s4InfoAtelier4/atelier4_wrapper/hw
TRACE::2023-01-23.16:28:01::SCWPlatform:: Platform Path C:/Travail/s4InfoAtelier4/atelier4_wrapper/hw/atelier4_wrapper.xsa
TRACE::2023-01-23.16:28:01::SCWPlatform:: Unique name xilinx:zybo-z7-10::0.0
TRACE::2023-01-23.16:28:01::SCWPlatform::Trying to set the existing hwdb with name atelier4_wrapper_7
TRACE::2023-01-23.16:28:01::SCWPlatform::Opened existing hwdb atelier4_wrapper_7
TRACE::2023-01-23.16:28:01::SCWPlatform::Found the Hw Db part of the input DSA
TRACE::2023-01-23.16:28:01::SCWMssOS::Checking the sw design at  C:/Travail/s4InfoAtelier4/atelier4_wrapper/zynq_fsbl/zynq_fsbl_bsp/system.mss
TRACE::2023-01-23.16:28:01::SCWMssOS::DEBUG:  swdes dump  C:/Travail/s4InfoAtelier4/atelier4_wrapper/zynq_fsbl/zynq_fsbl_bsp/system.mss|system||

TRACE::2023-01-23.16:28:01::SCWMssOS::Sw design exists and opened at  C:/Travail/s4InfoAtelier4/atelier4_wrapper/zynq_fsbl/zynq_fsbl_bsp/system.mss
TRACE::2023-01-23.16:28:01::SCWMssOS:: library already available in sw design:  xilffs:4.4
TRACE::2023-01-23.16:28:01::SCWPlatform::Trying to open the hw design at C:/Travail/s4InfoAtelier4/atelier4_wrapper/hw/atelier4_wrapper.xsa
TRACE::2023-01-23.16:28:01::SCWPlatform::DSA given C:/Travail/s4InfoAtelier4/atelier4_wrapper/hw/atelier4_wrapper.xsa
TRACE::2023-01-23.16:28:01::SCWPlatform::DSA absoulate path C:/Travail/s4InfoAtelier4/atelier4_wrapper/hw/atelier4_wrapper.xsa
TRACE::2023-01-23.16:28:01::SCWPlatform::DSA directory C:/Travail/s4InfoAtelier4/atelier4_wrapper/hw
TRACE::2023-01-23.16:28:01::SCWPlatform:: Platform Path C:/Travail/s4InfoAtelier4/atelier4_wrapper/hw/atelier4_wrapper.xsa
TRACE::2023-01-23.16:28:01::SCWPlatform:: Unique name xilinx:zybo-z7-10::0.0
TRACE::2023-01-23.16:28:01::SCWPlatform::Trying to set the existing hwdb with name atelier4_wrapper_7
TRACE::2023-01-23.16:28:01::SCWPlatform::Opened existing hwdb atelier4_wrapper_7
TRACE::2023-01-23.16:28:01::SCWPlatform::Found the Hw Db part of the input DSA
TRACE::2023-01-23.16:28:01::SCWMssOS::Checking the sw design at  C:/Travail/s4InfoAtelier4/atelier4_wrapper/zynq_fsbl/zynq_fsbl_bsp/system.mss
TRACE::2023-01-23.16:28:01::SCWMssOS::DEBUG:  swdes dump  C:/Travail/s4InfoAtelier4/atelier4_wrapper/zynq_fsbl/zynq_fsbl_bsp/system.mss|system||

TRACE::2023-01-23.16:28:01::SCWMssOS::Sw design exists and opened at  C:/Travail/s4InfoAtelier4/atelier4_wrapper/zynq_fsbl/zynq_fsbl_bsp/system.mss
TRACE::2023-01-23.16:28:01::SCWMssOS:: library already available in sw design:  xilrsa:1.6
TRACE::2023-01-23.16:28:01::SCWMssOS::Saving the mss changes C:/Travail/s4InfoAtelier4/atelier4_wrapper/zynq_fsbl/zynq_fsbl_bsp/system.mss
TRACE::2023-01-23.16:28:01::SCWMssOS::Found a swdesign opened with the mssfile.
TRACE::2023-01-23.16:28:01::SCWMssOS::Completed writemss as part of save.
TRACE::2023-01-23.16:28:01::SCWMssOS::Commit changes completed.
TRACE::2023-01-23.16:28:01::SCWReader::Adding prebuilt librarypaths as   
TRACE::2023-01-23.16:28:01::SCWReader::Adding prebuilt incpaths  as   
TRACE::2023-01-23.16:28:01::SCWPlatform::Trying to open the hw design at C:/Travail/s4InfoAtelier4/atelier4_wrapper/hw/atelier4_wrapper.xsa
TRACE::2023-01-23.16:28:01::SCWPlatform::DSA given C:/Travail/s4InfoAtelier4/atelier4_wrapper/hw/atelier4_wrapper.xsa
TRACE::2023-01-23.16:28:01::SCWPlatform::DSA absoulate path C:/Travail/s4InfoAtelier4/atelier4_wrapper/hw/atelier4_wrapper.xsa
TRACE::2023-01-23.16:28:01::SCWPlatform::DSA directory C:/Travail/s4InfoAtelier4/atelier4_wrapper/hw
TRACE::2023-01-23.16:28:01::SCWPlatform:: Platform Path C:/Travail/s4InfoAtelier4/atelier4_wrapper/hw/atelier4_wrapper.xsa
TRACE::2023-01-23.16:28:01::SCWPlatform:: Unique name xilinx:zybo-z7-10::0.0
TRACE::2023-01-23.16:28:01::SCWPlatform::Trying to set the existing hwdb with name atelier4_wrapper_7
TRACE::2023-01-23.16:28:01::SCWPlatform::Opened existing hwdb atelier4_wrapper_7
TRACE::2023-01-23.16:28:01::SCWPlatform::Found the Hw Db part of the input DSA
TRACE::2023-01-23.16:28:01::SCWMssOS::Checking the sw design at  C:/Travail/s4InfoAtelier4/atelier4_wrapper/zynq_fsbl/zynq_fsbl_bsp/system.mss
TRACE::2023-01-23.16:28:01::SCWMssOS::DEBUG:  swdes dump  C:/Travail/s4InfoAtelier4/atelier4_wrapper/zynq_fsbl/zynq_fsbl_bsp/system.mss|system||

TRACE::2023-01-23.16:28:01::SCWMssOS::Sw design exists and opened at  C:/Travail/s4InfoAtelier4/atelier4_wrapper/zynq_fsbl/zynq_fsbl_bsp/system.mss
TRACE::2023-01-23.16:28:01::SCWReader::No isolation master present  
TRACE::2023-01-23.16:28:01::SCWDomain::checking for install qemu data   : 
TRACE::2023-01-23.16:28:01::SCWDomain:: Using the QEMU Data from install at  : C:/Xilinx/Vitis/2020.2/data/emulation/platforms/zynq/sw/a9_standalone/qemu/
TRACE::2023-01-23.16:28:01::SCWDomain:: Using the QEMU args  from install at  : C:/Xilinx/Vitis/2020.2/data/emulation/platforms/zynq/sw/a9_standalone/qemu/qemu_args.txt
TRACE::2023-01-23.16:28:01::SCWPlatform::Trying to open the hw design at C:/Travail/s4InfoAtelier4/atelier4_wrapper/hw/atelier4_wrapper.xsa
TRACE::2023-01-23.16:28:01::SCWPlatform::DSA given C:/Travail/s4InfoAtelier4/atelier4_wrapper/hw/atelier4_wrapper.xsa
TRACE::2023-01-23.16:28:01::SCWPlatform::DSA absoulate path C:/Travail/s4InfoAtelier4/atelier4_wrapper/hw/atelier4_wrapper.xsa
TRACE::2023-01-23.16:28:01::SCWPlatform::DSA directory C:/Travail/s4InfoAtelier4/atelier4_wrapper/hw
TRACE::2023-01-23.16:28:01::SCWPlatform:: Platform Path C:/Travail/s4InfoAtelier4/atelier4_wrapper/hw/atelier4_wrapper.xsa
TRACE::2023-01-23.16:28:01::SCWPlatform:: Unique name xilinx:zybo-z7-10::0.0
TRACE::2023-01-23.16:28:01::SCWPlatform::Trying to set the existing hwdb with name atelier4_wrapper_7
TRACE::2023-01-23.16:28:01::SCWPlatform::Opened existing hwdb atelier4_wrapper_7
TRACE::2023-01-23.16:28:01::SCWPlatform::Found the Hw Db part of the input DSA
TRACE::2023-01-23.16:28:01::SCWPlatform::Trying to open the hw design at C:/Travail/s4InfoAtelier4/atelier4_wrapper/hw/atelier4_wrapper.xsa
TRACE::2023-01-23.16:28:01::SCWPlatform::DSA given C:/Travail/s4InfoAtelier4/atelier4_wrapper/hw/atelier4_wrapper.xsa
TRACE::2023-01-23.16:28:01::SCWPlatform::DSA absoulate path C:/Travail/s4InfoAtelier4/atelier4_wrapper/hw/atelier4_wrapper.xsa
TRACE::2023-01-23.16:28:01::SCWPlatform::DSA directory C:/Travail/s4InfoAtelier4/atelier4_wrapper/hw
TRACE::2023-01-23.16:28:01::SCWPlatform:: Platform Path C:/Travail/s4InfoAtelier4/atelier4_wrapper/hw/atelier4_wrapper.xsa
TRACE::2023-01-23.16:28:01::SCWPlatform:: Unique name xilinx:zybo-z7-10::0.0
TRACE::2023-01-23.16:28:01::SCWPlatform::Trying to set the existing hwdb with name atelier4_wrapper_7
TRACE::2023-01-23.16:28:01::SCWPlatform::Opened existing hwdb atelier4_wrapper_7
TRACE::2023-01-23.16:28:01::SCWPlatform::Found the Hw Db part of the input DSA
TRACE::2023-01-23.16:28:01::SCWPlatform::Trying to open the hw design at C:/Travail/s4InfoAtelier4/atelier4_wrapper/hw/atelier4_wrapper.xsa
TRACE::2023-01-23.16:28:01::SCWPlatform::DSA given C:/Travail/s4InfoAtelier4/atelier4_wrapper/hw/atelier4_wrapper.xsa
TRACE::2023-01-23.16:28:01::SCWPlatform::DSA absoulate path C:/Travail/s4InfoAtelier4/atelier4_wrapper/hw/atelier4_wrapper.xsa
TRACE::2023-01-23.16:28:01::SCWPlatform::DSA directory C:/Travail/s4InfoAtelier4/atelier4_wrapper/hw
TRACE::2023-01-23.16:28:01::SCWPlatform:: Platform Path C:/Travail/s4InfoAtelier4/atelier4_wrapper/hw/atelier4_wrapper.xsa
TRACE::2023-01-23.16:28:01::SCWPlatform:: Unique name xilinx:zybo-z7-10::0.0
TRACE::2023-01-23.16:28:01::SCWPlatform::Trying to set the existing hwdb with name atelier4_wrapper_7
TRACE::2023-01-23.16:28:01::SCWPlatform::Opened existing hwdb atelier4_wrapper_7
TRACE::2023-01-23.16:28:01::SCWPlatform::Found the Hw Db part of the input DSA
TRACE::2023-01-23.16:28:01::SCWMssOS::Checking the sw design at  C:/Travail/s4InfoAtelier4/atelier4_wrapper/ps7_cortexa9_0/standalone_ps7_cortexa9_0/bsp/system.mss
TRACE::2023-01-23.16:28:01::SCWMssOS::DEBUG:  swdes dump  C:/Travail/s4InfoAtelier4/atelier4_wrapper/zynq_fsbl/zynq_fsbl_bsp/system.mss|system||

TRACE::2023-01-23.16:28:01::SCWMssOS::No sw design opened at  C:/Travail/s4InfoAtelier4/atelier4_wrapper/ps7_cortexa9_0/standalone_ps7_cortexa9_0/bsp/system.mss
TRACE::2023-01-23.16:28:01::SCWMssOS::mss exists loading the mss file  C:/Travail/s4InfoAtelier4/atelier4_wrapper/ps7_cortexa9_0/standalone_ps7_cortexa9_0/bsp/system.mss
TRACE::2023-01-23.16:28:01::SCWMssOS::Opened the sw design from mss  C:/Travail/s4InfoAtelier4/atelier4_wrapper/ps7_cortexa9_0/standalone_ps7_cortexa9_0/bsp/system.mss
TRACE::2023-01-23.16:28:01::SCWMssOS::Adding the swdes entry C:/Travail/s4InfoAtelier4/atelier4_wrapper/ps7_cortexa9_0/standalone_ps7_cortexa9_0/bsp/system.mss with des name system_0
TRACE::2023-01-23.16:28:01::SCWMssOS::updating the scw layer about changes
TRACE::2023-01-23.16:28:01::SCWMssOS::Opened the sw design.  C:/Travail/s4InfoAtelier4/atelier4_wrapper/ps7_cortexa9_0/standalone_ps7_cortexa9_0/bsp/system.mss
TRACE::2023-01-23.16:28:01::SCWMssOS::Saving the mss changes C:/Travail/s4InfoAtelier4/atelier4_wrapper/ps7_cortexa9_0/standalone_ps7_cortexa9_0/bsp/system.mss
TRACE::2023-01-23.16:28:01::SCWMssOS::Found a swdesign opened with the mssfile.
TRACE::2023-01-23.16:28:01::SCWMssOS::Completed writemss as part of save.
TRACE::2023-01-23.16:28:01::SCWMssOS::Commit changes completed.
TRACE::2023-01-23.16:28:01::SCWReader::Adding prebuilt librarypaths as   
TRACE::2023-01-23.16:28:01::SCWReader::Adding prebuilt incpaths  as   
TRACE::2023-01-23.16:28:01::SCWPlatform::Trying to open the hw design at C:/Travail/s4InfoAtelier4/atelier4_wrapper/hw/atelier4_wrapper.xsa
TRACE::2023-01-23.16:28:01::SCWPlatform::DSA given C:/Travail/s4InfoAtelier4/atelier4_wrapper/hw/atelier4_wrapper.xsa
TRACE::2023-01-23.16:28:01::SCWPlatform::DSA absoulate path C:/Travail/s4InfoAtelier4/atelier4_wrapper/hw/atelier4_wrapper.xsa
TRACE::2023-01-23.16:28:01::SCWPlatform::DSA directory C:/Travail/s4InfoAtelier4/atelier4_wrapper/hw
TRACE::2023-01-23.16:28:01::SCWPlatform:: Platform Path C:/Travail/s4InfoAtelier4/atelier4_wrapper/hw/atelier4_wrapper.xsa
TRACE::2023-01-23.16:28:01::SCWPlatform:: Unique name xilinx:zybo-z7-10::0.0
TRACE::2023-01-23.16:28:01::SCWPlatform::Trying to set the existing hwdb with name atelier4_wrapper_7
TRACE::2023-01-23.16:28:01::SCWPlatform::Opened existing hwdb atelier4_wrapper_7
TRACE::2023-01-23.16:28:01::SCWPlatform::Found the Hw Db part of the input DSA
TRACE::2023-01-23.16:28:01::SCWMssOS::Checking the sw design at  C:/Travail/s4InfoAtelier4/atelier4_wrapper/ps7_cortexa9_0/standalone_ps7_cortexa9_0/bsp/system.mss
TRACE::2023-01-23.16:28:01::SCWMssOS::DEBUG:  swdes dump  C:/Travail/s4InfoAtelier4/atelier4_wrapper/ps7_cortexa9_0/standalone_ps7_cortexa9_0/bsp/system.mss|system_0||
C:/Travail/s4InfoAtelier4/atelier4_wrapper/zynq_fsbl/zynq_fsbl_bsp/system.mss|system||

TRACE::2023-01-23.16:28:01::SCWMssOS::Sw design exists and opened at  C:/Travail/s4InfoAtelier4/atelier4_wrapper/ps7_cortexa9_0/standalone_ps7_cortexa9_0/bsp/system.mss
TRACE::2023-01-23.16:28:01::SCWReader::No isolation master present  
TRACE::2023-01-23.16:28:06::SCWPlatform::DSA given C:/Travail/s4InfoAtelier4/atelier4_wrapper/tempdsa/atelier4_wrapper.xsa
TRACE::2023-01-23.16:28:06::SCWPlatform::DSA absoulate path C:/Travail/s4InfoAtelier4/atelier4_wrapper/tempdsa/atelier4_wrapper.xsa
TRACE::2023-01-23.16:28:06::SCWPlatform:: Platform location is C:/Travail/s4InfoAtelier4/atelier4_wrapper/tempdsa
TRACE::2023-01-23.16:28:06::SCWPlatform:: Platform Path C:/Travail/s4InfoAtelier4/atelier4_wrapper/tempdsa/atelier4_wrapper.xsa
TRACE::2023-01-23.16:28:06::SCWPlatform:: Unique name xilinx:zybo-z7-10::0.0
TRACE::2023-01-23.16:28:08::SCWPlatform::Found the Hw Db part of the input DSA
TRACE::2023-01-23.16:28:08::SCWMssOS::Doing hw sync for the mss in domain: zynq_fsbl
TRACE::2023-01-23.16:28:08::SCWPlatform::Trying to open the hw design at C:/Travail/s4InfoAtelier4/atelier4_wrapper/hw/atelier4_wrapper.xsa
TRACE::2023-01-23.16:28:08::SCWPlatform::DSA given C:/Travail/s4InfoAtelier4/atelier4_wrapper/hw/atelier4_wrapper.xsa
TRACE::2023-01-23.16:28:08::SCWPlatform::DSA absoulate path C:/Travail/s4InfoAtelier4/atelier4_wrapper/hw/atelier4_wrapper.xsa
TRACE::2023-01-23.16:28:08::SCWPlatform::DSA directory C:/Travail/s4InfoAtelier4/atelier4_wrapper/hw
TRACE::2023-01-23.16:28:08::SCWPlatform:: Platform Path C:/Travail/s4InfoAtelier4/atelier4_wrapper/hw/atelier4_wrapper.xsa
TRACE::2023-01-23.16:28:08::SCWPlatform:: Unique name xilinx:zybo-z7-10::0.0
TRACE::2023-01-23.16:28:08::SCWPlatform::Trying to set the existing hwdb with name atelier4_wrapper_7
TRACE::2023-01-23.16:28:08::SCWPlatform::Opened existing hwdb atelier4_wrapper_7
TRACE::2023-01-23.16:28:08::SCWPlatform::Found the Hw Db part of the input DSA
TRACE::2023-01-23.16:28:08::SCWPlatform::Trying to open the hw design at C:/Travail/s4InfoAtelier4/atelier4_wrapper/hw/atelier4_wrapper.xsa
TRACE::2023-01-23.16:28:08::SCWPlatform::DSA given C:/Travail/s4InfoAtelier4/atelier4_wrapper/hw/atelier4_wrapper.xsa
TRACE::2023-01-23.16:28:08::SCWPlatform::DSA absoulate path C:/Travail/s4InfoAtelier4/atelier4_wrapper/hw/atelier4_wrapper.xsa
TRACE::2023-01-23.16:28:08::SCWPlatform::DSA directory C:/Travail/s4InfoAtelier4/atelier4_wrapper/hw
TRACE::2023-01-23.16:28:08::SCWPlatform:: Platform Path C:/Travail/s4InfoAtelier4/atelier4_wrapper/hw/atelier4_wrapper.xsa
TRACE::2023-01-23.16:28:08::SCWPlatform:: Unique name xilinx:zybo-z7-10::0.0
TRACE::2023-01-23.16:28:08::SCWPlatform::Trying to set the existing hwdb with name atelier4_wrapper_7
TRACE::2023-01-23.16:28:08::SCWPlatform::Opened existing hwdb atelier4_wrapper_7
TRACE::2023-01-23.16:28:08::SCWPlatform::Found the Hw Db part of the input DSA
TRACE::2023-01-23.16:28:08::SCWMssOS::Checking the sw design at  C:/Travail/s4InfoAtelier4/atelier4_wrapper/zynq_fsbl/zynq_fsbl_bsp/system.mss
TRACE::2023-01-23.16:28:08::SCWMssOS::DEBUG:  swdes dump  C:/Travail/s4InfoAtelier4/atelier4_wrapper/ps7_cortexa9_0/standalone_ps7_cortexa9_0/bsp/system.mss|system_0||
C:/Travail/s4InfoAtelier4/atelier4_wrapper/zynq_fsbl/zynq_fsbl_bsp/system.mss|system||

TRACE::2023-01-23.16:28:08::SCWMssOS::Sw design exists and opened at  C:/Travail/s4InfoAtelier4/atelier4_wrapper/zynq_fsbl/zynq_fsbl_bsp/system.mss
TRACE::2023-01-23.16:28:08::SCWPlatform::Trying to open the hw design at C:/Travail/s4InfoAtelier4/atelier4_wrapper/tempdsa/atelier4_wrapper.xsa
TRACE::2023-01-23.16:28:08::SCWPlatform::DSA given C:/Travail/s4InfoAtelier4/atelier4_wrapper/tempdsa/atelier4_wrapper.xsa
TRACE::2023-01-23.16:28:08::SCWPlatform::DSA absoulate path C:/Travail/s4InfoAtelier4/atelier4_wrapper/tempdsa/atelier4_wrapper.xsa
TRACE::2023-01-23.16:28:08::SCWPlatform::DSA directory C:/Travail/s4InfoAtelier4/atelier4_wrapper/tempdsa
TRACE::2023-01-23.16:28:08::SCWPlatform:: Platform Path C:/Travail/s4InfoAtelier4/atelier4_wrapper/tempdsa/atelier4_wrapper.xsa
TRACE::2023-01-23.16:28:08::SCWPlatform:: Unique name xilinx:zybo-z7-10::0.0
TRACE::2023-01-23.16:28:08::SCWPlatform::update - Opened existing hwdb atelier4_wrapper_8
TRACE::2023-01-23.16:28:08::SCWPlatform::Found the Hw Db part of the input DSA
TRACE::2023-01-23.16:28:08::SCWMssOS::Doing hw sync for the mss in domain: standalone_ps7_cortexa9_0
TRACE::2023-01-23.16:28:08::SCWPlatform::Trying to open the hw design at C:/Travail/s4InfoAtelier4/atelier4_wrapper/hw/atelier4_wrapper.xsa
TRACE::2023-01-23.16:28:08::SCWPlatform::DSA given C:/Travail/s4InfoAtelier4/atelier4_wrapper/hw/atelier4_wrapper.xsa
TRACE::2023-01-23.16:28:08::SCWPlatform::DSA absoulate path C:/Travail/s4InfoAtelier4/atelier4_wrapper/hw/atelier4_wrapper.xsa
TRACE::2023-01-23.16:28:08::SCWPlatform::DSA directory C:/Travail/s4InfoAtelier4/atelier4_wrapper/hw
TRACE::2023-01-23.16:28:08::SCWPlatform:: Platform Path C:/Travail/s4InfoAtelier4/atelier4_wrapper/hw/atelier4_wrapper.xsa
TRACE::2023-01-23.16:28:08::SCWPlatform:: Unique name xilinx:zybo-z7-10::0.0
TRACE::2023-01-23.16:28:08::SCWPlatform::Trying to set the existing hwdb with name atelier4_wrapper_7
TRACE::2023-01-23.16:28:08::SCWPlatform::Opened existing hwdb atelier4_wrapper_7
TRACE::2023-01-23.16:28:08::SCWPlatform::Found the Hw Db part of the input DSA
TRACE::2023-01-23.16:28:08::SCWPlatform::Trying to open the hw design at C:/Travail/s4InfoAtelier4/atelier4_wrapper/hw/atelier4_wrapper.xsa
TRACE::2023-01-23.16:28:08::SCWPlatform::DSA given C:/Travail/s4InfoAtelier4/atelier4_wrapper/hw/atelier4_wrapper.xsa
TRACE::2023-01-23.16:28:08::SCWPlatform::DSA absoulate path C:/Travail/s4InfoAtelier4/atelier4_wrapper/hw/atelier4_wrapper.xsa
TRACE::2023-01-23.16:28:08::SCWPlatform::DSA directory C:/Travail/s4InfoAtelier4/atelier4_wrapper/hw
TRACE::2023-01-23.16:28:08::SCWPlatform:: Platform Path C:/Travail/s4InfoAtelier4/atelier4_wrapper/hw/atelier4_wrapper.xsa
TRACE::2023-01-23.16:28:08::SCWPlatform:: Unique name xilinx:zybo-z7-10::0.0
TRACE::2023-01-23.16:28:08::SCWPlatform::Trying to set the existing hwdb with name atelier4_wrapper_7
TRACE::2023-01-23.16:28:08::SCWPlatform::Opened existing hwdb atelier4_wrapper_7
TRACE::2023-01-23.16:28:08::SCWPlatform::Found the Hw Db part of the input DSA
TRACE::2023-01-23.16:28:08::SCWMssOS::Checking the sw design at  C:/Travail/s4InfoAtelier4/atelier4_wrapper/ps7_cortexa9_0/standalone_ps7_cortexa9_0/bsp/system.mss
TRACE::2023-01-23.16:28:08::SCWMssOS::DEBUG:  swdes dump  C:/Travail/s4InfoAtelier4/atelier4_wrapper/ps7_cortexa9_0/standalone_ps7_cortexa9_0/bsp/system.mss|system_0||
C:/Travail/s4InfoAtelier4/atelier4_wrapper/zynq_fsbl/zynq_fsbl_bsp/system.mss|system||

TRACE::2023-01-23.16:28:08::SCWMssOS::Sw design exists and opened at  C:/Travail/s4InfoAtelier4/atelier4_wrapper/ps7_cortexa9_0/standalone_ps7_cortexa9_0/bsp/system.mss
TRACE::2023-01-23.16:28:08::SCWPlatform::Trying to open the hw design at C:/Travail/s4InfoAtelier4/atelier4_wrapper/tempdsa/atelier4_wrapper.xsa
TRACE::2023-01-23.16:28:08::SCWPlatform::DSA given C:/Travail/s4InfoAtelier4/atelier4_wrapper/tempdsa/atelier4_wrapper.xsa
TRACE::2023-01-23.16:28:08::SCWPlatform::DSA absoulate path C:/Travail/s4InfoAtelier4/atelier4_wrapper/tempdsa/atelier4_wrapper.xsa
TRACE::2023-01-23.16:28:08::SCWPlatform::DSA directory C:/Travail/s4InfoAtelier4/atelier4_wrapper/tempdsa
TRACE::2023-01-23.16:28:08::SCWPlatform:: Platform Path C:/Travail/s4InfoAtelier4/atelier4_wrapper/tempdsa/atelier4_wrapper.xsa
TRACE::2023-01-23.16:28:08::SCWPlatform:: Unique name xilinx:zybo-z7-10::0.0
TRACE::2023-01-23.16:28:08::SCWPlatform::update - Opened existing hwdb atelier4_wrapper_8
TRACE::2023-01-23.16:28:08::SCWPlatform::Found the Hw Db part of the input DSA
TRACE::2023-01-23.16:28:08::SCWMssOS::Saving the mss changes C:/Travail/s4InfoAtelier4/atelier4_wrapper/zynq_fsbl/zynq_fsbl_bsp/system.mss
TRACE::2023-01-23.16:28:08::SCWMssOS::Found a swdesign opened with the mssfile.
TRACE::2023-01-23.16:28:08::SCWMssOS::Completed writemss as part of save.
TRACE::2023-01-23.16:28:08::SCWMssOS::Commit changes completed.
TRACE::2023-01-23.16:28:08::SCWMssOS::Completed hw sync for the mss in domain: zynq_fsbl
TRACE::2023-01-23.16:28:08::SCWMssOS::Removing the swdes entry for  C:/Travail/s4InfoAtelier4/atelier4_wrapper/zynq_fsbl/zynq_fsbl_bsp/system.mss
TRACE::2023-01-23.16:28:08::SCWMssOS::Saving the mss changes C:/Travail/s4InfoAtelier4/atelier4_wrapper/ps7_cortexa9_0/standalone_ps7_cortexa9_0/bsp/system.mss
TRACE::2023-01-23.16:28:08::SCWMssOS::Found a swdesign opened with the mssfile.
TRACE::2023-01-23.16:28:08::SCWMssOS::Completed writemss as part of save.
TRACE::2023-01-23.16:28:08::SCWMssOS::Commit changes completed.
TRACE::2023-01-23.16:28:08::SCWMssOS::Completed hw sync for the mss in domain: standalone_ps7_cortexa9_0
TRACE::2023-01-23.16:28:08::SCWMssOS::Removing the swdes entry for  C:/Travail/s4InfoAtelier4/atelier4_wrapper/ps7_cortexa9_0/standalone_ps7_cortexa9_0/bsp/system.mss
TRACE::2023-01-23.16:28:08::SCWPlatform::Trying to open the hw design at C:/Travail/s4InfoAtelier4/atelier4_wrapper/hw/atelier4_wrapper.xsa
TRACE::2023-01-23.16:28:08::SCWPlatform::DSA given C:/Travail/s4InfoAtelier4/atelier4_wrapper/hw/atelier4_wrapper.xsa
TRACE::2023-01-23.16:28:08::SCWPlatform::DSA absoulate path C:/Travail/s4InfoAtelier4/atelier4_wrapper/hw/atelier4_wrapper.xsa
TRACE::2023-01-23.16:28:08::SCWPlatform::DSA directory C:/Travail/s4InfoAtelier4/atelier4_wrapper/hw
TRACE::2023-01-23.16:28:08::SCWPlatform:: Platform Path C:/Travail/s4InfoAtelier4/atelier4_wrapper/hw/atelier4_wrapper.xsa
TRACE::2023-01-23.16:28:08::SCWPlatform:: Unique name xilinx:zybo-z7-10::0.0
TRACE::2023-01-23.16:28:08::SCWPlatform::Do not have an existing db opened. 
TRACE::2023-01-23.16:28:09::SCWPlatform::Opened new HwDB with name atelier4_wrapper_9
TRACE::2023-01-23.16:28:09::SCWMssOS::Saving the mss changes C:/Travail/s4InfoAtelier4/atelier4_wrapper/zynq_fsbl/zynq_fsbl_bsp/system.mss
TRACE::2023-01-23.16:28:09::SCWMssOS::Adding the swdes entry, mss present, able to open swdb C:/Travail/s4InfoAtelier4/atelier4_wrapper/zynq_fsbl/zynq_fsbl_bsp/system.mss with des name system
TRACE::2023-01-23.16:28:09::SCWMssOS::Writing the mss file completed C:/Travail/s4InfoAtelier4/atelier4_wrapper/zynq_fsbl/zynq_fsbl_bsp/system.mss
TRACE::2023-01-23.16:28:09::SCWMssOS::Commit changes completed.
TRACE::2023-01-23.16:28:09::SCWMssOS::Saving the mss changes C:/Travail/s4InfoAtelier4/atelier4_wrapper/ps7_cortexa9_0/standalone_ps7_cortexa9_0/bsp/system.mss
TRACE::2023-01-23.16:28:09::SCWMssOS::Adding the swdes entry, mss present, able to open swdb C:/Travail/s4InfoAtelier4/atelier4_wrapper/ps7_cortexa9_0/standalone_ps7_cortexa9_0/bsp/system.mss with des name system_0
TRACE::2023-01-23.16:28:09::SCWMssOS::Writing the mss file completed C:/Travail/s4InfoAtelier4/atelier4_wrapper/ps7_cortexa9_0/standalone_ps7_cortexa9_0/bsp/system.mss
TRACE::2023-01-23.16:28:09::SCWMssOS::Commit changes completed.
TRACE::2023-01-23.16:28:09::SCWPlatform::Trying to open the hw design at C:/Travail/s4InfoAtelier4/atelier4_wrapper/hw/atelier4_wrapper.xsa
TRACE::2023-01-23.16:28:09::SCWPlatform::DSA given C:/Travail/s4InfoAtelier4/atelier4_wrapper/hw/atelier4_wrapper.xsa
TRACE::2023-01-23.16:28:09::SCWPlatform::DSA absoulate path C:/Travail/s4InfoAtelier4/atelier4_wrapper/hw/atelier4_wrapper.xsa
TRACE::2023-01-23.16:28:09::SCWPlatform::DSA directory C:/Travail/s4InfoAtelier4/atelier4_wrapper/hw
TRACE::2023-01-23.16:28:09::SCWPlatform:: Platform Path C:/Travail/s4InfoAtelier4/atelier4_wrapper/hw/atelier4_wrapper.xsa
TRACE::2023-01-23.16:28:09::SCWPlatform:: Unique name xilinx:zybo-z7-10::0.0
TRACE::2023-01-23.16:28:09::SCWPlatform::Trying to set the existing hwdb with name atelier4_wrapper_9
TRACE::2023-01-23.16:28:09::SCWPlatform::Opened existing hwdb atelier4_wrapper_9
TRACE::2023-01-23.16:28:09::SCWPlatform::Found the Hw Db part of the input DSA
TRACE::2023-01-23.16:28:09::SCWMssOS::Checking the sw design at  C:/Travail/s4InfoAtelier4/atelier4_wrapper/zynq_fsbl/zynq_fsbl_bsp/system.mss
TRACE::2023-01-23.16:28:09::SCWMssOS::DEBUG:  swdes dump  C:/Travail/s4InfoAtelier4/atelier4_wrapper/ps7_cortexa9_0/standalone_ps7_cortexa9_0/bsp/system.mss|system_0||
C:/Travail/s4InfoAtelier4/atelier4_wrapper/zynq_fsbl/zynq_fsbl_bsp/system.mss|system||

TRACE::2023-01-23.16:28:09::SCWMssOS::Sw design exists and opened at  C:/Travail/s4InfoAtelier4/atelier4_wrapper/zynq_fsbl/zynq_fsbl_bsp/system.mss
TRACE::2023-01-23.16:28:09::SCWPlatform::Trying to open the hw design at C:/Travail/s4InfoAtelier4/atelier4_wrapper/hw/atelier4_wrapper.xsa
TRACE::2023-01-23.16:28:09::SCWPlatform::DSA given C:/Travail/s4InfoAtelier4/atelier4_wrapper/hw/atelier4_wrapper.xsa
TRACE::2023-01-23.16:28:09::SCWPlatform::DSA absoulate path C:/Travail/s4InfoAtelier4/atelier4_wrapper/hw/atelier4_wrapper.xsa
TRACE::2023-01-23.16:28:09::SCWPlatform::DSA directory C:/Travail/s4InfoAtelier4/atelier4_wrapper/hw
TRACE::2023-01-23.16:28:09::SCWPlatform:: Platform Path C:/Travail/s4InfoAtelier4/atelier4_wrapper/hw/atelier4_wrapper.xsa
TRACE::2023-01-23.16:28:09::SCWPlatform:: Unique name xilinx:zybo-z7-10::0.0
TRACE::2023-01-23.16:28:09::SCWPlatform::Trying to set the existing hwdb with name atelier4_wrapper_9
TRACE::2023-01-23.16:28:09::SCWPlatform::Opened existing hwdb atelier4_wrapper_9
TRACE::2023-01-23.16:28:09::SCWPlatform::Found the Hw Db part of the input DSA
TRACE::2023-01-23.16:28:09::SCWMssOS::Checking the sw design at  C:/Travail/s4InfoAtelier4/atelier4_wrapper/ps7_cortexa9_0/standalone_ps7_cortexa9_0/bsp/system.mss
TRACE::2023-01-23.16:28:09::SCWMssOS::DEBUG:  swdes dump  C:/Travail/s4InfoAtelier4/atelier4_wrapper/ps7_cortexa9_0/standalone_ps7_cortexa9_0/bsp/system.mss|system_0||
C:/Travail/s4InfoAtelier4/atelier4_wrapper/zynq_fsbl/zynq_fsbl_bsp/system.mss|system||

TRACE::2023-01-23.16:28:09::SCWMssOS::Sw design exists and opened at  C:/Travail/s4InfoAtelier4/atelier4_wrapper/ps7_cortexa9_0/standalone_ps7_cortexa9_0/bsp/system.mss
TRACE::2023-01-23.16:28:09::SCWWriter::formatted JSON is {
	"platformName":	"atelier4_wrapper",
	"sprVersion":	"2.0",
	"mode":	"gui",
	"dsaType":	"Fixed",
	"platformDesc":	"atelier4_wrapper",
	"platHandOff":	"<platformDir>.xsa",
	"platIntHandOff":	"<platformDir>/hw/atelier4_wrapper.xsa",
	"deviceType":	"zynq",
	"platIsPrebuiltAutogen":	"false",
	"platIsNoBootBsp":	"false",
	"hasFsblMakeHasChanges":	"false",
	"hasPmufwMakeHasChanges":	"false",
	"fsblExtraCompilerFlags":	"-MMD -MP       -mcpu=cortex-a9 -mfpu=vfpv3 -mfloat-abi=hard ",
	"platPreBuiltFlag":	false,
	"platformSamplesDir":	"",
	"platActiveSys":	"atelier4_wrapper",
	"systems":	[{
			"systemName":	"atelier4_wrapper",
			"systemDesc":	"atelier4_wrapper",
			"sysIsBootAutoGen":	"true",
			"systemDispName":	"atelier4_wrapper",
			"sysActiveDom":	"standalone_ps7_cortexa9_0",
			"sysDefaultDom":	"standalone_ps7_cortexa9_0",
			"domains":	[{
					"domainName":	"zynq_fsbl",
					"domainDispName":	"zynq_fsbl",
					"domainDesc":	"FSBL Application BSP - Auto Generated.",
					"processors":	"ps7_cortexa9_0",
					"os":	"standalone",
					"sdxOs":	"standalone",
					"debugEnable":	"",
					"domRuntimes":	["cpp"],
					"swRepo":	"",
					"mssOsVer":	"7.3",
					"mssFile":	"",
					"md5Digest":	"0be5ea4ab905254957fadc8566944063",
					"compatibleApp":	"zynq_fsbl",
					"domType":	"bootDomain",
					"arch":	"32-bit",
					"appSettings":	{
						"appCompilerFlags":	"",
						"appLinkerFlags":	""
					},
					"addedLibs":	["xilffs:4.4", "xilrsa:1.6"],
					"libOptions":	{
						"libsContainingOptions":	[]
					},
					"prebuiltLibs":	{
						"prebuiltIncPath":	[],
						"prebuiltLibPath":	[]
					},
					"isolation":	{
					}
				}, {
					"domainName":	"standalone_ps7_cortexa9_0",
					"domainDispName":	"standalone_ps7_cortexa9_0",
					"domainDesc":	"standalone_ps7_cortexa9_0",
					"processors":	"ps7_cortexa9_0",
					"os":	"standalone",
					"sdxOs":	"standalone",
					"qemuArgs":	"C:/Xilinx/Vitis/2020.2/data/emulation/platforms/zynq/sw/a9_standalone/qemu/qemu_args.txt",
					"qemuData":	"C:/Xilinx/Vitis/2020.2/data/emulation/platforms/zynq/sw/a9_standalone/qemu/",
					"debugEnable":	"False",
					"domRuntimes":	["cpp"],
					"swRepo":	"",
					"mssOsVer":	"7.3",
					"mssFile":	"",
					"md5Digest":	"c7b67555032dc1ffe6b30962acb1207c",
					"compatibleApp":	"",
					"domType":	"mssDomain",
					"arch":	"32-bit",
					"appSettings":	{
						"appCompilerFlags":	"",
						"appLinkerFlags":	""
					},
					"addedLibs":	[],
					"libOptions":	{
						"libsContainingOptions":	[]
					},
					"prebuiltLibs":	{
						"prebuiltIncPath":	[],
						"prebuiltLibPath":	[]
					},
					"isolation":	{
					}
				}]
		}]
}
LOG::2023-01-23.16:28:17::SCWPlatform::Started generating the artifacts platform atelier4_wrapper
TRACE::2023-01-23.16:28:17::SCWPlatform::Sanity checking of platform is completed
LOG::2023-01-23.16:28:17::SCWPlatform::Started generating the artifacts for system configuration atelier4_wrapper
LOG::2023-01-23.16:28:17::SCWSystem::Checking the domain zynq_fsbl
LOG::2023-01-23.16:28:17::SCWSystem::Doing application build for :  zynq_fsbl
TRACE::2023-01-23.16:28:17::SCWBDomain::Not a forced makefile updation, No changes are present. 
TRACE::2023-01-23.16:28:17::SCWDomain::Skipping the build for domain :  zynq_fsbl
LOG::2023-01-23.16:28:17::SCWSystem::Checking the domain standalone_ps7_cortexa9_0
LOG::2023-01-23.16:28:17::SCWSystem::Not a boot domain 
LOG::2023-01-23.16:28:17::SCWSystem::Started Processing the domain standalone_ps7_cortexa9_0
TRACE::2023-01-23.16:28:17::SCWDomain::Generating domain artifcats
TRACE::2023-01-23.16:28:17::SCWMssOS::Generating standalone artifcats
TRACE::2023-01-23.16:28:17::SCWMssOS::Copying the qemu file from  C:/Xilinx/Vitis/2020.2/data/emulation/platforms/zynq/sw/a9_standalone/qemu/qemu_args.txt To C:/Travail/s4InfoAtelier4/atelier4_wrapper/export/atelier4_wrapper/sw/atelier4_wrapper/qemu/
TRACE::2023-01-23.16:28:17::SCWMssOS::Copying the qemu file from  C:/Xilinx/Vitis/2020.2/data/emulation/platforms/zynq/sw/a9_standalone/qemu/qemu_args.txt To C:/Travail/s4InfoAtelier4/atelier4_wrapper/export/atelier4_wrapper/sw/atelier4_wrapper/standalone_ps7_cortexa9_0/qemu/
TRACE::2023-01-23.16:28:17::SCWMssOS:: Copying the user libraries. 
TRACE::2023-01-23.16:28:17::SCWPlatform::Trying to open the hw design at C:/Travail/s4InfoAtelier4/atelier4_wrapper/hw/atelier4_wrapper.xsa
TRACE::2023-01-23.16:28:17::SCWPlatform::DSA given C:/Travail/s4InfoAtelier4/atelier4_wrapper/hw/atelier4_wrapper.xsa
TRACE::2023-01-23.16:28:17::SCWPlatform::DSA absoulate path C:/Travail/s4InfoAtelier4/atelier4_wrapper/hw/atelier4_wrapper.xsa
TRACE::2023-01-23.16:28:17::SCWPlatform::DSA directory C:/Travail/s4InfoAtelier4/atelier4_wrapper/hw
TRACE::2023-01-23.16:28:17::SCWPlatform:: Platform Path C:/Travail/s4InfoAtelier4/atelier4_wrapper/hw/atelier4_wrapper.xsa
TRACE::2023-01-23.16:28:17::SCWPlatform:: Unique name xilinx:zybo-z7-10::0.0
TRACE::2023-01-23.16:28:17::SCWPlatform::Trying to set the existing hwdb with name atelier4_wrapper_9
TRACE::2023-01-23.16:28:17::SCWPlatform::Opened existing hwdb atelier4_wrapper_9
TRACE::2023-01-23.16:28:17::SCWPlatform::Found the Hw Db part of the input DSA
TRACE::2023-01-23.16:28:17::SCWMssOS::Checking the sw design at  C:/Travail/s4InfoAtelier4/atelier4_wrapper/ps7_cortexa9_0/standalone_ps7_cortexa9_0/bsp/system.mss
TRACE::2023-01-23.16:28:17::SCWMssOS::DEBUG:  swdes dump  C:/Travail/s4InfoAtelier4/atelier4_wrapper/ps7_cortexa9_0/standalone_ps7_cortexa9_0/bsp/system.mss|system_0||
C:/Travail/s4InfoAtelier4/atelier4_wrapper/zynq_fsbl/zynq_fsbl_bsp/system.mss|system||

TRACE::2023-01-23.16:28:17::SCWMssOS::Sw design exists and opened at  C:/Travail/s4InfoAtelier4/atelier4_wrapper/ps7_cortexa9_0/standalone_ps7_cortexa9_0/bsp/system.mss
TRACE::2023-01-23.16:28:17::SCWMssOS::Completed writing the mss file at C:/Travail/s4InfoAtelier4/atelier4_wrapper/ps7_cortexa9_0/standalone_ps7_cortexa9_0/bsp
TRACE::2023-01-23.16:28:17::SCWMssOS::Mss edits present, copying mssfile into export location C:/Travail/s4InfoAtelier4/atelier4_wrapper/ps7_cortexa9_0/standalone_ps7_cortexa9_0/bsp/system.mss
TRACE::2023-01-23.16:28:17::SCWMssOS::bsp generated is upto date with the mss file. Skipping bsp generation.
TRACE::2023-01-23.16:28:17::SCWMssOS::BSP is already built. skipping the bsp build ... 
TRACE::2023-01-23.16:28:17::SCWDomain::Skipping the build for domain :  standalone_ps7_cortexa9_0
TRACE::2023-01-23.16:28:17::SCWMssOS::skipping the bsp build ... 
TRACE::2023-01-23.16:28:17::SCWMssOS::Copying to export directory.
TRACE::2023-01-23.16:28:18::SCWMssOS:: Checking if to create the Supporting Applications
TRACE::2023-01-23.16:28:18::SCWMssOS:: No Linux domain exists, trying to generate FSBL 
LOG::2023-01-23.16:28:18::SCWSystem::Completed Processing the domain standalone_ps7_cortexa9_0
LOG::2023-01-23.16:28:18::SCWSystem::Completed Processing the sysconfig atelier4_wrapper
LOG::2023-01-23.16:28:18::SCWPlatform::Completed generating the artifacts for system configuration atelier4_wrapper
TRACE::2023-01-23.16:28:18::SCWPlatform::Started preparing the platform 
TRACE::2023-01-23.16:28:18::SCWSystem::Writing the bif file for system config atelier4_wrapper
TRACE::2023-01-23.16:28:18::SCWSystem::dir created 
TRACE::2023-01-23.16:28:18::SCWSystem::Writing the bif 
TRACE::2023-01-23.16:28:18::SCWPlatform::Started writing the spfm file 
TRACE::2023-01-23.16:28:18::SCWPlatform::Started writing the xpfm file 
TRACE::2023-01-23.16:28:18::SCWPlatform::Completed generating the platform
TRACE::2023-01-23.16:28:18::SCWMssOS::Saving the mss changes C:/Travail/s4InfoAtelier4/atelier4_wrapper/zynq_fsbl/zynq_fsbl_bsp/system.mss
TRACE::2023-01-23.16:28:18::SCWMssOS::Found a swdesign opened with the mssfile.
TRACE::2023-01-23.16:28:18::SCWMssOS::Completed writemss as part of save.
TRACE::2023-01-23.16:28:18::SCWMssOS::Commit changes completed.
TRACE::2023-01-23.16:28:18::SCWMssOS::Saving the mss changes C:/Travail/s4InfoAtelier4/atelier4_wrapper/ps7_cortexa9_0/standalone_ps7_cortexa9_0/bsp/system.mss
TRACE::2023-01-23.16:28:18::SCWMssOS::Found a swdesign opened with the mssfile.
TRACE::2023-01-23.16:28:18::SCWMssOS::Completed writemss as part of save.
TRACE::2023-01-23.16:28:18::SCWMssOS::Commit changes completed.
TRACE::2023-01-23.16:28:18::SCWPlatform::Trying to open the hw design at C:/Travail/s4InfoAtelier4/atelier4_wrapper/hw/atelier4_wrapper.xsa
TRACE::2023-01-23.16:28:18::SCWPlatform::DSA given C:/Travail/s4InfoAtelier4/atelier4_wrapper/hw/atelier4_wrapper.xsa
TRACE::2023-01-23.16:28:18::SCWPlatform::DSA absoulate path C:/Travail/s4InfoAtelier4/atelier4_wrapper/hw/atelier4_wrapper.xsa
TRACE::2023-01-23.16:28:18::SCWPlatform::DSA directory C:/Travail/s4InfoAtelier4/atelier4_wrapper/hw
TRACE::2023-01-23.16:28:18::SCWPlatform:: Platform Path C:/Travail/s4InfoAtelier4/atelier4_wrapper/hw/atelier4_wrapper.xsa
TRACE::2023-01-23.16:28:18::SCWPlatform:: Unique name xilinx:zybo-z7-10::0.0
TRACE::2023-01-23.16:28:18::SCWPlatform::Trying to set the existing hwdb with name atelier4_wrapper_9
TRACE::2023-01-23.16:28:18::SCWPlatform::Opened existing hwdb atelier4_wrapper_9
TRACE::2023-01-23.16:28:18::SCWPlatform::Found the Hw Db part of the input DSA
TRACE::2023-01-23.16:28:18::SCWMssOS::Checking the sw design at  C:/Travail/s4InfoAtelier4/atelier4_wrapper/zynq_fsbl/zynq_fsbl_bsp/system.mss
TRACE::2023-01-23.16:28:18::SCWMssOS::DEBUG:  swdes dump  C:/Travail/s4InfoAtelier4/atelier4_wrapper/ps7_cortexa9_0/standalone_ps7_cortexa9_0/bsp/system.mss|system_0||
C:/Travail/s4InfoAtelier4/atelier4_wrapper/zynq_fsbl/zynq_fsbl_bsp/system.mss|system||

TRACE::2023-01-23.16:28:18::SCWMssOS::Sw design exists and opened at  C:/Travail/s4InfoAtelier4/atelier4_wrapper/zynq_fsbl/zynq_fsbl_bsp/system.mss
TRACE::2023-01-23.16:28:18::SCWPlatform::Trying to open the hw design at C:/Travail/s4InfoAtelier4/atelier4_wrapper/hw/atelier4_wrapper.xsa
TRACE::2023-01-23.16:28:18::SCWPlatform::DSA given C:/Travail/s4InfoAtelier4/atelier4_wrapper/hw/atelier4_wrapper.xsa
TRACE::2023-01-23.16:28:18::SCWPlatform::DSA absoulate path C:/Travail/s4InfoAtelier4/atelier4_wrapper/hw/atelier4_wrapper.xsa
TRACE::2023-01-23.16:28:18::SCWPlatform::DSA directory C:/Travail/s4InfoAtelier4/atelier4_wrapper/hw
TRACE::2023-01-23.16:28:18::SCWPlatform:: Platform Path C:/Travail/s4InfoAtelier4/atelier4_wrapper/hw/atelier4_wrapper.xsa
TRACE::2023-01-23.16:28:18::SCWPlatform:: Unique name xilinx:zybo-z7-10::0.0
TRACE::2023-01-23.16:28:18::SCWPlatform::Trying to set the existing hwdb with name atelier4_wrapper_9
TRACE::2023-01-23.16:28:18::SCWPlatform::Opened existing hwdb atelier4_wrapper_9
TRACE::2023-01-23.16:28:18::SCWPlatform::Found the Hw Db part of the input DSA
TRACE::2023-01-23.16:28:18::SCWMssOS::Checking the sw design at  C:/Travail/s4InfoAtelier4/atelier4_wrapper/ps7_cortexa9_0/standalone_ps7_cortexa9_0/bsp/system.mss
TRACE::2023-01-23.16:28:18::SCWMssOS::DEBUG:  swdes dump  C:/Travail/s4InfoAtelier4/atelier4_wrapper/ps7_cortexa9_0/standalone_ps7_cortexa9_0/bsp/system.mss|system_0||
C:/Travail/s4InfoAtelier4/atelier4_wrapper/zynq_fsbl/zynq_fsbl_bsp/system.mss|system||

TRACE::2023-01-23.16:28:18::SCWMssOS::Sw design exists and opened at  C:/Travail/s4InfoAtelier4/atelier4_wrapper/ps7_cortexa9_0/standalone_ps7_cortexa9_0/bsp/system.mss
TRACE::2023-01-23.16:28:18::SCWWriter::formatted JSON is {
	"platformName":	"atelier4_wrapper",
	"sprVersion":	"2.0",
	"mode":	"gui",
	"dsaType":	"Fixed",
	"platformDesc":	"atelier4_wrapper",
	"platHandOff":	"<platformDir>.xsa",
	"platIntHandOff":	"<platformDir>/hw/atelier4_wrapper.xsa",
	"deviceType":	"zynq",
	"platIsPrebuiltAutogen":	"false",
	"platIsNoBootBsp":	"false",
	"hasFsblMakeHasChanges":	"false",
	"hasPmufwMakeHasChanges":	"false",
	"fsblExtraCompilerFlags":	"-MMD -MP       -mcpu=cortex-a9 -mfpu=vfpv3 -mfloat-abi=hard ",
	"platPreBuiltFlag":	false,
	"platformSamplesDir":	"",
	"platActiveSys":	"atelier4_wrapper",
	"systems":	[{
			"systemName":	"atelier4_wrapper",
			"systemDesc":	"atelier4_wrapper",
			"sysIsBootAutoGen":	"true",
			"systemDispName":	"atelier4_wrapper",
			"sysActiveDom":	"standalone_ps7_cortexa9_0",
			"sysDefaultDom":	"standalone_ps7_cortexa9_0",
			"domains":	[{
					"domainName":	"zynq_fsbl",
					"domainDispName":	"zynq_fsbl",
					"domainDesc":	"FSBL Application BSP - Auto Generated.",
					"processors":	"ps7_cortexa9_0",
					"os":	"standalone",
					"sdxOs":	"standalone",
					"debugEnable":	"",
					"domRuntimes":	["cpp"],
					"swRepo":	"",
					"mssOsVer":	"7.3",
					"mssFile":	"",
					"md5Digest":	"0be5ea4ab905254957fadc8566944063",
					"compatibleApp":	"zynq_fsbl",
					"domType":	"bootDomain",
					"arch":	"32-bit",
					"appSettings":	{
						"appCompilerFlags":	"",
						"appLinkerFlags":	""
					},
					"addedLibs":	["xilffs:4.4", "xilrsa:1.6"],
					"libOptions":	{
						"libsContainingOptions":	[]
					},
					"prebuiltLibs":	{
						"prebuiltIncPath":	[],
						"prebuiltLibPath":	[]
					},
					"isolation":	{
					}
				}, {
					"domainName":	"standalone_ps7_cortexa9_0",
					"domainDispName":	"standalone_ps7_cortexa9_0",
					"domainDesc":	"standalone_ps7_cortexa9_0",
					"processors":	"ps7_cortexa9_0",
					"os":	"standalone",
					"sdxOs":	"standalone",
					"qemuArgs":	"C:/Xilinx/Vitis/2020.2/data/emulation/platforms/zynq/sw/a9_standalone/qemu/qemu_args.txt",
					"qemuData":	"C:/Xilinx/Vitis/2020.2/data/emulation/platforms/zynq/sw/a9_standalone/qemu/",
					"debugEnable":	"False",
					"domRuntimes":	["cpp"],
					"swRepo":	"",
					"mssOsVer":	"7.3",
					"mssFile":	"",
					"md5Digest":	"c7b67555032dc1ffe6b30962acb1207c",
					"compatibleApp":	"",
					"domType":	"mssDomain",
					"arch":	"32-bit",
					"appSettings":	{
						"appCompilerFlags":	"",
						"appLinkerFlags":	""
					},
					"addedLibs":	[],
					"libOptions":	{
						"libsContainingOptions":	[]
					},
					"prebuiltLibs":	{
						"prebuiltIncPath":	[],
						"prebuiltLibPath":	[]
					},
					"isolation":	{
					}
				}]
		}]
}
KEYINFO::2023-01-23.16:28:18::SCWPlatform::updated the xpfm file.
TRACE::2023-01-23.16:28:18::SCWPlatform::Trying to open the hw design at C:/Travail/s4InfoAtelier4/atelier4_wrapper/hw/atelier4_wrapper.xsa
TRACE::2023-01-23.16:28:18::SCWPlatform::DSA given C:/Travail/s4InfoAtelier4/atelier4_wrapper/hw/atelier4_wrapper.xsa
TRACE::2023-01-23.16:28:18::SCWPlatform::DSA absoulate path C:/Travail/s4InfoAtelier4/atelier4_wrapper/hw/atelier4_wrapper.xsa
TRACE::2023-01-23.16:28:18::SCWPlatform::DSA directory C:/Travail/s4InfoAtelier4/atelier4_wrapper/hw
TRACE::2023-01-23.16:28:18::SCWPlatform:: Platform Path C:/Travail/s4InfoAtelier4/atelier4_wrapper/hw/atelier4_wrapper.xsa
TRACE::2023-01-23.16:28:18::SCWPlatform:: Unique name xilinx:zybo-z7-10::0.0
TRACE::2023-01-23.16:28:18::SCWPlatform::Trying to set the existing hwdb with name atelier4_wrapper_9
TRACE::2023-01-23.16:28:18::SCWPlatform::Opened existing hwdb atelier4_wrapper_9
TRACE::2023-01-23.16:28:18::SCWPlatform::Found the Hw Db part of the input DSA
TRACE::2023-01-23.16:28:18::SCWMssOS::Checking the sw design at  C:/Travail/s4InfoAtelier4/atelier4_wrapper/ps7_cortexa9_0/standalone_ps7_cortexa9_0/bsp/system.mss
TRACE::2023-01-23.16:28:18::SCWMssOS::DEBUG:  swdes dump  C:/Travail/s4InfoAtelier4/atelier4_wrapper/ps7_cortexa9_0/standalone_ps7_cortexa9_0/bsp/system.mss|system_0||
C:/Travail/s4InfoAtelier4/atelier4_wrapper/zynq_fsbl/zynq_fsbl_bsp/system.mss|system||

TRACE::2023-01-23.16:28:18::SCWMssOS::Sw design exists and opened at  C:/Travail/s4InfoAtelier4/atelier4_wrapper/ps7_cortexa9_0/standalone_ps7_cortexa9_0/bsp/system.mss
TRACE::2023-01-23.17:17:06::SCWBDomain::System Command Ran  C:&  cd  C:/Travail/s4InfoAtelier4/atelier4_wrapper/zynq_fsbl & make clean
TRACE::2023-01-23.17:17:06::SCWBDomain::rm -rf  sd.o  nand.o  image_mover.o  md5.o  fsbl_hooks.o  main.o  nor.o  qspi.o  rsa.o  ps7_init.o  pcap.o  fsbl_handoff.o zynq
TRACE::2023-01-23.17:17:06::SCWBDomain::_fsbl_bsp/ps7_cortexa9_0/lib/libxil.a fsbl.elf *.o

TRACE::2023-01-23.17:17:06::SCWBDomain::System Command Ran  C:&  cd  C:/Travail/s4InfoAtelier4/atelier4_wrapper/zynq_fsbl/zynq_fsbl_bsp & make clean
TRACE::2023-01-23.17:17:06::SCWBDomain::make -C ps7_cortexa9_0/libsrc/axis_switch_v1_4/src -s clean 

TRACE::2023-01-23.17:17:06::SCWBDomain::make -C ps7_cortexa9_0/libsrc/axivdma_v6_8/src -s clean 

TRACE::2023-01-23.17:17:06::SCWBDomain::make -C ps7_cortexa9_0/libsrc/coresightps_dcc_v1_8/src -s clean 

TRACE::2023-01-23.17:17:06::SCWBDomain::make -C ps7_cortexa9_0/libsrc/cpu_cortexa9_v2_10/src -s clean 

TRACE::2023-01-23.17:17:06::SCWBDomain::make -C ps7_cortexa9_0/libsrc/ddrps_v1_2/src -s clean 

TRACE::2023-01-23.17:17:06::SCWBDomain::make -C ps7_cortexa9_0/libsrc/devcfg_v3_7/src -s clean 

TRACE::2023-01-23.17:17:07::SCWBDomain::make -C ps7_cortexa9_0/libsrc/dmaps_v2_7/src -s clean 

TRACE::2023-01-23.17:17:07::SCWBDomain::make -C ps7_cortexa9_0/libsrc/emacps_v3_12/src -s clean 

TRACE::2023-01-23.17:17:07::SCWBDomain::make -C ps7_cortexa9_0/libsrc/gpiops_v3_8/src -s clean 

TRACE::2023-01-23.17:17:07::SCWBDomain::make -C ps7_cortexa9_0/libsrc/gpio_v4_7/src -s clean 

TRACE::2023-01-23.17:17:07::SCWBDomain::make -C ps7_cortexa9_0/libsrc/mycolorRegister_v1_0/src -s clean 

TRACE::2023-01-23.17:17:07::SCWBDomain::make -C ps7_cortexa9_0/libsrc/pixelDataToVideoStream_v1_0/src -s clean 

TRACE::2023-01-23.17:17:07::SCWBDomain::make -C ps7_cortexa9_0/libsrc/qspips_v3_8/src -s clean 

TRACE::2023-01-23.17:17:07::SCWBDomain::make -C ps7_cortexa9_0/libsrc/scugic_v4_3/src -s clean 

TRACE::2023-01-23.17:17:07::SCWBDomain::make -C ps7_cortexa9_0/libsrc/scutimer_v2_3/src -s clean 

TRACE::2023-01-23.17:17:07::SCWBDomain::make -C ps7_cortexa9_0/libsrc/scuwdt_v2_3/src -s clean 

TRACE::2023-01-23.17:17:07::SCWBDomain::make -C ps7_cortexa9_0/libsrc/sdps_v3_10/src -s clean 

TRACE::2023-01-23.17:17:08::SCWBDomain::make -C ps7_cortexa9_0/libsrc/standalone_v7_3/src -s clean 

TRACE::2023-01-23.17:17:08::SCWBDomain::make -C ps7_cortexa9_0/libsrc/uartps_v3_10/src -s clean 

TRACE::2023-01-23.17:17:08::SCWBDomain::make -C ps7_cortexa9_0/libsrc/usbps_v2_6/src -s clean 

TRACE::2023-01-23.17:17:08::SCWBDomain::make -C ps7_cortexa9_0/libsrc/video_common_v4_10/src -s clean 

TRACE::2023-01-23.17:17:08::SCWBDomain::make -C ps7_cortexa9_0/libsrc/vprocss_v2_8/src -s clean 

TRACE::2023-01-23.17:17:08::SCWBDomain::make -C ps7_cortexa9_0/libsrc/v_csc_v2_5/src -s clean 

TRACE::2023-01-23.17:17:08::SCWBDomain::make -C ps7_cortexa9_0/libsrc/v_deinterlacer_v7_2/src -s clean 

TRACE::2023-01-23.17:17:09::SCWBDomain::make -C ps7_cortexa9_0/libsrc/v_hcresampler_v3_2/src -s clean 

TRACE::2023-01-23.17:17:09::SCWBDomain::make -C ps7_cortexa9_0/libsrc/v_hscaler_v3_4/src -s clean 

TRACE::2023-01-23.17:17:09::SCWBDomain::make -C ps7_cortexa9_0/libsrc/v_letterbox_v2_3/src -s clean 

TRACE::2023-01-23.17:17:09::SCWBDomain::make -C ps7_cortexa9_0/libsrc/v_vcresampler_v3_2/src -s clean 

TRACE::2023-01-23.17:17:09::SCWBDomain::make -C ps7_cortexa9_0/libsrc/v_vscaler_v3_2/src -s clean 

TRACE::2023-01-23.17:17:09::SCWBDomain::make -C ps7_cortexa9_0/libsrc/xadcps_v2_5/src -s clean 

TRACE::2023-01-23.17:17:09::SCWBDomain::make -C ps7_cortexa9_0/libsrc/xilffs_v4_4/src -s clean 

TRACE::2023-01-23.17:17:09::SCWBDomain::make -C ps7_cortexa9_0/libsrc/xilrsa_v1_6/src -s clean 

TRACE::2023-01-23.17:17:09::SCWBDomain::rm -f ps7_cortexa9_0/lib/libxil.a

TRACE::2023-01-23.17:17:09::SCWMssOS::cleaning the bsp 
TRACE::2023-01-23.17:17:09::SCWMssOS::System Command Ran  C: & cd  C:/Travail/s4InfoAtelier4/atelier4_wrapper/ps7_cortexa9_0/standalone_ps7_cortexa9_0/bsp & make clean 
TRACE::2023-01-23.17:17:09::SCWMssOS::make -C ps7_cortexa9_0/libsrc/axis_switch_v1_4/src -s clean 

TRACE::2023-01-23.17:17:09::SCWMssOS::make -C ps7_cortexa9_0/libsrc/axivdma_v6_8/src -s clean 

TRACE::2023-01-23.17:17:09::SCWMssOS::make -C ps7_cortexa9_0/libsrc/coresightps_dcc_v1_8/src -s clean 

TRACE::2023-01-23.17:17:09::SCWMssOS::make -C ps7_cortexa9_0/libsrc/cpu_cortexa9_v2_10/src -s clean 

TRACE::2023-01-23.17:17:10::SCWMssOS::make -C ps7_cortexa9_0/libsrc/ddrps_v1_2/src -s clean 

TRACE::2023-01-23.17:17:10::SCWMssOS::make -C ps7_cortexa9_0/libsrc/devcfg_v3_7/src -s clean 

TRACE::2023-01-23.17:17:10::SCWMssOS::make -C ps7_cortexa9_0/libsrc/dmaps_v2_7/src -s clean 

TRACE::2023-01-23.17:17:10::SCWMssOS::make -C ps7_cortexa9_0/libsrc/emacps_v3_12/src -s clean 

TRACE::2023-01-23.17:17:10::SCWMssOS::make -C ps7_cortexa9_0/libsrc/gpiops_v3_8/src -s clean 

TRACE::2023-01-23.17:17:10::SCWMssOS::make -C ps7_cortexa9_0/libsrc/gpio_v4_7/src -s clean 

TRACE::2023-01-23.17:17:10::SCWMssOS::make -C ps7_cortexa9_0/libsrc/mycolorRegister_v1_0/src -s clean 

TRACE::2023-01-23.17:17:10::SCWMssOS::make -C ps7_cortexa9_0/libsrc/pixelDataToVideoStream_v1_0/src -s clean 

TRACE::2023-01-23.17:17:10::SCWMssOS::make -C ps7_cortexa9_0/libsrc/qspips_v3_8/src -s clean 

TRACE::2023-01-23.17:17:10::SCWMssOS::make -C ps7_cortexa9_0/libsrc/scugic_v4_3/src -s clean 

TRACE::2023-01-23.17:17:10::SCWMssOS::make -C ps7_cortexa9_0/libsrc/scutimer_v2_3/src -s clean 

TRACE::2023-01-23.17:17:10::SCWMssOS::make -C ps7_cortexa9_0/libsrc/scuwdt_v2_3/src -s clean 

TRACE::2023-01-23.17:17:10::SCWMssOS::make -C ps7_cortexa9_0/libsrc/sdps_v3_10/src -s clean 

TRACE::2023-01-23.17:17:10::SCWMssOS::make -C ps7_cortexa9_0/libsrc/standalone_v7_3/src -s clean 

TRACE::2023-01-23.17:17:11::SCWMssOS::make -C ps7_cortexa9_0/libsrc/uartps_v3_10/src -s clean 

TRACE::2023-01-23.17:17:11::SCWMssOS::make -C ps7_cortexa9_0/libsrc/usbps_v2_6/src -s clean 

TRACE::2023-01-23.17:17:11::SCWMssOS::make -C ps7_cortexa9_0/libsrc/video_common_v4_10/src -s clean 

TRACE::2023-01-23.17:17:11::SCWMssOS::make -C ps7_cortexa9_0/libsrc/vprocss_v2_8/src -s clean 

TRACE::2023-01-23.17:17:11::SCWMssOS::make -C ps7_cortexa9_0/libsrc/v_csc_v2_5/src -s clean 

TRACE::2023-01-23.17:17:11::SCWMssOS::make -C ps7_cortexa9_0/libsrc/v_deinterlacer_v7_2/src -s clean 

TRACE::2023-01-23.17:17:11::SCWMssOS::make -C ps7_cortexa9_0/libsrc/v_hcresampler_v3_2/src -s clean 

TRACE::2023-01-23.17:17:11::SCWMssOS::make -C ps7_cortexa9_0/libsrc/v_hscaler_v3_4/src -s clean 

TRACE::2023-01-23.17:17:12::SCWMssOS::make -C ps7_cortexa9_0/libsrc/v_letterbox_v2_3/src -s clean 

TRACE::2023-01-23.17:17:12::SCWMssOS::make -C ps7_cortexa9_0/libsrc/v_vcresampler_v3_2/src -s clean 

TRACE::2023-01-23.17:17:12::SCWMssOS::make -C ps7_cortexa9_0/libsrc/v_vscaler_v3_2/src -s clean 

TRACE::2023-01-23.17:17:12::SCWMssOS::make -C ps7_cortexa9_0/libsrc/xadcps_v2_5/src -s clean 

TRACE::2023-01-23.17:17:12::SCWMssOS::rm -f ps7_cortexa9_0/lib/libxil.a

LOG::2023-01-23.17:17:17::SCWPlatform::Started generating the artifacts platform atelier4_wrapper
TRACE::2023-01-23.17:17:17::SCWPlatform::Sanity checking of platform is completed
LOG::2023-01-23.17:17:17::SCWPlatform::Started generating the artifacts for system configuration atelier4_wrapper
LOG::2023-01-23.17:17:17::SCWSystem::Checking the domain zynq_fsbl
LOG::2023-01-23.17:17:17::SCWSystem::Doing application build for :  zynq_fsbl
TRACE::2023-01-23.17:17:17::SCWBDomain::Not a forced makefile updation, No changes are present. 
TRACE::2023-01-23.17:17:17::SCWDomain::Building the domain as part of full build :  zynq_fsbl
TRACE::2023-01-23.17:17:17::SCWPlatform::Trying to open the hw design at C:/Travail/s4InfoAtelier4/atelier4_wrapper/hw/atelier4_wrapper.xsa
TRACE::2023-01-23.17:17:17::SCWPlatform::DSA given C:/Travail/s4InfoAtelier4/atelier4_wrapper/hw/atelier4_wrapper.xsa
TRACE::2023-01-23.17:17:17::SCWPlatform::DSA absoulate path C:/Travail/s4InfoAtelier4/atelier4_wrapper/hw/atelier4_wrapper.xsa
TRACE::2023-01-23.17:17:17::SCWPlatform::DSA directory C:/Travail/s4InfoAtelier4/atelier4_wrapper/hw
TRACE::2023-01-23.17:17:17::SCWPlatform:: Platform Path C:/Travail/s4InfoAtelier4/atelier4_wrapper/hw/atelier4_wrapper.xsa
TRACE::2023-01-23.17:17:17::SCWPlatform:: Unique name xilinx:zybo-z7-10::0.0
TRACE::2023-01-23.17:17:17::SCWPlatform::Trying to set the existing hwdb with name atelier4_wrapper_9
TRACE::2023-01-23.17:17:17::SCWPlatform::Opened existing hwdb atelier4_wrapper_9
TRACE::2023-01-23.17:17:17::SCWPlatform::Found the Hw Db part of the input DSA
TRACE::2023-01-23.17:17:17::SCWMssOS::Checking the sw design at  C:/Travail/s4InfoAtelier4/atelier4_wrapper/zynq_fsbl/zynq_fsbl_bsp/system.mss
TRACE::2023-01-23.17:17:17::SCWMssOS::DEBUG:  swdes dump  C:/Travail/s4InfoAtelier4/atelier4_wrapper/ps7_cortexa9_0/standalone_ps7_cortexa9_0/bsp/system.mss|system_0||
C:/Travail/s4InfoAtelier4/atelier4_wrapper/zynq_fsbl/zynq_fsbl_bsp/system.mss|system||

TRACE::2023-01-23.17:17:17::SCWMssOS::Sw design exists and opened at  C:/Travail/s4InfoAtelier4/atelier4_wrapper/zynq_fsbl/zynq_fsbl_bsp/system.mss
TRACE::2023-01-23.17:17:17::SCWBDomain::Completed writing the mss file at C:/Travail/s4InfoAtelier4/atelier4_wrapper/zynq_fsbl/zynq_fsbl_bsp
TRACE::2023-01-23.17:17:17::SCWBDomain::bsp generated is upto date with the mss file. Skipping bsp generation.
TRACE::2023-01-23.17:17:17::SCWBDomain::Not a forced makefile updation, No changes are present. 
TRACE::2023-01-23.17:17:17::SCWBDomain::System Command Ran  C:&  cd  C:/Travail/s4InfoAtelier4/atelier4_wrapper/zynq_fsbl& make -C  zynq_fsbl_bsp & make 
TRACE::2023-01-23.17:17:17::SCWBDomain::make: Entering directory 'C:/Travail/s4InfoAtelier4/atelier4_wrapper/zynq_fsbl/zynq_fsbl_bsp'

TRACE::2023-01-23.17:17:17::SCWBDomain::make --no-print-directory seq_libs

TRACE::2023-01-23.17:17:17::SCWBDomain::"Running Make include in ps7_cortexa9_0/libsrc/axis_switch_v1_4/src"

TRACE::2023-01-23.17:17:17::SCWBDomain::make -C ps7_cortexa9_0/libsrc/axis_switch_v1_4/src -s include  "SHELL=CMD" "COMPILER=arm-none-eabi-gcc" "ASSEMBLER=arm-none-eab
TRACE::2023-01-23.17:17:17::SCWBDomain::i-as" "ARCHIVER=arm-none-eabi-ar" "COMPILER_FLAGS=  -O2 -c" "EXTRA_COMPILER_FLAGS=-mcpu=cortex-a9 -mfpu=vfpv3 -mfloat-abi=hard 
TRACE::2023-01-23.17:17:17::SCWBDomain::-nostartfiles -g -Wall -Wextra"

TRACE::2023-01-23.17:17:18::SCWBDomain::"Running Make include in ps7_cortexa9_0/libsrc/axivdma_v6_8/src"

TRACE::2023-01-23.17:17:18::SCWBDomain::make -C ps7_cortexa9_0/libsrc/axivdma_v6_8/src -s include  "SHELL=CMD" "COMPILER=arm-none-eabi-gcc" "ASSEMBLER=arm-none-eabi-as
TRACE::2023-01-23.17:17:18::SCWBDomain::" "ARCHIVER=arm-none-eabi-ar" "COMPILER_FLAGS=  -O2 -c" "EXTRA_COMPILER_FLAGS=-mcpu=cortex-a9 -mfpu=vfpv3 -mfloat-abi=hard -nos
TRACE::2023-01-23.17:17:18::SCWBDomain::tartfiles -g -Wall -Wextra"

TRACE::2023-01-23.17:17:18::SCWBDomain::"Running Make include in ps7_cortexa9_0/libsrc/coresightps_dcc_v1_8/src"

TRACE::2023-01-23.17:17:18::SCWBDomain::make -C ps7_cortexa9_0/libsrc/coresightps_dcc_v1_8/src -s include  "SHELL=CMD" "COMPILER=arm-none-eabi-gcc" "ASSEMBLER=arm-none
TRACE::2023-01-23.17:17:18::SCWBDomain::-eabi-as" "ARCHIVER=arm-none-eabi-ar" "COMPILER_FLAGS=  -O2 -c" "EXTRA_COMPILER_FLAGS=-mcpu=cortex-a9 -mfpu=vfpv3 -mfloat-abi=h
TRACE::2023-01-23.17:17:18::SCWBDomain::ard -nostartfiles -g -Wall -Wextra"

TRACE::2023-01-23.17:17:18::SCWBDomain::"Running Make include in ps7_cortexa9_0/libsrc/cpu_cortexa9_v2_10/src"

TRACE::2023-01-23.17:17:18::SCWBDomain::make -C ps7_cortexa9_0/libsrc/cpu_cortexa9_v2_10/src -s include  "SHELL=CMD" "COMPILER=arm-none-eabi-gcc" "ASSEMBLER=arm-none-e
TRACE::2023-01-23.17:17:18::SCWBDomain::abi-as" "ARCHIVER=arm-none-eabi-ar" "COMPILER_FLAGS=  -O2 -c" "EXTRA_COMPILER_FLAGS=-mcpu=cortex-a9 -mfpu=vfpv3 -mfloat-abi=har
TRACE::2023-01-23.17:17:18::SCWBDomain::d -nostartfiles -g -Wall -Wextra"

TRACE::2023-01-23.17:17:18::SCWBDomain::"Running Make include in ps7_cortexa9_0/libsrc/ddrps_v1_2/src"

TRACE::2023-01-23.17:17:18::SCWBDomain::make -C ps7_cortexa9_0/libsrc/ddrps_v1_2/src -s include  "SHELL=CMD" "COMPILER=arm-none-eabi-gcc" "ASSEMBLER=arm-none-eabi-as" 
TRACE::2023-01-23.17:17:18::SCWBDomain::"ARCHIVER=arm-none-eabi-ar" "COMPILER_FLAGS=  -O2 -c" "EXTRA_COMPILER_FLAGS=-mcpu=cortex-a9 -mfpu=vfpv3 -mfloat-abi=hard -nosta
TRACE::2023-01-23.17:17:18::SCWBDomain::rtfiles -g -Wall -Wextra"

TRACE::2023-01-23.17:17:18::SCWBDomain::"Running Make include in ps7_cortexa9_0/libsrc/devcfg_v3_7/src"

TRACE::2023-01-23.17:17:18::SCWBDomain::make -C ps7_cortexa9_0/libsrc/devcfg_v3_7/src -s include  "SHELL=CMD" "COMPILER=arm-none-eabi-gcc" "ASSEMBLER=arm-none-eabi-as"
TRACE::2023-01-23.17:17:18::SCWBDomain:: "ARCHIVER=arm-none-eabi-ar" "COMPILER_FLAGS=  -O2 -c" "EXTRA_COMPILER_FLAGS=-mcpu=cortex-a9 -mfpu=vfpv3 -mfloat-abi=hard -nost
TRACE::2023-01-23.17:17:18::SCWBDomain::artfiles -g -Wall -Wextra"

TRACE::2023-01-23.17:17:18::SCWBDomain::"Running Make include in ps7_cortexa9_0/libsrc/dmaps_v2_7/src"

TRACE::2023-01-23.17:17:18::SCWBDomain::make -C ps7_cortexa9_0/libsrc/dmaps_v2_7/src -s include  "SHELL=CMD" "COMPILER=arm-none-eabi-gcc" "ASSEMBLER=arm-none-eabi-as" 
TRACE::2023-01-23.17:17:18::SCWBDomain::"ARCHIVER=arm-none-eabi-ar" "COMPILER_FLAGS=  -O2 -c" "EXTRA_COMPILER_FLAGS=-mcpu=cortex-a9 -mfpu=vfpv3 -mfloat-abi=hard -nosta
TRACE::2023-01-23.17:17:18::SCWBDomain::rtfiles -g -Wall -Wextra"

TRACE::2023-01-23.17:17:18::SCWBDomain::"Running Make include in ps7_cortexa9_0/libsrc/emacps_v3_12/src"

TRACE::2023-01-23.17:17:18::SCWBDomain::make -C ps7_cortexa9_0/libsrc/emacps_v3_12/src -s include  "SHELL=CMD" "COMPILER=arm-none-eabi-gcc" "ASSEMBLER=arm-none-eabi-as
TRACE::2023-01-23.17:17:18::SCWBDomain::" "ARCHIVER=arm-none-eabi-ar" "COMPILER_FLAGS=  -O2 -c" "EXTRA_COMPILER_FLAGS=-mcpu=cortex-a9 -mfpu=vfpv3 -mfloat-abi=hard -nos
TRACE::2023-01-23.17:17:18::SCWBDomain::tartfiles -g -Wall -Wextra"

TRACE::2023-01-23.17:17:18::SCWBDomain::"Running Make include in ps7_cortexa9_0/libsrc/gpiops_v3_8/src"

TRACE::2023-01-23.17:17:18::SCWBDomain::make -C ps7_cortexa9_0/libsrc/gpiops_v3_8/src -s include  "SHELL=CMD" "COMPILER=arm-none-eabi-gcc" "ASSEMBLER=arm-none-eabi-as"
TRACE::2023-01-23.17:17:18::SCWBDomain:: "ARCHIVER=arm-none-eabi-ar" "COMPILER_FLAGS=  -O2 -c" "EXTRA_COMPILER_FLAGS=-mcpu=cortex-a9 -mfpu=vfpv3 -mfloat-abi=hard -nost
TRACE::2023-01-23.17:17:18::SCWBDomain::artfiles -g -Wall -Wextra"

TRACE::2023-01-23.17:17:18::SCWBDomain::"Running Make include in ps7_cortexa9_0/libsrc/gpio_v4_7/src"

TRACE::2023-01-23.17:17:18::SCWBDomain::make -C ps7_cortexa9_0/libsrc/gpio_v4_7/src -s include  "SHELL=CMD" "COMPILER=arm-none-eabi-gcc" "ASSEMBLER=arm-none-eabi-as" "
TRACE::2023-01-23.17:17:18::SCWBDomain::ARCHIVER=arm-none-eabi-ar" "COMPILER_FLAGS=  -O2 -c" "EXTRA_COMPILER_FLAGS=-mcpu=cortex-a9 -mfpu=vfpv3 -mfloat-abi=hard -nostar
TRACE::2023-01-23.17:17:18::SCWBDomain::tfiles -g -Wall -Wextra"

TRACE::2023-01-23.17:17:18::SCWBDomain::"Running Make include in ps7_cortexa9_0/libsrc/mycolorRegister_v1_0/src"

TRACE::2023-01-23.17:17:18::SCWBDomain::make -C ps7_cortexa9_0/libsrc/mycolorRegister_v1_0/src -s include  "SHELL=CMD" "COMPILER=arm-none-eabi-gcc" "ASSEMBLER=arm-none
TRACE::2023-01-23.17:17:18::SCWBDomain::-eabi-as" "ARCHIVER=arm-none-eabi-ar" "COMPILER_FLAGS=  -O2 -c" "EXTRA_COMPILER_FLAGS=-mcpu=cortex-a9 -mfpu=vfpv3 -mfloat-abi=h
TRACE::2023-01-23.17:17:18::SCWBDomain::ard -nostartfiles -g -Wall -Wextra"

TRACE::2023-01-23.17:17:18::SCWBDomain::"Running Make include in ps7_cortexa9_0/libsrc/pixelDataToVideoStream_v1_0/src"

TRACE::2023-01-23.17:17:18::SCWBDomain::make -C ps7_cortexa9_0/libsrc/pixelDataToVideoStream_v1_0/src -s include  "SHELL=CMD" "COMPILER=arm-none-eabi-gcc" "ASSEMBLER=a
TRACE::2023-01-23.17:17:18::SCWBDomain::rm-none-eabi-as" "ARCHIVER=arm-none-eabi-ar" "COMPILER_FLAGS=  -O2 -c" "EXTRA_COMPILER_FLAGS=-mcpu=cortex-a9 -mfpu=vfpv3 -mfloa
TRACE::2023-01-23.17:17:18::SCWBDomain::t-abi=hard -nostartfiles -g -Wall -Wextra"

TRACE::2023-01-23.17:17:18::SCWBDomain::"Running Make include in ps7_cortexa9_0/libsrc/qspips_v3_8/src"

TRACE::2023-01-23.17:17:18::SCWBDomain::make -C ps7_cortexa9_0/libsrc/qspips_v3_8/src -s include  "SHELL=CMD" "COMPILER=arm-none-eabi-gcc" "ASSEMBLER=arm-none-eabi-as"
TRACE::2023-01-23.17:17:18::SCWBDomain:: "ARCHIVER=arm-none-eabi-ar" "COMPILER_FLAGS=  -O2 -c" "EXTRA_COMPILER_FLAGS=-mcpu=cortex-a9 -mfpu=vfpv3 -mfloat-abi=hard -nost
TRACE::2023-01-23.17:17:18::SCWBDomain::artfiles -g -Wall -Wextra"

TRACE::2023-01-23.17:17:18::SCWBDomain::"Running Make include in ps7_cortexa9_0/libsrc/scugic_v4_3/src"

TRACE::2023-01-23.17:17:18::SCWBDomain::make -C ps7_cortexa9_0/libsrc/scugic_v4_3/src -s include  "SHELL=CMD" "COMPILER=arm-none-eabi-gcc" "ASSEMBLER=arm-none-eabi-as"
TRACE::2023-01-23.17:17:18::SCWBDomain:: "ARCHIVER=arm-none-eabi-ar" "COMPILER_FLAGS=  -O2 -c" "EXTRA_COMPILER_FLAGS=-mcpu=cortex-a9 -mfpu=vfpv3 -mfloat-abi=hard -nost
TRACE::2023-01-23.17:17:18::SCWBDomain::artfiles -g -Wall -Wextra"

TRACE::2023-01-23.17:17:18::SCWBDomain::"Running Make include in ps7_cortexa9_0/libsrc/scutimer_v2_3/src"

TRACE::2023-01-23.17:17:18::SCWBDomain::make -C ps7_cortexa9_0/libsrc/scutimer_v2_3/src -s include  "SHELL=CMD" "COMPILER=arm-none-eabi-gcc" "ASSEMBLER=arm-none-eabi-a
TRACE::2023-01-23.17:17:18::SCWBDomain::s" "ARCHIVER=arm-none-eabi-ar" "COMPILER_FLAGS=  -O2 -c" "EXTRA_COMPILER_FLAGS=-mcpu=cortex-a9 -mfpu=vfpv3 -mfloat-abi=hard -no
TRACE::2023-01-23.17:17:18::SCWBDomain::startfiles -g -Wall -Wextra"

TRACE::2023-01-23.17:17:18::SCWBDomain::"Running Make include in ps7_cortexa9_0/libsrc/scuwdt_v2_3/src"

TRACE::2023-01-23.17:17:18::SCWBDomain::make -C ps7_cortexa9_0/libsrc/scuwdt_v2_3/src -s include  "SHELL=CMD" "COMPILER=arm-none-eabi-gcc" "ASSEMBLER=arm-none-eabi-as"
TRACE::2023-01-23.17:17:18::SCWBDomain:: "ARCHIVER=arm-none-eabi-ar" "COMPILER_FLAGS=  -O2 -c" "EXTRA_COMPILER_FLAGS=-mcpu=cortex-a9 -mfpu=vfpv3 -mfloat-abi=hard -nost
TRACE::2023-01-23.17:17:18::SCWBDomain::artfiles -g -Wall -Wextra"

TRACE::2023-01-23.17:17:18::SCWBDomain::"Running Make include in ps7_cortexa9_0/libsrc/sdps_v3_10/src"

TRACE::2023-01-23.17:17:18::SCWBDomain::make -C ps7_cortexa9_0/libsrc/sdps_v3_10/src -s include  "SHELL=CMD" "COMPILER=arm-none-eabi-gcc" "ASSEMBLER=arm-none-eabi-as" 
TRACE::2023-01-23.17:17:18::SCWBDomain::"ARCHIVER=arm-none-eabi-ar" "COMPILER_FLAGS=  -O2 -c" "EXTRA_COMPILER_FLAGS=-mcpu=cortex-a9 -mfpu=vfpv3 -mfloat-abi=hard -nosta
TRACE::2023-01-23.17:17:18::SCWBDomain::rtfiles -g -Wall -Wextra"

TRACE::2023-01-23.17:17:18::SCWBDomain::"Running Make include in ps7_cortexa9_0/libsrc/standalone_v7_3/src"

TRACE::2023-01-23.17:17:18::SCWBDomain::make -C ps7_cortexa9_0/libsrc/standalone_v7_3/src -s include  "SHELL=CMD" "COMPILER=arm-none-eabi-gcc" "ASSEMBLER=arm-none-eabi
TRACE::2023-01-23.17:17:18::SCWBDomain::-as" "ARCHIVER=arm-none-eabi-ar" "COMPILER_FLAGS=  -O2 -c" "EXTRA_COMPILER_FLAGS=-mcpu=cortex-a9 -mfpu=vfpv3 -mfloat-abi=hard -
TRACE::2023-01-23.17:17:18::SCWBDomain::nostartfiles -g -Wall -Wextra"

TRACE::2023-01-23.17:17:18::SCWBDomain::"Running Make include in ps7_cortexa9_0/libsrc/uartps_v3_10/src"

TRACE::2023-01-23.17:17:18::SCWBDomain::make -C ps7_cortexa9_0/libsrc/uartps_v3_10/src -s include  "SHELL=CMD" "COMPILER=arm-none-eabi-gcc" "ASSEMBLER=arm-none-eabi-as
TRACE::2023-01-23.17:17:18::SCWBDomain::" "ARCHIVER=arm-none-eabi-ar" "COMPILER_FLAGS=  -O2 -c" "EXTRA_COMPILER_FLAGS=-mcpu=cortex-a9 -mfpu=vfpv3 -mfloat-abi=hard -nos
TRACE::2023-01-23.17:17:18::SCWBDomain::tartfiles -g -Wall -Wextra"

TRACE::2023-01-23.17:17:18::SCWBDomain::"Running Make include in ps7_cortexa9_0/libsrc/usbps_v2_6/src"

TRACE::2023-01-23.17:17:18::SCWBDomain::make -C ps7_cortexa9_0/libsrc/usbps_v2_6/src -s include  "SHELL=CMD" "COMPILER=arm-none-eabi-gcc" "ASSEMBLER=arm-none-eabi-as" 
TRACE::2023-01-23.17:17:18::SCWBDomain::"ARCHIVER=arm-none-eabi-ar" "COMPILER_FLAGS=  -O2 -c" "EXTRA_COMPILER_FLAGS=-mcpu=cortex-a9 -mfpu=vfpv3 -mfloat-abi=hard -nosta
TRACE::2023-01-23.17:17:18::SCWBDomain::rtfiles -g -Wall -Wextra"

TRACE::2023-01-23.17:17:18::SCWBDomain::"Running Make include in ps7_cortexa9_0/libsrc/video_common_v4_10/src"

TRACE::2023-01-23.17:17:18::SCWBDomain::make -C ps7_cortexa9_0/libsrc/video_common_v4_10/src -s include  "SHELL=CMD" "COMPILER=arm-none-eabi-gcc" "ASSEMBLER=arm-none-e
TRACE::2023-01-23.17:17:18::SCWBDomain::abi-as" "ARCHIVER=arm-none-eabi-ar" "COMPILER_FLAGS=  -O2 -c" "EXTRA_COMPILER_FLAGS=-mcpu=cortex-a9 -mfpu=vfpv3 -mfloat-abi=har
TRACE::2023-01-23.17:17:18::SCWBDomain::d -nostartfiles -g -Wall -Wextra"

TRACE::2023-01-23.17:17:18::SCWBDomain::"Running Make include in ps7_cortexa9_0/libsrc/vprocss_v2_8/src"

TRACE::2023-01-23.17:17:18::SCWBDomain::make -C ps7_cortexa9_0/libsrc/vprocss_v2_8/src -s include  "SHELL=CMD" "COMPILER=arm-none-eabi-gcc" "ASSEMBLER=arm-none-eabi-as
TRACE::2023-01-23.17:17:18::SCWBDomain::" "ARCHIVER=arm-none-eabi-ar" "COMPILER_FLAGS=  -O2 -c" "EXTRA_COMPILER_FLAGS=-mcpu=cortex-a9 -mfpu=vfpv3 -mfloat-abi=hard -nos
TRACE::2023-01-23.17:17:18::SCWBDomain::tartfiles -g -Wall -Wextra"

TRACE::2023-01-23.17:17:19::SCWBDomain::"Running Make include in ps7_cortexa9_0/libsrc/v_csc_v2_5/src"

TRACE::2023-01-23.17:17:19::SCWBDomain::make -C ps7_cortexa9_0/libsrc/v_csc_v2_5/src -s include  "SHELL=CMD" "COMPILER=arm-none-eabi-gcc" "ASSEMBLER=arm-none-eabi-as" 
TRACE::2023-01-23.17:17:19::SCWBDomain::"ARCHIVER=arm-none-eabi-ar" "COMPILER_FLAGS=  -O2 -c" "EXTRA_COMPILER_FLAGS=-mcpu=cortex-a9 -mfpu=vfpv3 -mfloat-abi=hard -nosta
TRACE::2023-01-23.17:17:19::SCWBDomain::rtfiles -g -Wall -Wextra"

TRACE::2023-01-23.17:17:19::SCWBDomain::"Running Make include in ps7_cortexa9_0/libsrc/v_deinterlacer_v7_2/src"

TRACE::2023-01-23.17:17:19::SCWBDomain::make -C ps7_cortexa9_0/libsrc/v_deinterlacer_v7_2/src -s include  "SHELL=CMD" "COMPILER=arm-none-eabi-gcc" "ASSEMBLER=arm-none-
TRACE::2023-01-23.17:17:19::SCWBDomain::eabi-as" "ARCHIVER=arm-none-eabi-ar" "COMPILER_FLAGS=  -O2 -c" "EXTRA_COMPILER_FLAGS=-mcpu=cortex-a9 -mfpu=vfpv3 -mfloat-abi=ha
TRACE::2023-01-23.17:17:19::SCWBDomain::rd -nostartfiles -g -Wall -Wextra"

TRACE::2023-01-23.17:17:19::SCWBDomain::"Running Make include in ps7_cortexa9_0/libsrc/v_hcresampler_v3_2/src"

TRACE::2023-01-23.17:17:19::SCWBDomain::make -C ps7_cortexa9_0/libsrc/v_hcresampler_v3_2/src -s include  "SHELL=CMD" "COMPILER=arm-none-eabi-gcc" "ASSEMBLER=arm-none-e
TRACE::2023-01-23.17:17:19::SCWBDomain::abi-as" "ARCHIVER=arm-none-eabi-ar" "COMPILER_FLAGS=  -O2 -c" "EXTRA_COMPILER_FLAGS=-mcpu=cortex-a9 -mfpu=vfpv3 -mfloat-abi=har
TRACE::2023-01-23.17:17:19::SCWBDomain::d -nostartfiles -g -Wall -Wextra"

TRACE::2023-01-23.17:17:19::SCWBDomain::"Running Make include in ps7_cortexa9_0/libsrc/v_hscaler_v3_4/src"

TRACE::2023-01-23.17:17:19::SCWBDomain::make -C ps7_cortexa9_0/libsrc/v_hscaler_v3_4/src -s include  "SHELL=CMD" "COMPILER=arm-none-eabi-gcc" "ASSEMBLER=arm-none-eabi-
TRACE::2023-01-23.17:17:19::SCWBDomain::as" "ARCHIVER=arm-none-eabi-ar" "COMPILER_FLAGS=  -O2 -c" "EXTRA_COMPILER_FLAGS=-mcpu=cortex-a9 -mfpu=vfpv3 -mfloat-abi=hard -n
TRACE::2023-01-23.17:17:19::SCWBDomain::ostartfiles -g -Wall -Wextra"

TRACE::2023-01-23.17:17:19::SCWBDomain::"Running Make include in ps7_cortexa9_0/libsrc/v_letterbox_v2_3/src"

TRACE::2023-01-23.17:17:19::SCWBDomain::make -C ps7_cortexa9_0/libsrc/v_letterbox_v2_3/src -s include  "SHELL=CMD" "COMPILER=arm-none-eabi-gcc" "ASSEMBLER=arm-none-eab
TRACE::2023-01-23.17:17:19::SCWBDomain::i-as" "ARCHIVER=arm-none-eabi-ar" "COMPILER_FLAGS=  -O2 -c" "EXTRA_COMPILER_FLAGS=-mcpu=cortex-a9 -mfpu=vfpv3 -mfloat-abi=hard 
TRACE::2023-01-23.17:17:19::SCWBDomain::-nostartfiles -g -Wall -Wextra"

TRACE::2023-01-23.17:17:19::SCWBDomain::"Running Make include in ps7_cortexa9_0/libsrc/v_vcresampler_v3_2/src"

TRACE::2023-01-23.17:17:19::SCWBDomain::make -C ps7_cortexa9_0/libsrc/v_vcresampler_v3_2/src -s include  "SHELL=CMD" "COMPILER=arm-none-eabi-gcc" "ASSEMBLER=arm-none-e
TRACE::2023-01-23.17:17:19::SCWBDomain::abi-as" "ARCHIVER=arm-none-eabi-ar" "COMPILER_FLAGS=  -O2 -c" "EXTRA_COMPILER_FLAGS=-mcpu=cortex-a9 -mfpu=vfpv3 -mfloat-abi=har
TRACE::2023-01-23.17:17:19::SCWBDomain::d -nostartfiles -g -Wall -Wextra"

TRACE::2023-01-23.17:17:19::SCWBDomain::"Running Make include in ps7_cortexa9_0/libsrc/v_vscaler_v3_2/src"

TRACE::2023-01-23.17:17:19::SCWBDomain::make -C ps7_cortexa9_0/libsrc/v_vscaler_v3_2/src -s include  "SHELL=CMD" "COMPILER=arm-none-eabi-gcc" "ASSEMBLER=arm-none-eabi-
TRACE::2023-01-23.17:17:19::SCWBDomain::as" "ARCHIVER=arm-none-eabi-ar" "COMPILER_FLAGS=  -O2 -c" "EXTRA_COMPILER_FLAGS=-mcpu=cortex-a9 -mfpu=vfpv3 -mfloat-abi=hard -n
TRACE::2023-01-23.17:17:19::SCWBDomain::ostartfiles -g -Wall -Wextra"

TRACE::2023-01-23.17:17:19::SCWBDomain::"Running Make include in ps7_cortexa9_0/libsrc/xadcps_v2_5/src"

TRACE::2023-01-23.17:17:19::SCWBDomain::make -C ps7_cortexa9_0/libsrc/xadcps_v2_5/src -s include  "SHELL=CMD" "COMPILER=arm-none-eabi-gcc" "ASSEMBLER=arm-none-eabi-as"
TRACE::2023-01-23.17:17:19::SCWBDomain:: "ARCHIVER=arm-none-eabi-ar" "COMPILER_FLAGS=  -O2 -c" "EXTRA_COMPILER_FLAGS=-mcpu=cortex-a9 -mfpu=vfpv3 -mfloat-abi=hard -nost
TRACE::2023-01-23.17:17:19::SCWBDomain::artfiles -g -Wall -Wextra"

TRACE::2023-01-23.17:17:19::SCWBDomain::"Running Make include in ps7_cortexa9_0/libsrc/xilffs_v4_4/src"

TRACE::2023-01-23.17:17:19::SCWBDomain::make -C ps7_cortexa9_0/libsrc/xilffs_v4_4/src -s include  "SHELL=CMD" "COMPILER=arm-none-eabi-gcc" "ASSEMBLER=arm-none-eabi-as"
TRACE::2023-01-23.17:17:19::SCWBDomain:: "ARCHIVER=arm-none-eabi-ar" "COMPILER_FLAGS=  -O2 -c" "EXTRA_COMPILER_FLAGS=-mcpu=cortex-a9 -mfpu=vfpv3 -mfloat-abi=hard -nost
TRACE::2023-01-23.17:17:19::SCWBDomain::artfiles -g -Wall -Wextra"

TRACE::2023-01-23.17:17:19::SCWBDomain::"Running Make include in ps7_cortexa9_0/libsrc/xilrsa_v1_6/src"

TRACE::2023-01-23.17:17:19::SCWBDomain::make -C ps7_cortexa9_0/libsrc/xilrsa_v1_6/src -s include  "SHELL=CMD" "COMPILER=arm-none-eabi-gcc" "ASSEMBLER=arm-none-eabi-as"
TRACE::2023-01-23.17:17:19::SCWBDomain:: "ARCHIVER=arm-none-eabi-ar" "COMPILER_FLAGS=  -O2 -c" "EXTRA_COMPILER_FLAGS=-mcpu=cortex-a9 -mfpu=vfpv3 -mfloat-abi=hard -nost
TRACE::2023-01-23.17:17:19::SCWBDomain::artfiles -g -Wall -Wextra"

TRACE::2023-01-23.17:17:19::SCWBDomain::"Running Make libs in ps7_cortexa9_0/libsrc/mycolorRegister_v1_0/src"

TRACE::2023-01-23.17:17:19::SCWBDomain::make -C ps7_cortexa9_0/libsrc/mycolorRegister_v1_0/src -s libs  "SHELL=CMD" "COMPILER=arm-none-eabi-gcc" "ASSEMBLER=arm-none-ea
TRACE::2023-01-23.17:17:19::SCWBDomain::bi-as" "ARCHIVER=arm-none-eabi-ar" "COMPILER_FLAGS=  -O2 -c" "EXTRA_COMPILER_FLAGS=-mcpu=cortex-a9 -mfpu=vfpv3 -mfloat-abi=hard
TRACE::2023-01-23.17:17:19::SCWBDomain:: -nostartfiles -g -Wall -Wextra"

TRACE::2023-01-23.17:17:19::SCWBDomain::"Compiling mycolorRegister..."

TRACE::2023-01-23.17:17:19::SCWBDomain::"Running Make libs in ps7_cortexa9_0/libsrc/pixelDataToVideoStream_v1_0/src"

TRACE::2023-01-23.17:17:19::SCWBDomain::make -C ps7_cortexa9_0/libsrc/pixelDataToVideoStream_v1_0/src -s libs  "SHELL=CMD" "COMPILER=arm-none-eabi-gcc" "ASSEMBLER=arm-
TRACE::2023-01-23.17:17:19::SCWBDomain::none-eabi-as" "ARCHIVER=arm-none-eabi-ar" "COMPILER_FLAGS=  -O2 -c" "EXTRA_COMPILER_FLAGS=-mcpu=cortex-a9 -mfpu=vfpv3 -mfloat-a
TRACE::2023-01-23.17:17:19::SCWBDomain::bi=hard -nostartfiles -g -Wall -Wextra"

TRACE::2023-01-23.17:17:19::SCWBDomain::"Compiling pixelDataToVideoStream..."

TRACE::2023-01-23.17:17:20::SCWBDomain::"Running Make libs in ps7_cortexa9_0/libsrc/xilrsa_v1_6/src"

TRACE::2023-01-23.17:17:20::SCWBDomain::make -C ps7_cortexa9_0/libsrc/xilrsa_v1_6/src -s libs  "SHELL=CMD" "COMPILER=arm-none-eabi-gcc" "ASSEMBLER=arm-none-eabi-as" "A
TRACE::2023-01-23.17:17:20::SCWBDomain::RCHIVER=arm-none-eabi-ar" "COMPILER_FLAGS=  -O2 -c" "EXTRA_COMPILER_FLAGS=-mcpu=cortex-a9 -mfpu=vfpv3 -mfloat-abi=hard -nostart
TRACE::2023-01-23.17:17:20::SCWBDomain::files -g -Wall -Wextra"

TRACE::2023-01-23.17:17:20::SCWBDomain::'Finished building libraries sequentially.'

TRACE::2023-01-23.17:17:20::SCWBDomain::make -j --no-print-directory par_libs

TRACE::2023-01-23.17:17:20::SCWBDomain::"Running Make include in ps7_cortexa9_0/libsrc/axis_switch_v1_4/src"

TRACE::2023-01-23.17:17:20::SCWBDomain::make -C ps7_cortexa9_0/libsrc/axis_switch_v1_4/src -s include  "SHELL=CMD" "COMPILER=arm-none-eabi-gcc" "ASSEMBLER=arm-none-eab
TRACE::2023-01-23.17:17:20::SCWBDomain::i-as" "ARCHIVER=arm-none-eabi-ar" "COMPILER_FLAGS=  -O2 -c" "EXTRA_COMPILER_FLAGS=-mcpu=cortex-a9 -mfpu=vfpv3 -mfloat-abi=hard 
TRACE::2023-01-23.17:17:20::SCWBDomain::-nostartfiles -g -Wall -Wextra"

TRACE::2023-01-23.17:17:20::SCWBDomain::"Running Make include in ps7_cortexa9_0/libsrc/axivdma_v6_8/src"

TRACE::2023-01-23.17:17:20::SCWBDomain::make -C ps7_cortexa9_0/libsrc/axivdma_v6_8/src -s include  "SHELL=CMD" "COMPILER=arm-none-eabi-gcc" "ASSEMBLER=arm-none-eabi-as
TRACE::2023-01-23.17:17:20::SCWBDomain::" "ARCHIVER=arm-none-eabi-ar" "COMPILER_FLAGS=  -O2 -c" "EXTRA_COMPILER_FLAGS=-mcpu=cortex-a9 -mfpu=vfpv3 -mfloat-abi=hard -nos
TRACE::2023-01-23.17:17:20::SCWBDomain::tartfiles -g -Wall -Wextra"

TRACE::2023-01-23.17:17:20::SCWBDomain::"Running Make include in ps7_cortexa9_0/libsrc/coresightps_dcc_v1_8/src"

TRACE::2023-01-23.17:17:20::SCWBDomain::make -C ps7_cortexa9_0/libsrc/coresightps_dcc_v1_8/src -s include  "SHELL=CMD" "COMPILER=arm-none-eabi-gcc" "ASSEMBLER=arm-none
TRACE::2023-01-23.17:17:20::SCWBDomain::-eabi-as" "ARCHIVER=arm-none-eabi-ar" "COMPILER_FLAGS=  -O2 -c" "EXTRA_COMPILER_FLAGS=-mcpu=cortex-a9 -mfpu=vfpv3 -mfloat-abi=h
TRACE::2023-01-23.17:17:20::SCWBDomain::ard -nostartfiles -g -Wall -Wextra"

TRACE::2023-01-23.17:17:20::SCWBDomain::"Running Make include in ps7_cortexa9_0/libsrc/cpu_cortexa9_v2_10/src"

TRACE::2023-01-23.17:17:20::SCWBDomain::make -C ps7_cortexa9_0/libsrc/cpu_cortexa9_v2_10/src -s include  "SHELL=CMD" "COMPILER=arm-none-eabi-gcc" "ASSEMBLER=arm-none-e
TRACE::2023-01-23.17:17:20::SCWBDomain::abi-as" "ARCHIVER=arm-none-eabi-ar" "COMPILER_FLAGS=  -O2 -c" "EXTRA_COMPILER_FLAGS=-mcpu=cortex-a9 -mfpu=vfpv3 -mfloat-abi=har
TRACE::2023-01-23.17:17:20::SCWBDomain::d -nostartfiles -g -Wall -Wextra"

TRACE::2023-01-23.17:17:20::SCWBDomain::"Running Make include in ps7_cortexa9_0/libsrc/ddrps_v1_2/src"

TRACE::2023-01-23.17:17:20::SCWBDomain::make -C ps7_cortexa9_0/libsrc/ddrps_v1_2/src -s include  "SHELL=CMD" "COMPILER=arm-none-eabi-gcc" "ASSEMBLER=arm-none-eabi-as" 
TRACE::2023-01-23.17:17:20::SCWBDomain::"ARCHIVER=arm-none-eabi-ar" "COMPILER_FLAGS=  -O2 -c" "EXTRA_COMPILER_FLAGS=-mcpu=cortex-a9 -mfpu=vfpv3 -mfloat-abi=hard -nosta
TRACE::2023-01-23.17:17:20::SCWBDomain::rtfiles -g -Wall -Wextra"

TRACE::2023-01-23.17:17:20::SCWBDomain::"Running Make include in ps7_cortexa9_0/libsrc/devcfg_v3_7/src"

TRACE::2023-01-23.17:17:20::SCWBDomain::make -C ps7_cortexa9_0/libsrc/devcfg_v3_7/src -s include  "SHELL=CMD" "COMPILER=arm-none-eabi-gcc" "ASSEMBLER=arm-none-eabi-as"
TRACE::2023-01-23.17:17:20::SCWBDomain:: "ARCHIVER=arm-none-eabi-ar" "COMPILER_FLAGS=  -O2 -c" "EXTRA_COMPILER_FLAGS=-mcpu=cortex-a9 -mfpu=vfpv3 -mfloat-abi=hard -nost
TRACE::2023-01-23.17:17:20::SCWBDomain::artfiles -g -Wall -Wextra"

TRACE::2023-01-23.17:17:20::SCWBDomain::"Running Make include in ps7_cortexa9_0/libsrc/dmaps_v2_7/src"

TRACE::2023-01-23.17:17:20::SCWBDomain::make -C ps7_cortexa9_0/libsrc/dmaps_v2_7/src -s include  "SHELL=CMD" "COMPILER=arm-none-eabi-gcc" "ASSEMBLER=arm-none-eabi-as" 
TRACE::2023-01-23.17:17:20::SCWBDomain::"ARCHIVER=arm-none-eabi-ar" "COMPILER_FLAGS=  -O2 -c" "EXTRA_COMPILER_FLAGS=-mcpu=cortex-a9 -mfpu=vfpv3 -mfloat-abi=hard -nosta
TRACE::2023-01-23.17:17:20::SCWBDomain::rtfiles -g -Wall -Wextra"

TRACE::2023-01-23.17:17:20::SCWBDomain::"Running Make include in ps7_cortexa9_0/libsrc/emacps_v3_12/src"

TRACE::2023-01-23.17:17:20::SCWBDomain::make -C ps7_cortexa9_0/libsrc/emacps_v3_12/src -s include  "SHELL=CMD" "COMPILER=arm-none-eabi-gcc" "ASSEMBLER=arm-none-eabi-as
TRACE::2023-01-23.17:17:20::SCWBDomain::" "ARCHIVER=arm-none-eabi-ar" "COMPILER_FLAGS=  -O2 -c" "EXTRA_COMPILER_FLAGS=-mcpu=cortex-a9 -mfpu=vfpv3 -mfloat-abi=hard -nos
TRACE::2023-01-23.17:17:20::SCWBDomain::tartfiles -g -Wall -Wextra"

TRACE::2023-01-23.17:17:20::SCWBDomain::"Running Make include in ps7_cortexa9_0/libsrc/gpiops_v3_8/src"

TRACE::2023-01-23.17:17:20::SCWBDomain::make -C ps7_cortexa9_0/libsrc/gpiops_v3_8/src -s include  "SHELL=CMD" "COMPILER=arm-none-eabi-gcc" "ASSEMBLER=arm-none-eabi-as"
TRACE::2023-01-23.17:17:20::SCWBDomain:: "ARCHIVER=arm-none-eabi-ar" "COMPILER_FLAGS=  -O2 -c" "EXTRA_COMPILER_FLAGS=-mcpu=cortex-a9 -mfpu=vfpv3 -mfloat-abi=hard -nost
TRACE::2023-01-23.17:17:20::SCWBDomain::artfiles -g -Wall -Wextra"

TRACE::2023-01-23.17:17:20::SCWBDomain::"Running Make include in ps7_cortexa9_0/libsrc/gpio_v4_7/src"

TRACE::2023-01-23.17:17:20::SCWBDomain::make -C ps7_cortexa9_0/libsrc/gpio_v4_7/src -s include  "SHELL=CMD" "COMPILER=arm-none-eabi-gcc" "ASSEMBLER=arm-none-eabi-as" "
TRACE::2023-01-23.17:17:20::SCWBDomain::ARCHIVER=arm-none-eabi-ar" "COMPILER_FLAGS=  -O2 -c" "EXTRA_COMPILER_FLAGS=-mcpu=cortex-a9 -mfpu=vfpv3 -mfloat-abi=hard -nostar
TRACE::2023-01-23.17:17:20::SCWBDomain::tfiles -g -Wall -Wextra"

TRACE::2023-01-23.17:17:20::SCWBDomain::"Running Make include in ps7_cortexa9_0/libsrc/mycolorRegister_v1_0/src"

TRACE::2023-01-23.17:17:20::SCWBDomain::make -C ps7_cortexa9_0/libsrc/mycolorRegister_v1_0/src -s include  "SHELL=CMD" "COMPILER=arm-none-eabi-gcc" "ASSEMBLER=arm-none
TRACE::2023-01-23.17:17:20::SCWBDomain::-eabi-as" "ARCHIVER=arm-none-eabi-ar" "COMPILER_FLAGS=  -O2 -c" "EXTRA_COMPILER_FLAGS=-mcpu=cortex-a9 -mfpu=vfpv3 -mfloat-abi=h
TRACE::2023-01-23.17:17:20::SCWBDomain::ard -nostartfiles -g -Wall -Wextra"

TRACE::2023-01-23.17:17:20::SCWBDomain::"Running Make include in ps7_cortexa9_0/libsrc/pixelDataToVideoStream_v1_0/src"

TRACE::2023-01-23.17:17:20::SCWBDomain::make -C ps7_cortexa9_0/libsrc/pixelDataToVideoStream_v1_0/src -s include  "SHELL=CMD" "COMPILER=arm-none-eabi-gcc" "ASSEMBLER=a
TRACE::2023-01-23.17:17:20::SCWBDomain::rm-none-eabi-as" "ARCHIVER=arm-none-eabi-ar" "COMPILER_FLAGS=  -O2 -c" "EXTRA_COMPILER_FLAGS=-mcpu=cortex-a9 -mfpu=vfpv3 -mfloa
TRACE::2023-01-23.17:17:20::SCWBDomain::t-abi=hard -nostartfiles -g -Wall -Wextra"

TRACE::2023-01-23.17:17:20::SCWBDomain::"Running Make include in ps7_cortexa9_0/libsrc/qspips_v3_8/src"

TRACE::2023-01-23.17:17:20::SCWBDomain::make -C ps7_cortexa9_0/libsrc/qspips_v3_8/src -s include  "SHELL=CMD" "COMPILER=arm-none-eabi-gcc" "ASSEMBLER=arm-none-eabi-as"
TRACE::2023-01-23.17:17:20::SCWBDomain:: "ARCHIVER=arm-none-eabi-ar" "COMPILER_FLAGS=  -O2 -c" "EXTRA_COMPILER_FLAGS=-mcpu=cortex-a9 -mfpu=vfpv3 -mfloat-abi=hard -nost
TRACE::2023-01-23.17:17:20::SCWBDomain::artfiles -g -Wall -Wextra"

TRACE::2023-01-23.17:17:20::SCWBDomain::"Running Make include in ps7_cortexa9_0/libsrc/scugic_v4_3/src"

TRACE::2023-01-23.17:17:20::SCWBDomain::make -C ps7_cortexa9_0/libsrc/scugic_v4_3/src -s include  "SHELL=CMD" "COMPILER=arm-none-eabi-gcc" "ASSEMBLER=arm-none-eabi-as"
TRACE::2023-01-23.17:17:20::SCWBDomain:: "ARCHIVER=arm-none-eabi-ar" "COMPILER_FLAGS=  -O2 -c" "EXTRA_COMPILER_FLAGS=-mcpu=cortex-a9 -mfpu=vfpv3 -mfloat-abi=hard -nost
TRACE::2023-01-23.17:17:20::SCWBDomain::artfiles -g -Wall -Wextra"

TRACE::2023-01-23.17:17:20::SCWBDomain::"Running Make include in ps7_cortexa9_0/libsrc/scutimer_v2_3/src"

TRACE::2023-01-23.17:17:20::SCWBDomain::make -C ps7_cortexa9_0/libsrc/scutimer_v2_3/src -s include  "SHELL=CMD" "COMPILER=arm-none-eabi-gcc" "ASSEMBLER=arm-none-eabi-a
TRACE::2023-01-23.17:17:20::SCWBDomain::s" "ARCHIVER=arm-none-eabi-ar" "COMPILER_FLAGS=  -O2 -c" "EXTRA_COMPILER_FLAGS=-mcpu=cortex-a9 -mfpu=vfpv3 -mfloat-abi=hard -no
TRACE::2023-01-23.17:17:20::SCWBDomain::startfiles -g -Wall -Wextra"

TRACE::2023-01-23.17:17:20::SCWBDomain::"Running Make include in ps7_cortexa9_0/libsrc/scuwdt_v2_3/src"

TRACE::2023-01-23.17:17:20::SCWBDomain::make -C ps7_cortexa9_0/libsrc/scuwdt_v2_3/src -s include  "SHELL=CMD" "COMPILER=arm-none-eabi-gcc" "ASSEMBLER=arm-none-eabi-as"
TRACE::2023-01-23.17:17:20::SCWBDomain:: "ARCHIVER=arm-none-eabi-ar" "COMPILER_FLAGS=  -O2 -c" "EXTRA_COMPILER_FLAGS=-mcpu=cortex-a9 -mfpu=vfpv3 -mfloat-abi=hard -nost
TRACE::2023-01-23.17:17:20::SCWBDomain::artfiles -g -Wall -Wextra"

TRACE::2023-01-23.17:17:20::SCWBDomain::"Running Make include in ps7_cortexa9_0/libsrc/sdps_v3_10/src"

TRACE::2023-01-23.17:17:20::SCWBDomain::make -C ps7_cortexa9_0/libsrc/sdps_v3_10/src -s include  "SHELL=CMD" "COMPILER=arm-none-eabi-gcc" "ASSEMBLER=arm-none-eabi-as" 
TRACE::2023-01-23.17:17:20::SCWBDomain::"ARCHIVER=arm-none-eabi-ar" "COMPILER_FLAGS=  -O2 -c" "EXTRA_COMPILER_FLAGS=-mcpu=cortex-a9 -mfpu=vfpv3 -mfloat-abi=hard -nosta
TRACE::2023-01-23.17:17:20::SCWBDomain::rtfiles -g -Wall -Wextra"

TRACE::2023-01-23.17:17:20::SCWBDomain::"Running Make include in ps7_cortexa9_0/libsrc/standalone_v7_3/src"

TRACE::2023-01-23.17:17:20::SCWBDomain::make -C ps7_cortexa9_0/libsrc/standalone_v7_3/src -s include  "SHELL=CMD" "COMPILER=arm-none-eabi-gcc" "ASSEMBLER=arm-none-eabi
TRACE::2023-01-23.17:17:20::SCWBDomain::-as" "ARCHIVER=arm-none-eabi-ar" "COMPILER_FLAGS=  -O2 -c" "EXTRA_COMPILER_FLAGS=-mcpu=cortex-a9 -mfpu=vfpv3 -mfloat-abi=hard -
TRACE::2023-01-23.17:17:20::SCWBDomain::nostartfiles -g -Wall -Wextra"

TRACE::2023-01-23.17:17:20::SCWBDomain::"Running Make include in ps7_cortexa9_0/libsrc/uartps_v3_10/src"

TRACE::2023-01-23.17:17:20::SCWBDomain::make -C ps7_cortexa9_0/libsrc/uartps_v3_10/src -s include  "SHELL=CMD" "COMPILER=arm-none-eabi-gcc" "ASSEMBLER=arm-none-eabi-as
TRACE::2023-01-23.17:17:20::SCWBDomain::" "ARCHIVER=arm-none-eabi-ar" "COMPILER_FLAGS=  -O2 -c" "EXTRA_COMPILER_FLAGS=-mcpu=cortex-a9 -mfpu=vfpv3 -mfloat-abi=hard -nos
TRACE::2023-01-23.17:17:20::SCWBDomain::tartfiles -g -Wall -Wextra"

TRACE::2023-01-23.17:17:20::SCWBDomain::"Running Make include in ps7_cortexa9_0/libsrc/usbps_v2_6/src"

TRACE::2023-01-23.17:17:20::SCWBDomain::make -C ps7_cortexa9_0/libsrc/usbps_v2_6/src -s include  "SHELL=CMD" "COMPILER=arm-none-eabi-gcc" "ASSEMBLER=arm-none-eabi-as" 
TRACE::2023-01-23.17:17:20::SCWBDomain::"ARCHIVER=arm-none-eabi-ar" "COMPILER_FLAGS=  -O2 -c" "EXTRA_COMPILER_FLAGS=-mcpu=cortex-a9 -mfpu=vfpv3 -mfloat-abi=hard -nosta
TRACE::2023-01-23.17:17:20::SCWBDomain::rtfiles -g -Wall -Wextra"

TRACE::2023-01-23.17:17:20::SCWBDomain::"Running Make include in ps7_cortexa9_0/libsrc/video_common_v4_10/src"

TRACE::2023-01-23.17:17:20::SCWBDomain::make -C ps7_cortexa9_0/libsrc/video_common_v4_10/src -s include  "SHELL=CMD" "COMPILER=arm-none-eabi-gcc" "ASSEMBLER=arm-none-e
TRACE::2023-01-23.17:17:20::SCWBDomain::abi-as" "ARCHIVER=arm-none-eabi-ar" "COMPILER_FLAGS=  -O2 -c" "EXTRA_COMPILER_FLAGS=-mcpu=cortex-a9 -mfpu=vfpv3 -mfloat-abi=har
TRACE::2023-01-23.17:17:20::SCWBDomain::d -nostartfiles -g -Wall -Wextra"

TRACE::2023-01-23.17:17:20::SCWBDomain::"Running Make include in ps7_cortexa9_0/libsrc/vprocss_v2_8/src"

TRACE::2023-01-23.17:17:20::SCWBDomain::make -C ps7_cortexa9_0/libsrc/vprocss_v2_8/src -s include  "SHELL=CMD" "COMPILER=arm-none-eabi-gcc" "ASSEMBLER=arm-none-eabi-as
TRACE::2023-01-23.17:17:20::SCWBDomain::" "ARCHIVER=arm-none-eabi-ar" "COMPILER_FLAGS=  -O2 -c" "EXTRA_COMPILER_FLAGS=-mcpu=cortex-a9 -mfpu=vfpv3 -mfloat-abi=hard -nos
TRACE::2023-01-23.17:17:20::SCWBDomain::tartfiles -g -Wall -Wextra"

TRACE::2023-01-23.17:17:20::SCWBDomain::"Running Make include in ps7_cortexa9_0/libsrc/v_csc_v2_5/src"

TRACE::2023-01-23.17:17:20::SCWBDomain::make -C ps7_cortexa9_0/libsrc/v_csc_v2_5/src -s include  "SHELL=CMD" "COMPILER=arm-none-eabi-gcc" "ASSEMBLER=arm-none-eabi-as" 
TRACE::2023-01-23.17:17:20::SCWBDomain::"ARCHIVER=arm-none-eabi-ar" "COMPILER_FLAGS=  -O2 -c" "EXTRA_COMPILER_FLAGS=-mcpu=cortex-a9 -mfpu=vfpv3 -mfloat-abi=hard -nosta
TRACE::2023-01-23.17:17:20::SCWBDomain::rtfiles -g -Wall -Wextra"

TRACE::2023-01-23.17:17:20::SCWBDomain::"Running Make include in ps7_cortexa9_0/libsrc/v_deinterlacer_v7_2/src"

TRACE::2023-01-23.17:17:20::SCWBDomain::make -C ps7_cortexa9_0/libsrc/v_deinterlacer_v7_2/src -s include  "SHELL=CMD" "COMPILER=arm-none-eabi-gcc" "ASSEMBLER=arm-none-
TRACE::2023-01-23.17:17:20::SCWBDomain::eabi-as" "ARCHIVER=arm-none-eabi-ar" "COMPILER_FLAGS=  -O2 -c" "EXTRA_COMPILER_FLAGS=-mcpu=cortex-a9 -mfpu=vfpv3 -mfloat-abi=ha
TRACE::2023-01-23.17:17:20::SCWBDomain::rd -nostartfiles -g -Wall -Wextra"

TRACE::2023-01-23.17:17:20::SCWBDomain::"Running Make include in ps7_cortexa9_0/libsrc/v_hcresampler_v3_2/src"

TRACE::2023-01-23.17:17:20::SCWBDomain::make -C ps7_cortexa9_0/libsrc/v_hcresampler_v3_2/src -s include  "SHELL=CMD" "COMPILER=arm-none-eabi-gcc" "ASSEMBLER=arm-none-e
TRACE::2023-01-23.17:17:20::SCWBDomain::abi-as" "ARCHIVER=arm-none-eabi-ar" "COMPILER_FLAGS=  -O2 -c" "EXTRA_COMPILER_FLAGS=-mcpu=cortex-a9 -mfpu=vfpv3 -mfloat-abi=har
TRACE::2023-01-23.17:17:20::SCWBDomain::d -nostartfiles -g -Wall -Wextra"

TRACE::2023-01-23.17:17:20::SCWBDomain::"Running Make include in ps7_cortexa9_0/libsrc/v_hscaler_v3_4/src"

TRACE::2023-01-23.17:17:20::SCWBDomain::make -C ps7_cortexa9_0/libsrc/v_hscaler_v3_4/src -s include  "SHELL=CMD" "COMPILER=arm-none-eabi-gcc" "ASSEMBLER=arm-none-eabi-
TRACE::2023-01-23.17:17:20::SCWBDomain::as" "ARCHIVER=arm-none-eabi-ar" "COMPILER_FLAGS=  -O2 -c" "EXTRA_COMPILER_FLAGS=-mcpu=cortex-a9 -mfpu=vfpv3 -mfloat-abi=hard -n
TRACE::2023-01-23.17:17:20::SCWBDomain::ostartfiles -g -Wall -Wextra"

TRACE::2023-01-23.17:17:20::SCWBDomain::"Running Make include in ps7_cortexa9_0/libsrc/v_letterbox_v2_3/src"

TRACE::2023-01-23.17:17:20::SCWBDomain::make -C ps7_cortexa9_0/libsrc/v_letterbox_v2_3/src -s include  "SHELL=CMD" "COMPILER=arm-none-eabi-gcc" "ASSEMBLER=arm-none-eab
TRACE::2023-01-23.17:17:20::SCWBDomain::i-as" "ARCHIVER=arm-none-eabi-ar" "COMPILER_FLAGS=  -O2 -c" "EXTRA_COMPILER_FLAGS=-mcpu=cortex-a9 -mfpu=vfpv3 -mfloat-abi=hard 
TRACE::2023-01-23.17:17:20::SCWBDomain::-nostartfiles -g -Wall -Wextra"

TRACE::2023-01-23.17:17:20::SCWBDomain::"Running Make include in ps7_cortexa9_0/libsrc/v_vcresampler_v3_2/src"

TRACE::2023-01-23.17:17:20::SCWBDomain::make -C ps7_cortexa9_0/libsrc/v_vcresampler_v3_2/src -s include  "SHELL=CMD" "COMPILER=arm-none-eabi-gcc" "ASSEMBLER=arm-none-e
TRACE::2023-01-23.17:17:20::SCWBDomain::abi-as" "ARCHIVER=arm-none-eabi-ar" "COMPILER_FLAGS=  -O2 -c" "EXTRA_COMPILER_FLAGS=-mcpu=cortex-a9 -mfpu=vfpv3 -mfloat-abi=har
TRACE::2023-01-23.17:17:20::SCWBDomain::d -nostartfiles -g -Wall -Wextra"

TRACE::2023-01-23.17:17:20::SCWBDomain::"Running Make include in ps7_cortexa9_0/libsrc/v_vscaler_v3_2/src"

TRACE::2023-01-23.17:17:20::SCWBDomain::make -C ps7_cortexa9_0/libsrc/v_vscaler_v3_2/src -s include  "SHELL=CMD" "COMPILER=arm-none-eabi-gcc" "ASSEMBLER=arm-none-eabi-
TRACE::2023-01-23.17:17:20::SCWBDomain::as" "ARCHIVER=arm-none-eabi-ar" "COMPILER_FLAGS=  -O2 -c" "EXTRA_COMPILER_FLAGS=-mcpu=cortex-a9 -mfpu=vfpv3 -mfloat-abi=hard -n
TRACE::2023-01-23.17:17:20::SCWBDomain::ostartfiles -g -Wall -Wextra"

TRACE::2023-01-23.17:17:20::SCWBDomain::"Running Make include in ps7_cortexa9_0/libsrc/xadcps_v2_5/src"

TRACE::2023-01-23.17:17:20::SCWBDomain::make -C ps7_cortexa9_0/libsrc/xadcps_v2_5/src -s include  "SHELL=CMD" "COMPILER=arm-none-eabi-gcc" "ASSEMBLER=arm-none-eabi-as"
TRACE::2023-01-23.17:17:20::SCWBDomain:: "ARCHIVER=arm-none-eabi-ar" "COMPILER_FLAGS=  -O2 -c" "EXTRA_COMPILER_FLAGS=-mcpu=cortex-a9 -mfpu=vfpv3 -mfloat-abi=hard -nost
TRACE::2023-01-23.17:17:20::SCWBDomain::artfiles -g -Wall -Wextra"

TRACE::2023-01-23.17:17:20::SCWBDomain::"Running Make include in ps7_cortexa9_0/libsrc/xilffs_v4_4/src"

TRACE::2023-01-23.17:17:20::SCWBDomain::make -C ps7_cortexa9_0/libsrc/xilffs_v4_4/src -s include  "SHELL=CMD" "COMPILER=arm-none-eabi-gcc" "ASSEMBLER=arm-none-eabi-as"
TRACE::2023-01-23.17:17:20::SCWBDomain:: "ARCHIVER=arm-none-eabi-ar" "COMPILER_FLAGS=  -O2 -c" "EXTRA_COMPILER_FLAGS=-mcpu=cortex-a9 -mfpu=vfpv3 -mfloat-abi=hard -nost
TRACE::2023-01-23.17:17:20::SCWBDomain::artfiles -g -Wall -Wextra"

TRACE::2023-01-23.17:17:20::SCWBDomain::"Running Make include in ps7_cortexa9_0/libsrc/xilrsa_v1_6/src"

TRACE::2023-01-23.17:17:20::SCWBDomain::make -C ps7_cortexa9_0/libsrc/xilrsa_v1_6/src -s include  "SHELL=CMD" "COMPILER=arm-none-eabi-gcc" "ASSEMBLER=arm-none-eabi-as"
TRACE::2023-01-23.17:17:20::SCWBDomain:: "ARCHIVER=arm-none-eabi-ar" "COMPILER_FLAGS=  -O2 -c" "EXTRA_COMPILER_FLAGS=-mcpu=cortex-a9 -mfpu=vfpv3 -mfloat-abi=hard -nost
TRACE::2023-01-23.17:17:20::SCWBDomain::artfiles -g -Wall -Wextra"

TRACE::2023-01-23.17:17:20::SCWBDomain::"Running Make libs in ps7_cortexa9_0/libsrc/axis_switch_v1_4/src"

TRACE::2023-01-23.17:17:20::SCWBDomain::make -C ps7_cortexa9_0/libsrc/axis_switch_v1_4/src -s libs  "SHELL=CMD" "COMPILER=arm-none-eabi-gcc" "ASSEMBLER=arm-none-eabi-a
TRACE::2023-01-23.17:17:20::SCWBDomain::s" "ARCHIVER=arm-none-eabi-ar" "COMPILER_FLAGS=  -O2 -c" "EXTRA_COMPILER_FLAGS=-mcpu=cortex-a9 -mfpu=vfpv3 -mfloat-abi=hard -no
TRACE::2023-01-23.17:17:20::SCWBDomain::startfiles -g -Wall -Wextra"

TRACE::2023-01-23.17:17:20::SCWBDomain::"Running Make libs in ps7_cortexa9_0/libsrc/axivdma_v6_8/src"

TRACE::2023-01-23.17:17:20::SCWBDomain::make -C ps7_cortexa9_0/libsrc/axivdma_v6_8/src -s libs  "SHELL=CMD" "COMPILER=arm-none-eabi-gcc" "ASSEMBLER=arm-none-eabi-as" "
TRACE::2023-01-23.17:17:20::SCWBDomain::ARCHIVER=arm-none-eabi-ar" "COMPILER_FLAGS=  -O2 -c" "EXTRA_COMPILER_FLAGS=-mcpu=cortex-a9 -mfpu=vfpv3 -mfloat-abi=hard -nostar
TRACE::2023-01-23.17:17:20::SCWBDomain::tfiles -g -Wall -Wextra"

TRACE::2023-01-23.17:17:20::SCWBDomain::"Running Make libs in ps7_cortexa9_0/libsrc/coresightps_dcc_v1_8/src"

TRACE::2023-01-23.17:17:20::SCWBDomain::make -C ps7_cortexa9_0/libsrc/coresightps_dcc_v1_8/src -s libs  "SHELL=CMD" "COMPILER=arm-none-eabi-gcc" "ASSEMBLER=arm-none-ea
TRACE::2023-01-23.17:17:20::SCWBDomain::bi-as" "ARCHIVER=arm-none-eabi-ar" "COMPILER_FLAGS=  -O2 -c" "EXTRA_COMPILER_FLAGS=-mcpu=cortex-a9 -mfpu=vfpv3 -mfloat-abi=hard
TRACE::2023-01-23.17:17:20::SCWBDomain:: -nostartfiles -g -Wall -Wextra"

TRACE::2023-01-23.17:17:20::SCWBDomain::"Running Make libs in ps7_cortexa9_0/libsrc/cpu_cortexa9_v2_10/src"

TRACE::2023-01-23.17:17:20::SCWBDomain::make -C ps7_cortexa9_0/libsrc/cpu_cortexa9_v2_10/src -s libs  "SHELL=CMD" "COMPILER=arm-none-eabi-gcc" "ASSEMBLER=arm-none-eabi
TRACE::2023-01-23.17:17:20::SCWBDomain::-as" "ARCHIVER=arm-none-eabi-ar" "COMPILER_FLAGS=  -O2 -c" "EXTRA_COMPILER_FLAGS=-mcpu=cortex-a9 -mfpu=vfpv3 -mfloat-abi=hard -
TRACE::2023-01-23.17:17:20::SCWBDomain::nostartfiles -g -Wall -Wextra"

TRACE::2023-01-23.17:17:20::SCWBDomain::"Running Make libs in ps7_cortexa9_0/libsrc/ddrps_v1_2/src"

TRACE::2023-01-23.17:17:20::SCWBDomain::make -C ps7_cortexa9_0/libsrc/ddrps_v1_2/src -s libs  "SHELL=CMD" "COMPILER=arm-none-eabi-gcc" "ASSEMBLER=arm-none-eabi-as" "AR
TRACE::2023-01-23.17:17:20::SCWBDomain::CHIVER=arm-none-eabi-ar" "COMPILER_FLAGS=  -O2 -c" "EXTRA_COMPILER_FLAGS=-mcpu=cortex-a9 -mfpu=vfpv3 -mfloat-abi=hard -nostartf
TRACE::2023-01-23.17:17:20::SCWBDomain::iles -g -Wall -Wextra"

TRACE::2023-01-23.17:17:20::SCWBDomain::"Running Make libs in ps7_cortexa9_0/libsrc/devcfg_v3_7/src"

TRACE::2023-01-23.17:17:20::SCWBDomain::make -C ps7_cortexa9_0/libsrc/devcfg_v3_7/src -s libs  "SHELL=CMD" "COMPILER=arm-none-eabi-gcc" "ASSEMBLER=arm-none-eabi-as" "A
TRACE::2023-01-23.17:17:20::SCWBDomain::RCHIVER=arm-none-eabi-ar" "COMPILER_FLAGS=  -O2 -c" "EXTRA_COMPILER_FLAGS=-mcpu=cortex-a9 -mfpu=vfpv3 -mfloat-abi=hard -nostart
TRACE::2023-01-23.17:17:20::SCWBDomain::files -g -Wall -Wextra"

TRACE::2023-01-23.17:17:20::SCWBDomain::"Running Make libs in ps7_cortexa9_0/libsrc/dmaps_v2_7/src"

TRACE::2023-01-23.17:17:20::SCWBDomain::make -C ps7_cortexa9_0/libsrc/dmaps_v2_7/src -s libs  "SHELL=CMD" "COMPILER=arm-none-eabi-gcc" "ASSEMBLER=arm-none-eabi-as" "AR
TRACE::2023-01-23.17:17:20::SCWBDomain::CHIVER=arm-none-eabi-ar" "COMPILER_FLAGS=  -O2 -c" "EXTRA_COMPILER_FLAGS=-mcpu=cortex-a9 -mfpu=vfpv3 -mfloat-abi=hard -nostartf
TRACE::2023-01-23.17:17:20::SCWBDomain::iles -g -Wall -Wextra"

TRACE::2023-01-23.17:17:20::SCWBDomain::"Running Make libs in ps7_cortexa9_0/libsrc/emacps_v3_12/src"

TRACE::2023-01-23.17:17:20::SCWBDomain::make -C ps7_cortexa9_0/libsrc/emacps_v3_12/src -s libs  "SHELL=CMD" "COMPILER=arm-none-eabi-gcc" "ASSEMBLER=arm-none-eabi-as" "
TRACE::2023-01-23.17:17:20::SCWBDomain::ARCHIVER=arm-none-eabi-ar" "COMPILER_FLAGS=  -O2 -c" "EXTRA_COMPILER_FLAGS=-mcpu=cortex-a9 -mfpu=vfpv3 -mfloat-abi=hard -nostar
TRACE::2023-01-23.17:17:20::SCWBDomain::tfiles -g -Wall -Wextra"

TRACE::2023-01-23.17:17:20::SCWBDomain::"Running Make libs in ps7_cortexa9_0/libsrc/gpiops_v3_8/src"

TRACE::2023-01-23.17:17:21::SCWBDomain::make -C ps7_cortexa9_0/libsrc/gpiops_v3_8/src -s libs  "SHELL=CMD" "COMPILER=arm-none-eabi-gcc" "ASSEMBLER=arm-none-eabi-as" "A
TRACE::2023-01-23.17:17:21::SCWBDomain::RCHIVER=arm-none-eabi-ar" "COMPILER_FLAGS=  -O2 -c" "EXTRA_COMPILER_FLAGS=-mcpu=cortex-a9 -mfpu=vfpv3 -mfloat-abi=hard -nostart
TRACE::2023-01-23.17:17:21::SCWBDomain::files -g -Wall -Wextra"

TRACE::2023-01-23.17:17:21::SCWBDomain::"Running Make libs in ps7_cortexa9_0/libsrc/gpio_v4_7/src"

TRACE::2023-01-23.17:17:21::SCWBDomain::make -C ps7_cortexa9_0/libsrc/gpio_v4_7/src -s libs  "SHELL=CMD" "COMPILER=arm-none-eabi-gcc" "ASSEMBLER=arm-none-eabi-as" "ARC
TRACE::2023-01-23.17:17:21::SCWBDomain::HIVER=arm-none-eabi-ar" "COMPILER_FLAGS=  -O2 -c" "EXTRA_COMPILER_FLAGS=-mcpu=cortex-a9 -mfpu=vfpv3 -mfloat-abi=hard -nostartfi
TRACE::2023-01-23.17:17:21::SCWBDomain::les -g -Wall -Wextra"

TRACE::2023-01-23.17:17:21::SCWBDomain::"Running Make libs in ps7_cortexa9_0/libsrc/qspips_v3_8/src"

TRACE::2023-01-23.17:17:21::SCWBDomain::make -C ps7_cortexa9_0/libsrc/qspips_v3_8/src -s libs  "SHELL=CMD" "COMPILER=arm-none-eabi-gcc" "ASSEMBLER=arm-none-eabi-as" "A
TRACE::2023-01-23.17:17:21::SCWBDomain::RCHIVER=arm-none-eabi-ar" "COMPILER_FLAGS=  -O2 -c" "EXTRA_COMPILER_FLAGS=-mcpu=cortex-a9 -mfpu=vfpv3 -mfloat-abi=hard -nostart
TRACE::2023-01-23.17:17:21::SCWBDomain::files -g -Wall -Wextra"

TRACE::2023-01-23.17:17:21::SCWBDomain::"Running Make libs in ps7_cortexa9_0/libsrc/scugic_v4_3/src"

TRACE::2023-01-23.17:17:21::SCWBDomain::"Running Make libs in ps7_cortexa9_0/libsrc/scutimer_v2_3/src"

TRACE::2023-01-23.17:17:21::SCWBDomain::make -C ps7_cortexa9_0/libsrc/scugic_v4_3/src -s libs  "SHELL=CMD" "COMPILER=arm-none-eabi-gcc" "ASSEMBLER=arm-none-eabi-as" "A
TRACE::2023-01-23.17:17:21::SCWBDomain::RCHIVER=arm-none-eabi-ar" "COMPILER_FLAGS=  -O2 -c" "EXTRA_COMPILER_FLAGS=-mcpu=cortex-a9 -mfpu=vfpv3 -mfloat-abi=hard -nostart
TRACE::2023-01-23.17:17:21::SCWBDomain::files -g -Wall -Wextra"

TRACE::2023-01-23.17:17:21::SCWBDomain::"Running Make libs in ps7_cortexa9_0/libsrc/scuwdt_v2_3/src"

TRACE::2023-01-23.17:17:21::SCWBDomain::make -C ps7_cortexa9_0/libsrc/scutimer_v2_3/src -s libs  "SHELL=CMD" "COMPILER=arm-none-eabi-gcc" "ASSEMBLER=arm-none-eabi-as" 
TRACE::2023-01-23.17:17:21::SCWBDomain::"ARCHIVER=arm-none-eabi-ar" "COMPILER_FLAGS=  -O2 -c" "EXTRA_COMPILER_FLAGS=-mcpu=cortex-a9 -mfpu=vfpv3 -mfloat-abi=hard -nosta
TRACE::2023-01-23.17:17:21::SCWBDomain::rtfiles -g -Wall -Wextra"

TRACE::2023-01-23.17:17:21::SCWBDomain::make -C ps7_cortexa9_0/libsrc/scuwdt_v2_3/src -s libs  "SHELL=CMD" "COMPILER=arm-none-eabi-gcc" "ASSEMBLER=arm-none-eabi-as" "A
TRACE::2023-01-23.17:17:21::SCWBDomain::RCHIVER=arm-none-eabi-ar" "COMPILER_FLAGS=  -O2 -c" "EXTRA_COMPILER_FLAGS=-mcpu=cortex-a9 -mfpu=vfpv3 -mfloat-abi=hard -nostart
TRACE::2023-01-23.17:17:21::SCWBDomain::files -g -Wall -Wextra"

TRACE::2023-01-23.17:17:21::SCWBDomain::"Running Make libs in ps7_cortexa9_0/libsrc/sdps_v3_10/src"

TRACE::2023-01-23.17:17:21::SCWBDomain::"Running Make libs in ps7_cortexa9_0/libsrc/standalone_v7_3/src"

TRACE::2023-01-23.17:17:21::SCWBDomain::make -C ps7_cortexa9_0/libsrc/sdps_v3_10/src -s libs  "SHELL=CMD" "COMPILER=arm-none-eabi-gcc" "ASSEMBLER=arm-none-eabi-as" "AR
TRACE::2023-01-23.17:17:21::SCWBDomain::CHIVER=arm-none-eabi-ar" "COMPILER_FLAGS=  -O2 -c" "EXTRA_COMPILER_FLAGS=-mcpu=cortex-a9 -mfpu=vfpv3 -mfloat-abi=hard -nostartf
TRACE::2023-01-23.17:17:21::SCWBDomain::iles -g -Wall -Wextra"

TRACE::2023-01-23.17:17:21::SCWBDomain::make -C ps7_cortexa9_0/libsrc/standalone_v7_3/src -s libs  "SHELL=CMD" "COMPILER=arm-none-eabi-gcc" "ASSEMBLER=arm-none-eabi-as
TRACE::2023-01-23.17:17:21::SCWBDomain::" "ARCHIVER=arm-none-eabi-ar" "COMPILER_FLAGS=  -O2 -c" "EXTRA_COMPILER_FLAGS=-mcpu=cortex-a9 -mfpu=vfpv3 -mfloat-abi=hard -nos
TRACE::2023-01-23.17:17:21::SCWBDomain::tartfiles -g -Wall -Wextra"

TRACE::2023-01-23.17:17:21::SCWBDomain::"Running Make libs in ps7_cortexa9_0/libsrc/uartps_v3_10/src"

TRACE::2023-01-23.17:17:21::SCWBDomain::make -C ps7_cortexa9_0/libsrc/uartps_v3_10/src -s libs  "SHELL=CMD" "COMPILER=arm-none-eabi-gcc" "ASSEMBLER=arm-none-eabi-as" "
TRACE::2023-01-23.17:17:21::SCWBDomain::ARCHIVER=arm-none-eabi-ar" "COMPILER_FLAGS=  -O2 -c" "EXTRA_COMPILER_FLAGS=-mcpu=cortex-a9 -mfpu=vfpv3 -mfloat-abi=hard -nostar
TRACE::2023-01-23.17:17:21::SCWBDomain::tfiles -g -Wall -Wextra"

TRACE::2023-01-23.17:17:21::SCWBDomain::"Running Make libs in ps7_cortexa9_0/libsrc/usbps_v2_6/src"

TRACE::2023-01-23.17:17:21::SCWBDomain::make -C ps7_cortexa9_0/libsrc/usbps_v2_6/src -s libs  "SHELL=CMD" "COMPILER=arm-none-eabi-gcc" "ASSEMBLER=arm-none-eabi-as" "AR
TRACE::2023-01-23.17:17:21::SCWBDomain::CHIVER=arm-none-eabi-ar" "COMPILER_FLAGS=  -O2 -c" "EXTRA_COMPILER_FLAGS=-mcpu=cortex-a9 -mfpu=vfpv3 -mfloat-abi=hard -nostartf
TRACE::2023-01-23.17:17:21::SCWBDomain::iles -g -Wall -Wextra"

TRACE::2023-01-23.17:17:21::SCWBDomain::"Running Make libs in ps7_cortexa9_0/libsrc/video_common_v4_10/src"

TRACE::2023-01-23.17:17:21::SCWBDomain::make -C ps7_cortexa9_0/libsrc/video_common_v4_10/src -s libs  "SHELL=CMD" "COMPILER=arm-none-eabi-gcc" "ASSEMBLER=arm-none-eabi
TRACE::2023-01-23.17:17:21::SCWBDomain::-as" "ARCHIVER=arm-none-eabi-ar" "COMPILER_FLAGS=  -O2 -c" "EXTRA_COMPILER_FLAGS=-mcpu=cortex-a9 -mfpu=vfpv3 -mfloat-abi=hard -
TRACE::2023-01-23.17:17:21::SCWBDomain::nostartfiles -g -Wall -Wextra"

TRACE::2023-01-23.17:17:21::SCWBDomain::"Running Make libs in ps7_cortexa9_0/libsrc/vprocss_v2_8/src"

TRACE::2023-01-23.17:17:21::SCWBDomain::"Running Make libs in ps7_cortexa9_0/libsrc/v_csc_v2_5/src"

TRACE::2023-01-23.17:17:21::SCWBDomain::"Running Make libs in ps7_cortexa9_0/libsrc/v_deinterlacer_v7_2/src"

TRACE::2023-01-23.17:17:22::SCWBDomain::"Running Make libs in ps7_cortexa9_0/libsrc/v_hcresampler_v3_2/src"

TRACE::2023-01-23.17:17:22::SCWBDomain::make -C ps7_cortexa9_0/libsrc/vprocss_v2_8/src -s libs  "SHELL=CMD" "COMPILER=arm-none-eabi-gcc" "ASSEMBLER=arm-none-eabi-as" "
TRACE::2023-01-23.17:17:22::SCWBDomain::ARCHIVER=arm-none-eabi-ar" "COMPILER_FLAGS=  -O2 -c" "EXTRA_COMPILER_FLAGS=-mcpu=cortex-a9 -mfpu=vfpv3 -mfloat-abi=hard -nostar
TRACE::2023-01-23.17:17:22::SCWBDomain::tfiles -g -Wall -Wextra"

TRACE::2023-01-23.17:17:22::SCWBDomain::make -C ps7_cortexa9_0/libsrc/v_csc_v2_5/src -s libs  "SHELL=CMD" "COMPILER=arm-none-eabi-gcc" "ASSEMBLER=arm-none-eabi-as" "AR
TRACE::2023-01-23.17:17:22::SCWBDomain::CHIVER=arm-none-eabi-ar" "COMPILER_FLAGS=  -O2 -c" "EXTRA_COMPILER_FLAGS=-mcpu=cortex-a9 -mfpu=vfpv3 -mfloat-abi=hard -nostartf
TRACE::2023-01-23.17:17:22::SCWBDomain::iles -g -Wall -Wextra"

TRACE::2023-01-23.17:17:22::SCWBDomain::make -C ps7_cortexa9_0/libsrc/v_deinterlacer_v7_2/src -s libs  "SHELL=CMD" "COMPILER=arm-none-eabi-gcc" "ASSEMBLER=arm-none-eab
TRACE::2023-01-23.17:17:22::SCWBDomain::i-as" "ARCHIVER=arm-none-eabi-ar" "COMPILER_FLAGS=  -O2 -c" "EXTRA_COMPILER_FLAGS=-mcpu=cortex-a9 -mfpu=vfpv3 -mfloat-abi=hard 
TRACE::2023-01-23.17:17:22::SCWBDomain::-nostartfiles -g -Wall -Wextra"

TRACE::2023-01-23.17:17:22::SCWBDomain::make -C ps7_cortexa9_0/libsrc/v_hcresampler_v3_2/src -s libs  "SHELL=CMD" "COMPILER=arm-none-eabi-gcc" "ASSEMBLER=arm-none-eabi
TRACE::2023-01-23.17:17:22::SCWBDomain::-as" "ARCHIVER=arm-none-eabi-ar" "COMPILER_FLAGS=  -O2 -c" "EXTRA_COMPILER_FLAGS=-mcpu=cortex-a9 -mfpu=vfpv3 -mfloat-abi=hard -
TRACE::2023-01-23.17:17:22::SCWBDomain::nostartfiles -g -Wall -Wextra"

TRACE::2023-01-23.17:17:22::SCWBDomain::"Running Make libs in ps7_cortexa9_0/libsrc/v_hscaler_v3_4/src"

TRACE::2023-01-23.17:17:22::SCWBDomain::make -C ps7_cortexa9_0/libsrc/v_hscaler_v3_4/src -s libs  "SHELL=CMD" "COMPILER=arm-none-eabi-gcc" "ASSEMBLER=arm-none-eabi-as"
TRACE::2023-01-23.17:17:22::SCWBDomain:: "ARCHIVER=arm-none-eabi-ar" "COMPILER_FLAGS=  -O2 -c" "EXTRA_COMPILER_FLAGS=-mcpu=cortex-a9 -mfpu=vfpv3 -mfloat-abi=hard -nost
TRACE::2023-01-23.17:17:22::SCWBDomain::artfiles -g -Wall -Wextra"

TRACE::2023-01-23.17:17:22::SCWBDomain::"Running Make libs in ps7_cortexa9_0/libsrc/v_letterbox_v2_3/src"

TRACE::2023-01-23.17:17:22::SCWBDomain::"Running Make libs in ps7_cortexa9_0/libsrc/v_vscaler_v3_2/src"

TRACE::2023-01-23.17:17:22::SCWBDomain::"Running Make libs in ps7_cortexa9_0/libsrc/v_vcresampler_v3_2/src"

TRACE::2023-01-23.17:17:22::SCWBDomain::make -C ps7_cortexa9_0/libsrc/v_letterbox_v2_3/src -s libs  "SHELL=CMD" "COMPILER=arm-none-eabi-gcc" "ASSEMBLER=arm-none-eabi-a
TRACE::2023-01-23.17:17:22::SCWBDomain::s" "ARCHIVER=arm-none-eabi-ar" "COMPILER_FLAGS=  -O2 -c" "EXTRA_COMPILER_FLAGS=-mcpu=cortex-a9 -mfpu=vfpv3 -mfloat-abi=hard -no
TRACE::2023-01-23.17:17:22::SCWBDomain::startfiles -g -Wall -Wextra"

TRACE::2023-01-23.17:17:22::SCWBDomain::make -C ps7_cortexa9_0/libsrc/v_vcresampler_v3_2/src -s libs  "SHELL=CMD" "COMPILER=arm-none-eabi-gcc" "ASSEMBLER=arm-none-eabi
TRACE::2023-01-23.17:17:22::SCWBDomain::-as" "ARCHIVER=arm-none-eabi-ar" "COMPILER_FLAGS=  -O2 -c" "EXTRA_COMPILER_FLAGS=-mcpu=cortex-a9 -mfpu=vfpv3 -mfloat-abi=hard -
TRACE::2023-01-23.17:17:22::SCWBDomain::nostartfiles -g -Wall -Wextra"

TRACE::2023-01-23.17:17:22::SCWBDomain::make -C ps7_cortexa9_0/libsrc/v_vscaler_v3_2/src -s libs  "SHELL=CMD" "COMPILER=arm-none-eabi-gcc" "ASSEMBLER=arm-none-eabi-as"
TRACE::2023-01-23.17:17:22::SCWBDomain:: "ARCHIVER=arm-none-eabi-ar" "COMPILER_FLAGS=  -O2 -c" "EXTRA_COMPILER_FLAGS=-mcpu=cortex-a9 -mfpu=vfpv3 -mfloat-abi=hard -nost
TRACE::2023-01-23.17:17:22::SCWBDomain::artfiles -g -Wall -Wextra"

TRACE::2023-01-23.17:17:22::SCWBDomain::"Running Make libs in ps7_cortexa9_0/libsrc/xadcps_v2_5/src"

TRACE::2023-01-23.17:17:22::SCWBDomain::make -C ps7_cortexa9_0/libsrc/xadcps_v2_5/src -s libs  "SHELL=CMD" "COMPILER=arm-none-eabi-gcc" "ASSEMBLER=arm-none-eabi-as" "A
TRACE::2023-01-23.17:17:22::SCWBDomain::RCHIVER=arm-none-eabi-ar" "COMPILER_FLAGS=  -O2 -c" "EXTRA_COMPILER_FLAGS=-mcpu=cortex-a9 -mfpu=vfpv3 -mfloat-abi=hard -nostart
TRACE::2023-01-23.17:17:22::SCWBDomain::files -g -Wall -Wextra"

TRACE::2023-01-23.17:17:22::SCWBDomain::"Running Make libs in ps7_cortexa9_0/libsrc/xilffs_v4_4/src"

TRACE::2023-01-23.17:17:23::SCWBDomain::make -C ps7_cortexa9_0/libsrc/xilffs_v4_4/src -s libs  "SHELL=CMD" "COMPILER=arm-none-eabi-gcc" "ASSEMBLER=arm-none-eabi-as" "A
TRACE::2023-01-23.17:17:23::SCWBDomain::RCHIVER=arm-none-eabi-ar" "COMPILER_FLAGS=  -O2 -c" "EXTRA_COMPILER_FLAGS=-mcpu=cortex-a9 -mfpu=vfpv3 -mfloat-abi=hard -nostart
TRACE::2023-01-23.17:17:23::SCWBDomain::files -g -Wall -Wextra"

TRACE::2023-01-23.17:17:24::SCWBDomain::'Finished building libraries parallelly.'

TRACE::2023-01-23.17:17:24::SCWBDomain::make --no-print-directory archive

TRACE::2023-01-23.17:17:24::SCWBDomain::arm-none-eabi-ar -r  ps7_cortexa9_0/lib/libxil.a ps7_cortexa9_0/lib/xadcps_selftest.o ps7_cortexa9_0/lib/xvprocss_sinit.o ps7_c
TRACE::2023-01-23.17:17:24::SCWBDomain::ortexa9_0/lib/xv_hcresampler_coeff.o ps7_cortexa9_0/lib/xv_vscaler_sinit.o ps7_cortexa9_0/lib/xplatform_info.o ps7_cortexa9_0/l
TRACE::2023-01-23.17:17:24::SCWBDomain::ib/xil_mmu.o ps7_cortexa9_0/lib/xv_hscaler_sinit.o ps7_cortexa9_0/lib/isatty.o ps7_cortexa9_0/lib/xusbps_sinit.o ps7_cortexa9_0
TRACE::2023-01-23.17:17:24::SCWBDomain::/lib/xdevcfg_hw.o ps7_cortexa9_0/lib/xil_sleeptimer.o ps7_cortexa9_0/lib/xgpio_sinit.o ps7_cortexa9_0/lib/xqspips_options.o ps7
TRACE::2023-01-23.17:17:24::SCWBDomain::_cortexa9_0/lib/xvidc_timings_table.o ps7_cortexa9_0/lib/xdmaps_g.o ps7_cortexa9_0/lib/xscutimer_g.o ps7_cortexa9_0/lib/xsdps_o
TRACE::2023-01-23.17:17:24::SCWBDomain::ptions.o ps7_cortexa9_0/lib/xv_deinterlacer.o ps7_cortexa9_0/lib/xil_misc_psreset_api.o ps7_cortexa9_0/lib/xdmaps_sinit.o ps7_c
TRACE::2023-01-23.17:17:24::SCWBDomain::ortexa9_0/lib/xscutimer_sinit.o ps7_cortexa9_0/lib/xemacps_hw.o ps7_cortexa9_0/lib/inbyte.o ps7_cortexa9_0/lib/xdmaps_selftest.
TRACE::2023-01-23.17:17:24::SCWBDomain::o ps7_cortexa9_0/lib/xscutimer_selftest.o ps7_cortexa9_0/lib/putnum.o ps7_cortexa9_0/lib/xqspips_hw.o ps7_cortexa9_0/lib/xgpiop
TRACE::2023-01-23.17:17:24::SCWBDomain::s_g.o ps7_cortexa9_0/lib/xsdps.o ps7_cortexa9_0/lib/close.o ps7_cortexa9_0/lib/xv_deinterlacer_l2.o ps7_cortexa9_0/lib/xemacps_
TRACE::2023-01-23.17:17:24::SCWBDomain::g.o ps7_cortexa9_0/lib/xgpiops_sinit.o ps7_cortexa9_0/lib/xvprocss_coreinit.o ps7_cortexa9_0/lib/xgpiops_selftest.o ps7_cortexa
TRACE::2023-01-23.17:17:24::SCWBDomain::9_0/lib/xgpio_g.o ps7_cortexa9_0/lib/xscuwdt.o ps7_cortexa9_0/lib/xv_hcresampler_linux.o ps7_cortexa9_0/lib/xaxivdma_g.o ps7_co
TRACE::2023-01-23.17:17:24::SCWBDomain::rtexa9_0/lib/xv_csc_l2.o ps7_cortexa9_0/lib/xil_mem.o ps7_cortexa9_0/lib/xaxivdma_sinit.o ps7_cortexa9_0/lib/xv_hscaler.o ps7_c
TRACE::2023-01-23.17:17:24::SCWBDomain::ortexa9_0/lib/xgpio_selftest.o ps7_cortexa9_0/lib/xaxivdma_selftest.o ps7_cortexa9_0/lib/xil_printf.o ps7_cortexa9_0/lib/kill.o
TRACE::2023-01-23.17:17:24::SCWBDomain:: ps7_cortexa9_0/lib/xadcps.o ps7_cortexa9_0/lib/xuartps_sinit.o ps7_cortexa9_0/lib/xaxis_switch_g.o ps7_cortexa9_0/lib/xuartps_
TRACE::2023-01-23.17:17:24::SCWBDomain::selftest.o ps7_cortexa9_0/lib/xuartps_g.o ps7_cortexa9_0/lib/outbyte.o ps7_cortexa9_0/lib/lseek.o ps7_cortexa9_0/lib/xv_vcresam
TRACE::2023-01-23.17:17:24::SCWBDomain::pler_sinit.o ps7_cortexa9_0/lib/xusbps_hw.o ps7_cortexa9_0/lib/xv_vcresampler_linux.o ps7_cortexa9_0/lib/xl2cc_counter.o ps7_co
TRACE::2023-01-23.17:17:24::SCWBDomain::rtexa9_0/lib/xv_deinterlacer_linux.o ps7_cortexa9_0/lib/asm_vectors.o ps7_cortexa9_0/lib/usleep.o ps7_cortexa9_0/lib/abort.o ps
TRACE::2023-01-23.17:17:24::SCWBDomain::7_cortexa9_0/lib/xscugic_intr.o ps7_cortexa9_0/lib/getpid.o ps7_cortexa9_0/lib/xil_testcache.o ps7_cortexa9_0/lib/xdevcfg_sinit
TRACE::2023-01-23.17:17:24::SCWBDomain::.o ps7_cortexa9_0/lib/xdmaps.o ps7_cortexa9_0/lib/xscutimer.o ps7_cortexa9_0/lib/xv_hscaler_linux.o ps7_cortexa9_0/lib/xdevcfg_
TRACE::2023-01-23.17:17:24::SCWBDomain::selftest.o ps7_cortexa9_0/lib/xpm_counter.o ps7_cortexa9_0/lib/xv_vcresampler_g.o ps7_cortexa9_0/lib/_sbrk.o ps7_cortexa9_0/lib
TRACE::2023-01-23.17:17:24::SCWBDomain::/xemacps_sinit.o ps7_cortexa9_0/lib/xusbps_endpoint.o ps7_cortexa9_0/lib/xqspips_g.o ps7_cortexa9_0/lib/xgpiops.o ps7_cortexa9_
TRACE::2023-01-23.17:17:24::SCWBDomain::0/lib/xusbps_g.o ps7_cortexa9_0/lib/xsdps_sinit.o ps7_cortexa9_0/lib/xvprocss.o ps7_cortexa9_0/lib/xv_vscaler_g.o ps7_cortexa9_
TRACE::2023-01-23.17:17:24::SCWBDomain::0/lib/xv_vcresampler_coeff.o ps7_cortexa9_0/lib/xqspips_selftest.o ps7_cortexa9_0/lib/xil_exception.o ps7_cortexa9_0/lib/xsdps_
TRACE::2023-01-23.17:17:24::SCWBDomain::g.o ps7_cortexa9_0/lib/xgpio.o ps7_cortexa9_0/lib/xil_testmem.o ps7_cortexa9_0/lib/xaxivdma.o ps7_cortexa9_0/lib/xemacps_contro
TRACE::2023-01-23.17:17:24::SCWBDomain::l.o ps7_cortexa9_0/lib/open.o ps7_cortexa9_0/lib/xaxis_switch_selftest.o ps7_cortexa9_0/lib/xil_assert.o ps7_cortexa9_0/lib/xax
TRACE::2023-01-23.17:17:24::SCWBDomain::ivdma_intr.o ps7_cortexa9_0/lib/xv_letterbox_linux.o ps7_cortexa9_0/lib/xusbps_intr.o ps7_cortexa9_0/lib/xv_vscaler_coeff.o ps7
TRACE::2023-01-23.17:17:24::SCWBDomain::_cortexa9_0/lib/xvidc.o ps7_cortexa9_0/lib/xsdps_host.o ps7_cortexa9_0/lib/xcoresightpsdcc.o ps7_cortexa9_0/lib/xv_csc.o ps7_co
TRACE::2023-01-23.17:17:24::SCWBDomain::rtexa9_0/lib/xscugic_hw.o ps7_cortexa9_0/lib/xuartps.o ps7_cortexa9_0/lib/sleep.o ps7_cortexa9_0/lib/cpputest_time.o ps7_cortex
TRACE::2023-01-23.17:17:24::SCWBDomain::a9_0/lib/_open.o ps7_cortexa9_0/lib/fcntl.o ps7_cortexa9_0/lib/xv_vscaler_l2.o ps7_cortexa9_0/lib/xvidc_edid.o ps7_cortexa9_0/l
TRACE::2023-01-23.17:17:24::SCWBDomain::ib/print.o ps7_cortexa9_0/lib/read.o ps7_cortexa9_0/lib/xv_hcresampler.o ps7_cortexa9_0/lib/xv_letterbox.o ps7_cortexa9_0/lib/x
TRACE::2023-01-23.17:17:24::SCWBDomain::devcfg.o ps7_cortexa9_0/lib/xadcps_intr.o ps7_cortexa9_0/lib/xqspips.o ps7_cortexa9_0/lib/xv_deinterlacer_g.o ps7_cortexa9_0/li
TRACE::2023-01-23.17:17:24::SCWBDomain::b/xv_deinterlacer_sinit.o ps7_cortexa9_0/lib/xemacps.o ps7_cortexa9_0/lib/xil_cache.o ps7_cortexa9_0/lib/xil_testio.o ps7_corte
TRACE::2023-01-23.17:17:24::SCWBDomain::xa9_0/lib/xv_vcresampler.o ps7_cortexa9_0/lib/xvidc_edid_ext.o ps7_cortexa9_0/lib/xuartps_intr.o ps7_cortexa9_0/lib/unlink.o ps
TRACE::2023-01-23.17:17:24::SCWBDomain::7_cortexa9_0/lib/xusbps.o ps7_cortexa9_0/lib/xaxis_switch.o ps7_cortexa9_0/lib/xv_vscaler.o ps7_cortexa9_0/lib/_exit.o ps7_cort
TRACE::2023-01-23.17:17:24::SCWBDomain::exa9_0/lib/translation_table.o ps7_cortexa9_0/lib/write.o ps7_cortexa9_0/lib/boot.o ps7_cortexa9_0/lib/xemacps_bdring.o ps7_cor
TRACE::2023-01-23.17:17:24::SCWBDomain::texa9_0/lib/xaxivdma_channel.o ps7_cortexa9_0/lib/cpu_init.o ps7_cortexa9_0/lib/xv_vscaler_linux.o ps7_cortexa9_0/lib/xil_sleep
TRACE::2023-01-23.17:17:24::SCWBDomain::common.o ps7_cortexa9_0/lib/xscugic_g.o ps7_cortexa9_0/lib/xv_hscaler_g.o ps7_cortexa9_0/lib/xgpiops_intr.o ps7_cortexa9_0/lib/
TRACE::2023-01-23.17:17:24::SCWBDomain::xscugic_sinit.o ps7_cortexa9_0/lib/xdevcfg_g.o ps7_cortexa9_0/lib/xuartps_hw.o ps7_cortexa9_0/lib/xgpio_intr.o ps7_cortexa9_0/l
TRACE::2023-01-23.17:17:24::SCWBDomain::ib/xv_hcresampler_g.o ps7_cortexa9_0/lib/xvprocss_router.o ps7_cortexa9_0/lib/xtime_l.o ps7_cortexa9_0/lib/xvidc_parse_edid.o p
TRACE::2023-01-23.17:17:24::SCWBDomain::s7_cortexa9_0/lib/xv_csc_g.o ps7_cortexa9_0/lib/xscugic_selftest.o ps7_cortexa9_0/lib/xil_util.o ps7_cortexa9_0/lib/xscuwdt_sin
TRACE::2023-01-23.17:17:24::SCWBDomain::it.o ps7_cortexa9_0/lib/xsdps_card.o ps7_cortexa9_0/lib/xdmaps_hw.o ps7_cortexa9_0/lib/xv_hcresampler_sinit.o ps7_cortexa9_0/li
TRACE::2023-01-23.17:17:24::SCWBDomain::b/xv_hscaler_coeff.o ps7_cortexa9_0/lib/xv_hcresampler_l2.o ps7_cortexa9_0/lib/xvprocss_log.o ps7_cortexa9_0/lib/xv_letterbox_l
TRACE::2023-01-23.17:17:24::SCWBDomain::2.o ps7_cortexa9_0/lib/sbrk.o ps7_cortexa9_0/lib/xgpiops_hw.o ps7_cortexa9_0/lib/fstat.o ps7_cortexa9_0/lib/errno.o ps7_cortexa
TRACE::2023-01-23.17:17:24::SCWBDomain::9_0/lib/xvprocss_vdma.o ps7_cortexa9_0/lib/xdevcfg_intr.o ps7_cortexa9_0/lib/xuartps_options.o ps7_cortexa9_0/lib/xv_hscaler_l2
TRACE::2023-01-23.17:17:24::SCWBDomain::.o ps7_cortexa9_0/lib/xaxis_switch_sinit.o ps7_cortexa9_0/lib/vectors.o ps7_cortexa9_0/lib/xv_csc_linux.o ps7_cortexa9_0/lib/xs
TRACE::2023-01-23.17:17:24::SCWBDomain::cuwdt_g.o ps7_cortexa9_0/lib/xvprocss_g.o ps7_cortexa9_0/lib/xv_letterbox_g.o ps7_cortexa9_0/lib/xil_clocking.o ps7_cortexa9_0/
TRACE::2023-01-23.17:17:24::SCWBDomain::lib/xv_vcresampler_l2.o ps7_cortexa9_0/lib/xv_csc_sinit.o ps7_cortexa9_0/lib/xv_letterbox_sinit.o ps7_cortexa9_0/lib/xemacps_in
TRACE::2023-01-23.17:17:24::SCWBDomain::tr.o ps7_cortexa9_0/lib/xscuwdt_selftest.o ps7_cortexa9_0/lib/xgpio_extra.o ps7_cortexa9_0/lib/xil-crt0.o ps7_cortexa9_0/lib/xs
TRACE::2023-01-23.17:17:24::SCWBDomain::cugic.o ps7_cortexa9_0/lib/xadcps_g.o ps7_cortexa9_0/lib/xqspips_sinit.o ps7_cortexa9_0/lib/xadcps_sinit.o

TRACE::2023-01-23.17:17:25::SCWBDomain::'Finished building libraries'

TRACE::2023-01-23.17:17:25::SCWBDomain::make: Leaving directory 'C:/Travail/s4InfoAtelier4/atelier4_wrapper/zynq_fsbl/zynq_fsbl_bsp'

TRACE::2023-01-23.17:17:25::SCWBDomain::arm-none-eabi-gcc -MMD -MP       -mcpu=cortex-a9 -mfpu=vfpv3 -mfloat-abi=hard   -O2 -c -c sd.c -o sd.o -Izynq_fsbl_bsp/ps7_cort
TRACE::2023-01-23.17:17:25::SCWBDomain::exa9_0/include -I.

TRACE::2023-01-23.17:17:25::SCWBDomain::arm-none-eabi-gcc -MMD -MP       -mcpu=cortex-a9 -mfpu=vfpv3 -mfloat-abi=hard   -O2 -c -c nand.c -o nand.o -Izynq_fsbl_bsp/ps7_
TRACE::2023-01-23.17:17:25::SCWBDomain::cortexa9_0/include -I.

TRACE::2023-01-23.17:17:25::SCWBDomain::arm-none-eabi-gcc -MMD -MP       -mcpu=cortex-a9 -mfpu=vfpv3 -mfloat-abi=hard   -O2 -c -c image_mover.c -o image_mover.o -Izynq
TRACE::2023-01-23.17:17:25::SCWBDomain::_fsbl_bsp/ps7_cortexa9_0/include -I.

TRACE::2023-01-23.17:17:25::SCWBDomain::arm-none-eabi-gcc -MMD -MP       -mcpu=cortex-a9 -mfpu=vfpv3 -mfloat-abi=hard   -O2 -c -c md5.c -o md5.o -Izynq_fsbl_bsp/ps7_co
TRACE::2023-01-23.17:17:25::SCWBDomain::rtexa9_0/include -I.

TRACE::2023-01-23.17:17:25::SCWBDomain::arm-none-eabi-gcc -MMD -MP       -mcpu=cortex-a9 -mfpu=vfpv3 -mfloat-abi=hard   -O2 -c -c fsbl_hooks.c -o fsbl_hooks.o -Izynq_f
TRACE::2023-01-23.17:17:25::SCWBDomain::sbl_bsp/ps7_cortexa9_0/include -I.

TRACE::2023-01-23.17:17:25::SCWBDomain::arm-none-eabi-gcc -MMD -MP       -mcpu=cortex-a9 -mfpu=vfpv3 -mfloat-abi=hard   -O2 -c -c main.c -o main.o -Izynq_fsbl_bsp/ps7_
TRACE::2023-01-23.17:17:25::SCWBDomain::cortexa9_0/include -I.

TRACE::2023-01-23.17:17:25::SCWBDomain::arm-none-eabi-gcc -MMD -MP       -mcpu=cortex-a9 -mfpu=vfpv3 -mfloat-abi=hard   -O2 -c -c rsa.c -o rsa.o -Izynq_fsbl_bsp/ps7_co
TRACE::2023-01-23.17:17:25::SCWBDomain::rtexa9_0/include -I.

TRACE::2023-01-23.17:17:25::SCWBDomain::arm-none-eabi-gcc -MMD -MP       -mcpu=cortex-a9 -mfpu=vfpv3 -mfloat-abi=hard   -O2 -c -c nor.c -o nor.o -Izynq_fsbl_bsp/ps7_co
TRACE::2023-01-23.17:17:25::SCWBDomain::rtexa9_0/include -I.

TRACE::2023-01-23.17:17:25::SCWBDomain::arm-none-eabi-gcc -MMD -MP       -mcpu=cortex-a9 -mfpu=vfpv3 -mfloat-abi=hard   -O2 -c -c qspi.c -o qspi.o -Izynq_fsbl_bsp/ps7_
TRACE::2023-01-23.17:17:25::SCWBDomain::cortexa9_0/include -I.

TRACE::2023-01-23.17:17:26::SCWBDomain::arm-none-eabi-gcc -MMD -MP       -mcpu=cortex-a9 -mfpu=vfpv3 -mfloat-abi=hard   -O2 -c -c ps7_init.c -o ps7_init.o -Izynq_fsbl_
TRACE::2023-01-23.17:17:26::SCWBDomain::bsp/ps7_cortexa9_0/include -I.

TRACE::2023-01-23.17:17:26::SCWBDomain::arm-none-eabi-gcc -MMD -MP       -mcpu=cortex-a9 -mfpu=vfpv3 -mfloat-abi=hard   -O2 -c -c pcap.c -o pcap.o -Izynq_fsbl_bsp/ps7_
TRACE::2023-01-23.17:17:26::SCWBDomain::cortexa9_0/include -I.

TRACE::2023-01-23.17:17:26::SCWBDomain::arm-none-eabi-gcc -MMD -MP       -mcpu=cortex-a9 -mfpu=vfpv3 -mfloat-abi=hard   -O2 -c -c fsbl_handoff.S -o fsbl_handoff.o -Izy
TRACE::2023-01-23.17:17:26::SCWBDomain::nq_fsbl_bsp/ps7_cortexa9_0/include -I.

TRACE::2023-01-23.17:17:26::SCWBDomain::arm-none-eabi-gcc -o fsbl.elf  sd.o  nand.o  image_mover.o  md5.o  fsbl_hooks.o  main.o  rsa.o  nor.o  qspi.o  ps7_init.o  pcap
TRACE::2023-01-23.17:17:26::SCWBDomain::.o  fsbl_handoff.o -MMD -MP       -mcpu=cortex-a9 -mfpu=vfpv3 -mfloat-abi=hard   -mcpu=cortex-a9 -mfpu=vfpv3 -mfloat-abi=hard -
TRACE::2023-01-23.17:17:26::SCWBDomain::Wl,-build-id=none -specs=Xilinx.spec  -lrsa -Wl,--start-group,-lxil,-lgcc,-lc,--end-group -Wl,--start-group,-lxilffs,-lxil,-lgc
TRACE::2023-01-23.17:17:26::SCWBDomain::c,-lc,--end-group -Wl,--start-group,-lrsa,-lxil,-lgcc,-lc,--end-group                                       -Wl,--gc-sections -
TRACE::2023-01-23.17:17:26::SCWBDomain::Lzynq_fsbl_bsp/ps7_cortexa9_0/lib -L./ -Tlscript.ld

LOG::2023-01-23.17:17:26::SCWSystem::Checking the domain standalone_ps7_cortexa9_0
LOG::2023-01-23.17:17:26::SCWSystem::Not a boot domain 
LOG::2023-01-23.17:17:26::SCWSystem::Started Processing the domain standalone_ps7_cortexa9_0
TRACE::2023-01-23.17:17:26::SCWDomain::Generating domain artifcats
TRACE::2023-01-23.17:17:26::SCWMssOS::Generating standalone artifcats
TRACE::2023-01-23.17:17:26::SCWMssOS::Copying the qemu file from  C:/Xilinx/Vitis/2020.2/data/emulation/platforms/zynq/sw/a9_standalone/qemu/qemu_args.txt To C:/Travail/s4InfoAtelier4/atelier4_wrapper/export/atelier4_wrapper/sw/atelier4_wrapper/qemu/
TRACE::2023-01-23.17:17:26::SCWMssOS::Copying the qemu file from  C:/Xilinx/Vitis/2020.2/data/emulation/platforms/zynq/sw/a9_standalone/qemu/qemu_args.txt To C:/Travail/s4InfoAtelier4/atelier4_wrapper/export/atelier4_wrapper/sw/atelier4_wrapper/standalone_ps7_cortexa9_0/qemu/
TRACE::2023-01-23.17:17:26::SCWMssOS:: Copying the user libraries. 
TRACE::2023-01-23.17:17:26::SCWPlatform::Trying to open the hw design at C:/Travail/s4InfoAtelier4/atelier4_wrapper/hw/atelier4_wrapper.xsa
TRACE::2023-01-23.17:17:26::SCWPlatform::DSA given C:/Travail/s4InfoAtelier4/atelier4_wrapper/hw/atelier4_wrapper.xsa
TRACE::2023-01-23.17:17:26::SCWPlatform::DSA absoulate path C:/Travail/s4InfoAtelier4/atelier4_wrapper/hw/atelier4_wrapper.xsa
TRACE::2023-01-23.17:17:26::SCWPlatform::DSA directory C:/Travail/s4InfoAtelier4/atelier4_wrapper/hw
TRACE::2023-01-23.17:17:26::SCWPlatform:: Platform Path C:/Travail/s4InfoAtelier4/atelier4_wrapper/hw/atelier4_wrapper.xsa
TRACE::2023-01-23.17:17:26::SCWPlatform:: Unique name xilinx:zybo-z7-10::0.0
TRACE::2023-01-23.17:17:26::SCWPlatform::Trying to set the existing hwdb with name atelier4_wrapper_9
TRACE::2023-01-23.17:17:26::SCWPlatform::Opened existing hwdb atelier4_wrapper_9
TRACE::2023-01-23.17:17:26::SCWPlatform::Found the Hw Db part of the input DSA
TRACE::2023-01-23.17:17:26::SCWMssOS::Checking the sw design at  C:/Travail/s4InfoAtelier4/atelier4_wrapper/ps7_cortexa9_0/standalone_ps7_cortexa9_0/bsp/system.mss
TRACE::2023-01-23.17:17:26::SCWMssOS::DEBUG:  swdes dump  C:/Travail/s4InfoAtelier4/atelier4_wrapper/ps7_cortexa9_0/standalone_ps7_cortexa9_0/bsp/system.mss|system_0||
C:/Travail/s4InfoAtelier4/atelier4_wrapper/zynq_fsbl/zynq_fsbl_bsp/system.mss|system||

TRACE::2023-01-23.17:17:26::SCWMssOS::Sw design exists and opened at  C:/Travail/s4InfoAtelier4/atelier4_wrapper/ps7_cortexa9_0/standalone_ps7_cortexa9_0/bsp/system.mss
TRACE::2023-01-23.17:17:26::SCWMssOS::Completed writing the mss file at C:/Travail/s4InfoAtelier4/atelier4_wrapper/ps7_cortexa9_0/standalone_ps7_cortexa9_0/bsp
TRACE::2023-01-23.17:17:26::SCWMssOS::Mss edits present, copying mssfile into export location C:/Travail/s4InfoAtelier4/atelier4_wrapper/ps7_cortexa9_0/standalone_ps7_cortexa9_0/bsp/system.mss
TRACE::2023-01-23.17:17:26::SCWMssOS::bsp generated is upto date with the mss file. Skipping bsp generation.
TRACE::2023-01-23.17:17:26::SCWMssOS::BSP is already built. skipping the bsp build ... 
TRACE::2023-01-23.17:17:26::SCWDomain::Building the domain as part of full build :  standalone_ps7_cortexa9_0
TRACE::2023-01-23.17:17:26::SCWMssOS::doing bsp build ... 
TRACE::2023-01-23.17:17:26::SCWMssOS::System Command Ran  C: & cd  C:/Travail/s4InfoAtelier4/atelier4_wrapper/ps7_cortexa9_0/standalone_ps7_cortexa9_0/bsp & make 
TRACE::2023-01-23.17:17:26::SCWMssOS::make --no-print-directory seq_libs

TRACE::2023-01-23.17:17:26::SCWMssOS::"Running Make include in ps7_cortexa9_0/libsrc/axis_switch_v1_4/src"

TRACE::2023-01-23.17:17:26::SCWMssOS::make -C ps7_cortexa9_0/libsrc/axis_switch_v1_4/src -s include  "SHELL=CMD" "COMPILER=arm-none-eabi-gcc" "ASSEMBLER=arm-none-eab
TRACE::2023-01-23.17:17:26::SCWMssOS::i-as" "ARCHIVER=arm-none-eabi-ar" "COMPILER_FLAGS=  -O2 -c" "EXTRA_COMPILER_FLAGS=-mcpu=cortex-a9 -mfpu=vfpv3 -mfloat-abi=hard 
TRACE::2023-01-23.17:17:26::SCWMssOS::-nostartfiles -g -Wall -Wextra"

TRACE::2023-01-23.17:17:26::SCWMssOS::"Running Make include in ps7_cortexa9_0/libsrc/axivdma_v6_8/src"

TRACE::2023-01-23.17:17:26::SCWMssOS::make -C ps7_cortexa9_0/libsrc/axivdma_v6_8/src -s include  "SHELL=CMD" "COMPILER=arm-none-eabi-gcc" "ASSEMBLER=arm-none-eabi-as
TRACE::2023-01-23.17:17:26::SCWMssOS::" "ARCHIVER=arm-none-eabi-ar" "COMPILER_FLAGS=  -O2 -c" "EXTRA_COMPILER_FLAGS=-mcpu=cortex-a9 -mfpu=vfpv3 -mfloat-abi=hard -nos
TRACE::2023-01-23.17:17:26::SCWMssOS::tartfiles -g -Wall -Wextra"

TRACE::2023-01-23.17:17:26::SCWMssOS::"Running Make include in ps7_cortexa9_0/libsrc/coresightps_dcc_v1_8/src"

TRACE::2023-01-23.17:17:26::SCWMssOS::make -C ps7_cortexa9_0/libsrc/coresightps_dcc_v1_8/src -s include  "SHELL=CMD" "COMPILER=arm-none-eabi-gcc" "ASSEMBLER=arm-none
TRACE::2023-01-23.17:17:26::SCWMssOS::-eabi-as" "ARCHIVER=arm-none-eabi-ar" "COMPILER_FLAGS=  -O2 -c" "EXTRA_COMPILER_FLAGS=-mcpu=cortex-a9 -mfpu=vfpv3 -mfloat-abi=h
TRACE::2023-01-23.17:17:26::SCWMssOS::ard -nostartfiles -g -Wall -Wextra"

TRACE::2023-01-23.17:17:26::SCWMssOS::"Running Make include in ps7_cortexa9_0/libsrc/cpu_cortexa9_v2_10/src"

TRACE::2023-01-23.17:17:26::SCWMssOS::make -C ps7_cortexa9_0/libsrc/cpu_cortexa9_v2_10/src -s include  "SHELL=CMD" "COMPILER=arm-none-eabi-gcc" "ASSEMBLER=arm-none-e
TRACE::2023-01-23.17:17:26::SCWMssOS::abi-as" "ARCHIVER=arm-none-eabi-ar" "COMPILER_FLAGS=  -O2 -c" "EXTRA_COMPILER_FLAGS=-mcpu=cortex-a9 -mfpu=vfpv3 -mfloat-abi=har
TRACE::2023-01-23.17:17:26::SCWMssOS::d -nostartfiles -g -Wall -Wextra"

TRACE::2023-01-23.17:17:26::SCWMssOS::"Running Make include in ps7_cortexa9_0/libsrc/ddrps_v1_2/src"

TRACE::2023-01-23.17:17:26::SCWMssOS::make -C ps7_cortexa9_0/libsrc/ddrps_v1_2/src -s include  "SHELL=CMD" "COMPILER=arm-none-eabi-gcc" "ASSEMBLER=arm-none-eabi-as" 
TRACE::2023-01-23.17:17:26::SCWMssOS::"ARCHIVER=arm-none-eabi-ar" "COMPILER_FLAGS=  -O2 -c" "EXTRA_COMPILER_FLAGS=-mcpu=cortex-a9 -mfpu=vfpv3 -mfloat-abi=hard -nosta
TRACE::2023-01-23.17:17:26::SCWMssOS::rtfiles -g -Wall -Wextra"

TRACE::2023-01-23.17:17:26::SCWMssOS::"Running Make include in ps7_cortexa9_0/libsrc/devcfg_v3_7/src"

TRACE::2023-01-23.17:17:26::SCWMssOS::make -C ps7_cortexa9_0/libsrc/devcfg_v3_7/src -s include  "SHELL=CMD" "COMPILER=arm-none-eabi-gcc" "ASSEMBLER=arm-none-eabi-as"
TRACE::2023-01-23.17:17:26::SCWMssOS:: "ARCHIVER=arm-none-eabi-ar" "COMPILER_FLAGS=  -O2 -c" "EXTRA_COMPILER_FLAGS=-mcpu=cortex-a9 -mfpu=vfpv3 -mfloat-abi=hard -nost
TRACE::2023-01-23.17:17:26::SCWMssOS::artfiles -g -Wall -Wextra"

TRACE::2023-01-23.17:17:26::SCWMssOS::"Running Make include in ps7_cortexa9_0/libsrc/dmaps_v2_7/src"

TRACE::2023-01-23.17:17:26::SCWMssOS::make -C ps7_cortexa9_0/libsrc/dmaps_v2_7/src -s include  "SHELL=CMD" "COMPILER=arm-none-eabi-gcc" "ASSEMBLER=arm-none-eabi-as" 
TRACE::2023-01-23.17:17:26::SCWMssOS::"ARCHIVER=arm-none-eabi-ar" "COMPILER_FLAGS=  -O2 -c" "EXTRA_COMPILER_FLAGS=-mcpu=cortex-a9 -mfpu=vfpv3 -mfloat-abi=hard -nosta
TRACE::2023-01-23.17:17:26::SCWMssOS::rtfiles -g -Wall -Wextra"

TRACE::2023-01-23.17:17:26::SCWMssOS::"Running Make include in ps7_cortexa9_0/libsrc/emacps_v3_12/src"

TRACE::2023-01-23.17:17:26::SCWMssOS::make -C ps7_cortexa9_0/libsrc/emacps_v3_12/src -s include  "SHELL=CMD" "COMPILER=arm-none-eabi-gcc" "ASSEMBLER=arm-none-eabi-as
TRACE::2023-01-23.17:17:26::SCWMssOS::" "ARCHIVER=arm-none-eabi-ar" "COMPILER_FLAGS=  -O2 -c" "EXTRA_COMPILER_FLAGS=-mcpu=cortex-a9 -mfpu=vfpv3 -mfloat-abi=hard -nos
TRACE::2023-01-23.17:17:26::SCWMssOS::tartfiles -g -Wall -Wextra"

TRACE::2023-01-23.17:17:26::SCWMssOS::"Running Make include in ps7_cortexa9_0/libsrc/gpiops_v3_8/src"

TRACE::2023-01-23.17:17:26::SCWMssOS::make -C ps7_cortexa9_0/libsrc/gpiops_v3_8/src -s include  "SHELL=CMD" "COMPILER=arm-none-eabi-gcc" "ASSEMBLER=arm-none-eabi-as"
TRACE::2023-01-23.17:17:26::SCWMssOS:: "ARCHIVER=arm-none-eabi-ar" "COMPILER_FLAGS=  -O2 -c" "EXTRA_COMPILER_FLAGS=-mcpu=cortex-a9 -mfpu=vfpv3 -mfloat-abi=hard -nost
TRACE::2023-01-23.17:17:26::SCWMssOS::artfiles -g -Wall -Wextra"

TRACE::2023-01-23.17:17:26::SCWMssOS::"Running Make include in ps7_cortexa9_0/libsrc/gpio_v4_7/src"

TRACE::2023-01-23.17:17:26::SCWMssOS::make -C ps7_cortexa9_0/libsrc/gpio_v4_7/src -s include  "SHELL=CMD" "COMPILER=arm-none-eabi-gcc" "ASSEMBLER=arm-none-eabi-as" "
TRACE::2023-01-23.17:17:26::SCWMssOS::ARCHIVER=arm-none-eabi-ar" "COMPILER_FLAGS=  -O2 -c" "EXTRA_COMPILER_FLAGS=-mcpu=cortex-a9 -mfpu=vfpv3 -mfloat-abi=hard -nostar
TRACE::2023-01-23.17:17:26::SCWMssOS::tfiles -g -Wall -Wextra"

TRACE::2023-01-23.17:17:26::SCWMssOS::"Running Make include in ps7_cortexa9_0/libsrc/mycolorRegister_v1_0/src"

TRACE::2023-01-23.17:17:26::SCWMssOS::make -C ps7_cortexa9_0/libsrc/mycolorRegister_v1_0/src -s include  "SHELL=CMD" "COMPILER=arm-none-eabi-gcc" "ASSEMBLER=arm-none
TRACE::2023-01-23.17:17:26::SCWMssOS::-eabi-as" "ARCHIVER=arm-none-eabi-ar" "COMPILER_FLAGS=  -O2 -c" "EXTRA_COMPILER_FLAGS=-mcpu=cortex-a9 -mfpu=vfpv3 -mfloat-abi=h
TRACE::2023-01-23.17:17:26::SCWMssOS::ard -nostartfiles -g -Wall -Wextra"

TRACE::2023-01-23.17:17:27::SCWMssOS::"Running Make include in ps7_cortexa9_0/libsrc/pixelDataToVideoStream_v1_0/src"

TRACE::2023-01-23.17:17:27::SCWMssOS::make -C ps7_cortexa9_0/libsrc/pixelDataToVideoStream_v1_0/src -s include  "SHELL=CMD" "COMPILER=arm-none-eabi-gcc" "ASSEMBLER=a
TRACE::2023-01-23.17:17:27::SCWMssOS::rm-none-eabi-as" "ARCHIVER=arm-none-eabi-ar" "COMPILER_FLAGS=  -O2 -c" "EXTRA_COMPILER_FLAGS=-mcpu=cortex-a9 -mfpu=vfpv3 -mfloa
TRACE::2023-01-23.17:17:27::SCWMssOS::t-abi=hard -nostartfiles -g -Wall -Wextra"

TRACE::2023-01-23.17:17:27::SCWMssOS::"Running Make include in ps7_cortexa9_0/libsrc/qspips_v3_8/src"

TRACE::2023-01-23.17:17:27::SCWMssOS::make -C ps7_cortexa9_0/libsrc/qspips_v3_8/src -s include  "SHELL=CMD" "COMPILER=arm-none-eabi-gcc" "ASSEMBLER=arm-none-eabi-as"
TRACE::2023-01-23.17:17:27::SCWMssOS:: "ARCHIVER=arm-none-eabi-ar" "COMPILER_FLAGS=  -O2 -c" "EXTRA_COMPILER_FLAGS=-mcpu=cortex-a9 -mfpu=vfpv3 -mfloat-abi=hard -nost
TRACE::2023-01-23.17:17:27::SCWMssOS::artfiles -g -Wall -Wextra"

TRACE::2023-01-23.17:17:27::SCWMssOS::"Running Make include in ps7_cortexa9_0/libsrc/scugic_v4_3/src"

TRACE::2023-01-23.17:17:27::SCWMssOS::make -C ps7_cortexa9_0/libsrc/scugic_v4_3/src -s include  "SHELL=CMD" "COMPILER=arm-none-eabi-gcc" "ASSEMBLER=arm-none-eabi-as"
TRACE::2023-01-23.17:17:27::SCWMssOS:: "ARCHIVER=arm-none-eabi-ar" "COMPILER_FLAGS=  -O2 -c" "EXTRA_COMPILER_FLAGS=-mcpu=cortex-a9 -mfpu=vfpv3 -mfloat-abi=hard -nost
TRACE::2023-01-23.17:17:27::SCWMssOS::artfiles -g -Wall -Wextra"

TRACE::2023-01-23.17:17:27::SCWMssOS::"Running Make include in ps7_cortexa9_0/libsrc/scutimer_v2_3/src"

TRACE::2023-01-23.17:17:27::SCWMssOS::make -C ps7_cortexa9_0/libsrc/scutimer_v2_3/src -s include  "SHELL=CMD" "COMPILER=arm-none-eabi-gcc" "ASSEMBLER=arm-none-eabi-a
TRACE::2023-01-23.17:17:27::SCWMssOS::s" "ARCHIVER=arm-none-eabi-ar" "COMPILER_FLAGS=  -O2 -c" "EXTRA_COMPILER_FLAGS=-mcpu=cortex-a9 -mfpu=vfpv3 -mfloat-abi=hard -no
TRACE::2023-01-23.17:17:27::SCWMssOS::startfiles -g -Wall -Wextra"

TRACE::2023-01-23.17:17:27::SCWMssOS::"Running Make include in ps7_cortexa9_0/libsrc/scuwdt_v2_3/src"

TRACE::2023-01-23.17:17:27::SCWMssOS::make -C ps7_cortexa9_0/libsrc/scuwdt_v2_3/src -s include  "SHELL=CMD" "COMPILER=arm-none-eabi-gcc" "ASSEMBLER=arm-none-eabi-as"
TRACE::2023-01-23.17:17:27::SCWMssOS:: "ARCHIVER=arm-none-eabi-ar" "COMPILER_FLAGS=  -O2 -c" "EXTRA_COMPILER_FLAGS=-mcpu=cortex-a9 -mfpu=vfpv3 -mfloat-abi=hard -nost
TRACE::2023-01-23.17:17:27::SCWMssOS::artfiles -g -Wall -Wextra"

TRACE::2023-01-23.17:17:27::SCWMssOS::"Running Make include in ps7_cortexa9_0/libsrc/sdps_v3_10/src"

TRACE::2023-01-23.17:17:27::SCWMssOS::make -C ps7_cortexa9_0/libsrc/sdps_v3_10/src -s include  "SHELL=CMD" "COMPILER=arm-none-eabi-gcc" "ASSEMBLER=arm-none-eabi-as" 
TRACE::2023-01-23.17:17:27::SCWMssOS::"ARCHIVER=arm-none-eabi-ar" "COMPILER_FLAGS=  -O2 -c" "EXTRA_COMPILER_FLAGS=-mcpu=cortex-a9 -mfpu=vfpv3 -mfloat-abi=hard -nosta
TRACE::2023-01-23.17:17:27::SCWMssOS::rtfiles -g -Wall -Wextra"

TRACE::2023-01-23.17:17:27::SCWMssOS::"Running Make include in ps7_cortexa9_0/libsrc/standalone_v7_3/src"

TRACE::2023-01-23.17:17:27::SCWMssOS::make -C ps7_cortexa9_0/libsrc/standalone_v7_3/src -s include  "SHELL=CMD" "COMPILER=arm-none-eabi-gcc" "ASSEMBLER=arm-none-eabi
TRACE::2023-01-23.17:17:27::SCWMssOS::-as" "ARCHIVER=arm-none-eabi-ar" "COMPILER_FLAGS=  -O2 -c" "EXTRA_COMPILER_FLAGS=-mcpu=cortex-a9 -mfpu=vfpv3 -mfloat-abi=hard -
TRACE::2023-01-23.17:17:27::SCWMssOS::nostartfiles -g -Wall -Wextra"

TRACE::2023-01-23.17:17:27::SCWMssOS::"Running Make include in ps7_cortexa9_0/libsrc/uartps_v3_10/src"

TRACE::2023-01-23.17:17:27::SCWMssOS::make -C ps7_cortexa9_0/libsrc/uartps_v3_10/src -s include  "SHELL=CMD" "COMPILER=arm-none-eabi-gcc" "ASSEMBLER=arm-none-eabi-as
TRACE::2023-01-23.17:17:27::SCWMssOS::" "ARCHIVER=arm-none-eabi-ar" "COMPILER_FLAGS=  -O2 -c" "EXTRA_COMPILER_FLAGS=-mcpu=cortex-a9 -mfpu=vfpv3 -mfloat-abi=hard -nos
TRACE::2023-01-23.17:17:27::SCWMssOS::tartfiles -g -Wall -Wextra"

TRACE::2023-01-23.17:17:27::SCWMssOS::"Running Make include in ps7_cortexa9_0/libsrc/usbps_v2_6/src"

TRACE::2023-01-23.17:17:27::SCWMssOS::make -C ps7_cortexa9_0/libsrc/usbps_v2_6/src -s include  "SHELL=CMD" "COMPILER=arm-none-eabi-gcc" "ASSEMBLER=arm-none-eabi-as" 
TRACE::2023-01-23.17:17:27::SCWMssOS::"ARCHIVER=arm-none-eabi-ar" "COMPILER_FLAGS=  -O2 -c" "EXTRA_COMPILER_FLAGS=-mcpu=cortex-a9 -mfpu=vfpv3 -mfloat-abi=hard -nosta
TRACE::2023-01-23.17:17:27::SCWMssOS::rtfiles -g -Wall -Wextra"

TRACE::2023-01-23.17:17:27::SCWMssOS::"Running Make include in ps7_cortexa9_0/libsrc/video_common_v4_10/src"

TRACE::2023-01-23.17:17:27::SCWMssOS::make -C ps7_cortexa9_0/libsrc/video_common_v4_10/src -s include  "SHELL=CMD" "COMPILER=arm-none-eabi-gcc" "ASSEMBLER=arm-none-e
TRACE::2023-01-23.17:17:27::SCWMssOS::abi-as" "ARCHIVER=arm-none-eabi-ar" "COMPILER_FLAGS=  -O2 -c" "EXTRA_COMPILER_FLAGS=-mcpu=cortex-a9 -mfpu=vfpv3 -mfloat-abi=har
TRACE::2023-01-23.17:17:27::SCWMssOS::d -nostartfiles -g -Wall -Wextra"

TRACE::2023-01-23.17:17:27::SCWMssOS::"Running Make include in ps7_cortexa9_0/libsrc/vprocss_v2_8/src"

TRACE::2023-01-23.17:17:27::SCWMssOS::make -C ps7_cortexa9_0/libsrc/vprocss_v2_8/src -s include  "SHELL=CMD" "COMPILER=arm-none-eabi-gcc" "ASSEMBLER=arm-none-eabi-as
TRACE::2023-01-23.17:17:27::SCWMssOS::" "ARCHIVER=arm-none-eabi-ar" "COMPILER_FLAGS=  -O2 -c" "EXTRA_COMPILER_FLAGS=-mcpu=cortex-a9 -mfpu=vfpv3 -mfloat-abi=hard -nos
TRACE::2023-01-23.17:17:27::SCWMssOS::tartfiles -g -Wall -Wextra"

TRACE::2023-01-23.17:17:27::SCWMssOS::"Running Make include in ps7_cortexa9_0/libsrc/v_csc_v2_5/src"

TRACE::2023-01-23.17:17:27::SCWMssOS::make -C ps7_cortexa9_0/libsrc/v_csc_v2_5/src -s include  "SHELL=CMD" "COMPILER=arm-none-eabi-gcc" "ASSEMBLER=arm-none-eabi-as" 
TRACE::2023-01-23.17:17:27::SCWMssOS::"ARCHIVER=arm-none-eabi-ar" "COMPILER_FLAGS=  -O2 -c" "EXTRA_COMPILER_FLAGS=-mcpu=cortex-a9 -mfpu=vfpv3 -mfloat-abi=hard -nosta
TRACE::2023-01-23.17:17:27::SCWMssOS::rtfiles -g -Wall -Wextra"

TRACE::2023-01-23.17:17:27::SCWMssOS::"Running Make include in ps7_cortexa9_0/libsrc/v_deinterlacer_v7_2/src"

TRACE::2023-01-23.17:17:27::SCWMssOS::make -C ps7_cortexa9_0/libsrc/v_deinterlacer_v7_2/src -s include  "SHELL=CMD" "COMPILER=arm-none-eabi-gcc" "ASSEMBLER=arm-none-
TRACE::2023-01-23.17:17:27::SCWMssOS::eabi-as" "ARCHIVER=arm-none-eabi-ar" "COMPILER_FLAGS=  -O2 -c" "EXTRA_COMPILER_FLAGS=-mcpu=cortex-a9 -mfpu=vfpv3 -mfloat-abi=ha
TRACE::2023-01-23.17:17:27::SCWMssOS::rd -nostartfiles -g -Wall -Wextra"

TRACE::2023-01-23.17:17:27::SCWMssOS::"Running Make include in ps7_cortexa9_0/libsrc/v_hcresampler_v3_2/src"

TRACE::2023-01-23.17:17:27::SCWMssOS::make -C ps7_cortexa9_0/libsrc/v_hcresampler_v3_2/src -s include  "SHELL=CMD" "COMPILER=arm-none-eabi-gcc" "ASSEMBLER=arm-none-e
TRACE::2023-01-23.17:17:27::SCWMssOS::abi-as" "ARCHIVER=arm-none-eabi-ar" "COMPILER_FLAGS=  -O2 -c" "EXTRA_COMPILER_FLAGS=-mcpu=cortex-a9 -mfpu=vfpv3 -mfloat-abi=har
TRACE::2023-01-23.17:17:27::SCWMssOS::d -nostartfiles -g -Wall -Wextra"

TRACE::2023-01-23.17:17:27::SCWMssOS::"Running Make include in ps7_cortexa9_0/libsrc/v_hscaler_v3_4/src"

TRACE::2023-01-23.17:17:27::SCWMssOS::make -C ps7_cortexa9_0/libsrc/v_hscaler_v3_4/src -s include  "SHELL=CMD" "COMPILER=arm-none-eabi-gcc" "ASSEMBLER=arm-none-eabi-
TRACE::2023-01-23.17:17:27::SCWMssOS::as" "ARCHIVER=arm-none-eabi-ar" "COMPILER_FLAGS=  -O2 -c" "EXTRA_COMPILER_FLAGS=-mcpu=cortex-a9 -mfpu=vfpv3 -mfloat-abi=hard -n
TRACE::2023-01-23.17:17:27::SCWMssOS::ostartfiles -g -Wall -Wextra"

TRACE::2023-01-23.17:17:27::SCWMssOS::"Running Make include in ps7_cortexa9_0/libsrc/v_letterbox_v2_3/src"

TRACE::2023-01-23.17:17:27::SCWMssOS::make -C ps7_cortexa9_0/libsrc/v_letterbox_v2_3/src -s include  "SHELL=CMD" "COMPILER=arm-none-eabi-gcc" "ASSEMBLER=arm-none-eab
TRACE::2023-01-23.17:17:27::SCWMssOS::i-as" "ARCHIVER=arm-none-eabi-ar" "COMPILER_FLAGS=  -O2 -c" "EXTRA_COMPILER_FLAGS=-mcpu=cortex-a9 -mfpu=vfpv3 -mfloat-abi=hard 
TRACE::2023-01-23.17:17:27::SCWMssOS::-nostartfiles -g -Wall -Wextra"

TRACE::2023-01-23.17:17:27::SCWMssOS::"Running Make include in ps7_cortexa9_0/libsrc/v_vcresampler_v3_2/src"

TRACE::2023-01-23.17:17:27::SCWMssOS::make -C ps7_cortexa9_0/libsrc/v_vcresampler_v3_2/src -s include  "SHELL=CMD" "COMPILER=arm-none-eabi-gcc" "ASSEMBLER=arm-none-e
TRACE::2023-01-23.17:17:27::SCWMssOS::abi-as" "ARCHIVER=arm-none-eabi-ar" "COMPILER_FLAGS=  -O2 -c" "EXTRA_COMPILER_FLAGS=-mcpu=cortex-a9 -mfpu=vfpv3 -mfloat-abi=har
TRACE::2023-01-23.17:17:27::SCWMssOS::d -nostartfiles -g -Wall -Wextra"

TRACE::2023-01-23.17:17:27::SCWMssOS::"Running Make include in ps7_cortexa9_0/libsrc/v_vscaler_v3_2/src"

TRACE::2023-01-23.17:17:27::SCWMssOS::make -C ps7_cortexa9_0/libsrc/v_vscaler_v3_2/src -s include  "SHELL=CMD" "COMPILER=arm-none-eabi-gcc" "ASSEMBLER=arm-none-eabi-
TRACE::2023-01-23.17:17:27::SCWMssOS::as" "ARCHIVER=arm-none-eabi-ar" "COMPILER_FLAGS=  -O2 -c" "EXTRA_COMPILER_FLAGS=-mcpu=cortex-a9 -mfpu=vfpv3 -mfloat-abi=hard -n
TRACE::2023-01-23.17:17:27::SCWMssOS::ostartfiles -g -Wall -Wextra"

TRACE::2023-01-23.17:17:27::SCWMssOS::"Running Make include in ps7_cortexa9_0/libsrc/xadcps_v2_5/src"

TRACE::2023-01-23.17:17:27::SCWMssOS::make -C ps7_cortexa9_0/libsrc/xadcps_v2_5/src -s include  "SHELL=CMD" "COMPILER=arm-none-eabi-gcc" "ASSEMBLER=arm-none-eabi-as"
TRACE::2023-01-23.17:17:27::SCWMssOS:: "ARCHIVER=arm-none-eabi-ar" "COMPILER_FLAGS=  -O2 -c" "EXTRA_COMPILER_FLAGS=-mcpu=cortex-a9 -mfpu=vfpv3 -mfloat-abi=hard -nost
TRACE::2023-01-23.17:17:27::SCWMssOS::artfiles -g -Wall -Wextra"

TRACE::2023-01-23.17:17:27::SCWMssOS::"Running Make libs in ps7_cortexa9_0/libsrc/mycolorRegister_v1_0/src"

TRACE::2023-01-23.17:17:27::SCWMssOS::make -C ps7_cortexa9_0/libsrc/mycolorRegister_v1_0/src -s libs  "SHELL=CMD" "COMPILER=arm-none-eabi-gcc" "ASSEMBLER=arm-none-ea
TRACE::2023-01-23.17:17:27::SCWMssOS::bi-as" "ARCHIVER=arm-none-eabi-ar" "COMPILER_FLAGS=  -O2 -c" "EXTRA_COMPILER_FLAGS=-mcpu=cortex-a9 -mfpu=vfpv3 -mfloat-abi=hard
TRACE::2023-01-23.17:17:27::SCWMssOS:: -nostartfiles -g -Wall -Wextra"

TRACE::2023-01-23.17:17:27::SCWMssOS::"Compiling mycolorRegister..."

TRACE::2023-01-23.17:17:28::SCWMssOS::"Running Make libs in ps7_cortexa9_0/libsrc/pixelDataToVideoStream_v1_0/src"

TRACE::2023-01-23.17:17:28::SCWMssOS::make -C ps7_cortexa9_0/libsrc/pixelDataToVideoStream_v1_0/src -s libs  "SHELL=CMD" "COMPILER=arm-none-eabi-gcc" "ASSEMBLER=arm-
TRACE::2023-01-23.17:17:28::SCWMssOS::none-eabi-as" "ARCHIVER=arm-none-eabi-ar" "COMPILER_FLAGS=  -O2 -c" "EXTRA_COMPILER_FLAGS=-mcpu=cortex-a9 -mfpu=vfpv3 -mfloat-a
TRACE::2023-01-23.17:17:28::SCWMssOS::bi=hard -nostartfiles -g -Wall -Wextra"

TRACE::2023-01-23.17:17:28::SCWMssOS::"Compiling pixelDataToVideoStream..."

TRACE::2023-01-23.17:17:28::SCWMssOS::'Finished building libraries sequentially.'

TRACE::2023-01-23.17:17:28::SCWMssOS::make -j --no-print-directory par_libs

TRACE::2023-01-23.17:17:28::SCWMssOS::"Running Make include in ps7_cortexa9_0/libsrc/axis_switch_v1_4/src"

TRACE::2023-01-23.17:17:28::SCWMssOS::make -C ps7_cortexa9_0/libsrc/axis_switch_v1_4/src -s include  "SHELL=CMD" "COMPILER=arm-none-eabi-gcc" "ASSEMBLER=arm-none-eab
TRACE::2023-01-23.17:17:28::SCWMssOS::i-as" "ARCHIVER=arm-none-eabi-ar" "COMPILER_FLAGS=  -O2 -c" "EXTRA_COMPILER_FLAGS=-mcpu=cortex-a9 -mfpu=vfpv3 -mfloat-abi=hard 
TRACE::2023-01-23.17:17:28::SCWMssOS::-nostartfiles -g -Wall -Wextra"

TRACE::2023-01-23.17:17:28::SCWMssOS::"Running Make include in ps7_cortexa9_0/libsrc/axivdma_v6_8/src"

TRACE::2023-01-23.17:17:28::SCWMssOS::make -C ps7_cortexa9_0/libsrc/axivdma_v6_8/src -s include  "SHELL=CMD" "COMPILER=arm-none-eabi-gcc" "ASSEMBLER=arm-none-eabi-as
TRACE::2023-01-23.17:17:28::SCWMssOS::" "ARCHIVER=arm-none-eabi-ar" "COMPILER_FLAGS=  -O2 -c" "EXTRA_COMPILER_FLAGS=-mcpu=cortex-a9 -mfpu=vfpv3 -mfloat-abi=hard -nos
TRACE::2023-01-23.17:17:28::SCWMssOS::tartfiles -g -Wall -Wextra"

TRACE::2023-01-23.17:17:28::SCWMssOS::"Running Make include in ps7_cortexa9_0/libsrc/coresightps_dcc_v1_8/src"

TRACE::2023-01-23.17:17:28::SCWMssOS::make -C ps7_cortexa9_0/libsrc/coresightps_dcc_v1_8/src -s include  "SHELL=CMD" "COMPILER=arm-none-eabi-gcc" "ASSEMBLER=arm-none
TRACE::2023-01-23.17:17:28::SCWMssOS::-eabi-as" "ARCHIVER=arm-none-eabi-ar" "COMPILER_FLAGS=  -O2 -c" "EXTRA_COMPILER_FLAGS=-mcpu=cortex-a9 -mfpu=vfpv3 -mfloat-abi=h
TRACE::2023-01-23.17:17:28::SCWMssOS::ard -nostartfiles -g -Wall -Wextra"

TRACE::2023-01-23.17:17:28::SCWMssOS::"Running Make include in ps7_cortexa9_0/libsrc/cpu_cortexa9_v2_10/src"

TRACE::2023-01-23.17:17:28::SCWMssOS::make -C ps7_cortexa9_0/libsrc/cpu_cortexa9_v2_10/src -s include  "SHELL=CMD" "COMPILER=arm-none-eabi-gcc" "ASSEMBLER=arm-none-e
TRACE::2023-01-23.17:17:28::SCWMssOS::abi-as" "ARCHIVER=arm-none-eabi-ar" "COMPILER_FLAGS=  -O2 -c" "EXTRA_COMPILER_FLAGS=-mcpu=cortex-a9 -mfpu=vfpv3 -mfloat-abi=har
TRACE::2023-01-23.17:17:28::SCWMssOS::d -nostartfiles -g -Wall -Wextra"

TRACE::2023-01-23.17:17:28::SCWMssOS::"Running Make include in ps7_cortexa9_0/libsrc/ddrps_v1_2/src"

TRACE::2023-01-23.17:17:28::SCWMssOS::make -C ps7_cortexa9_0/libsrc/ddrps_v1_2/src -s include  "SHELL=CMD" "COMPILER=arm-none-eabi-gcc" "ASSEMBLER=arm-none-eabi-as" 
TRACE::2023-01-23.17:17:28::SCWMssOS::"ARCHIVER=arm-none-eabi-ar" "COMPILER_FLAGS=  -O2 -c" "EXTRA_COMPILER_FLAGS=-mcpu=cortex-a9 -mfpu=vfpv3 -mfloat-abi=hard -nosta
TRACE::2023-01-23.17:17:28::SCWMssOS::rtfiles -g -Wall -Wextra"

TRACE::2023-01-23.17:17:28::SCWMssOS::"Running Make include in ps7_cortexa9_0/libsrc/devcfg_v3_7/src"

TRACE::2023-01-23.17:17:28::SCWMssOS::make -C ps7_cortexa9_0/libsrc/devcfg_v3_7/src -s include  "SHELL=CMD" "COMPILER=arm-none-eabi-gcc" "ASSEMBLER=arm-none-eabi-as"
TRACE::2023-01-23.17:17:28::SCWMssOS:: "ARCHIVER=arm-none-eabi-ar" "COMPILER_FLAGS=  -O2 -c" "EXTRA_COMPILER_FLAGS=-mcpu=cortex-a9 -mfpu=vfpv3 -mfloat-abi=hard -nost
TRACE::2023-01-23.17:17:28::SCWMssOS::artfiles -g -Wall -Wextra"

TRACE::2023-01-23.17:17:28::SCWMssOS::"Running Make include in ps7_cortexa9_0/libsrc/dmaps_v2_7/src"

TRACE::2023-01-23.17:17:28::SCWMssOS::make -C ps7_cortexa9_0/libsrc/dmaps_v2_7/src -s include  "SHELL=CMD" "COMPILER=arm-none-eabi-gcc" "ASSEMBLER=arm-none-eabi-as" 
TRACE::2023-01-23.17:17:28::SCWMssOS::"ARCHIVER=arm-none-eabi-ar" "COMPILER_FLAGS=  -O2 -c" "EXTRA_COMPILER_FLAGS=-mcpu=cortex-a9 -mfpu=vfpv3 -mfloat-abi=hard -nosta
TRACE::2023-01-23.17:17:28::SCWMssOS::rtfiles -g -Wall -Wextra"

TRACE::2023-01-23.17:17:28::SCWMssOS::"Running Make include in ps7_cortexa9_0/libsrc/emacps_v3_12/src"

TRACE::2023-01-23.17:17:28::SCWMssOS::make -C ps7_cortexa9_0/libsrc/emacps_v3_12/src -s include  "SHELL=CMD" "COMPILER=arm-none-eabi-gcc" "ASSEMBLER=arm-none-eabi-as
TRACE::2023-01-23.17:17:28::SCWMssOS::" "ARCHIVER=arm-none-eabi-ar" "COMPILER_FLAGS=  -O2 -c" "EXTRA_COMPILER_FLAGS=-mcpu=cortex-a9 -mfpu=vfpv3 -mfloat-abi=hard -nos
TRACE::2023-01-23.17:17:28::SCWMssOS::tartfiles -g -Wall -Wextra"

TRACE::2023-01-23.17:17:28::SCWMssOS::"Running Make include in ps7_cortexa9_0/libsrc/gpiops_v3_8/src"

TRACE::2023-01-23.17:17:28::SCWMssOS::make -C ps7_cortexa9_0/libsrc/gpiops_v3_8/src -s include  "SHELL=CMD" "COMPILER=arm-none-eabi-gcc" "ASSEMBLER=arm-none-eabi-as"
TRACE::2023-01-23.17:17:28::SCWMssOS:: "ARCHIVER=arm-none-eabi-ar" "COMPILER_FLAGS=  -O2 -c" "EXTRA_COMPILER_FLAGS=-mcpu=cortex-a9 -mfpu=vfpv3 -mfloat-abi=hard -nost
TRACE::2023-01-23.17:17:28::SCWMssOS::artfiles -g -Wall -Wextra"

TRACE::2023-01-23.17:17:28::SCWMssOS::"Running Make include in ps7_cortexa9_0/libsrc/gpio_v4_7/src"

TRACE::2023-01-23.17:17:28::SCWMssOS::make -C ps7_cortexa9_0/libsrc/gpio_v4_7/src -s include  "SHELL=CMD" "COMPILER=arm-none-eabi-gcc" "ASSEMBLER=arm-none-eabi-as" "
TRACE::2023-01-23.17:17:28::SCWMssOS::ARCHIVER=arm-none-eabi-ar" "COMPILER_FLAGS=  -O2 -c" "EXTRA_COMPILER_FLAGS=-mcpu=cortex-a9 -mfpu=vfpv3 -mfloat-abi=hard -nostar
TRACE::2023-01-23.17:17:28::SCWMssOS::tfiles -g -Wall -Wextra"

TRACE::2023-01-23.17:17:28::SCWMssOS::"Running Make include in ps7_cortexa9_0/libsrc/mycolorRegister_v1_0/src"

TRACE::2023-01-23.17:17:28::SCWMssOS::make -C ps7_cortexa9_0/libsrc/mycolorRegister_v1_0/src -s include  "SHELL=CMD" "COMPILER=arm-none-eabi-gcc" "ASSEMBLER=arm-none
TRACE::2023-01-23.17:17:28::SCWMssOS::-eabi-as" "ARCHIVER=arm-none-eabi-ar" "COMPILER_FLAGS=  -O2 -c" "EXTRA_COMPILER_FLAGS=-mcpu=cortex-a9 -mfpu=vfpv3 -mfloat-abi=h
TRACE::2023-01-23.17:17:28::SCWMssOS::ard -nostartfiles -g -Wall -Wextra"

TRACE::2023-01-23.17:17:28::SCWMssOS::"Running Make include in ps7_cortexa9_0/libsrc/pixelDataToVideoStream_v1_0/src"

TRACE::2023-01-23.17:17:28::SCWMssOS::make -C ps7_cortexa9_0/libsrc/pixelDataToVideoStream_v1_0/src -s include  "SHELL=CMD" "COMPILER=arm-none-eabi-gcc" "ASSEMBLER=a
TRACE::2023-01-23.17:17:28::SCWMssOS::rm-none-eabi-as" "ARCHIVER=arm-none-eabi-ar" "COMPILER_FLAGS=  -O2 -c" "EXTRA_COMPILER_FLAGS=-mcpu=cortex-a9 -mfpu=vfpv3 -mfloa
TRACE::2023-01-23.17:17:28::SCWMssOS::t-abi=hard -nostartfiles -g -Wall -Wextra"

TRACE::2023-01-23.17:17:28::SCWMssOS::"Running Make include in ps7_cortexa9_0/libsrc/qspips_v3_8/src"

TRACE::2023-01-23.17:17:28::SCWMssOS::make -C ps7_cortexa9_0/libsrc/qspips_v3_8/src -s include  "SHELL=CMD" "COMPILER=arm-none-eabi-gcc" "ASSEMBLER=arm-none-eabi-as"
TRACE::2023-01-23.17:17:28::SCWMssOS:: "ARCHIVER=arm-none-eabi-ar" "COMPILER_FLAGS=  -O2 -c" "EXTRA_COMPILER_FLAGS=-mcpu=cortex-a9 -mfpu=vfpv3 -mfloat-abi=hard -nost
TRACE::2023-01-23.17:17:28::SCWMssOS::artfiles -g -Wall -Wextra"

TRACE::2023-01-23.17:17:28::SCWMssOS::"Running Make include in ps7_cortexa9_0/libsrc/scugic_v4_3/src"

TRACE::2023-01-23.17:17:28::SCWMssOS::make -C ps7_cortexa9_0/libsrc/scugic_v4_3/src -s include  "SHELL=CMD" "COMPILER=arm-none-eabi-gcc" "ASSEMBLER=arm-none-eabi-as"
TRACE::2023-01-23.17:17:28::SCWMssOS:: "ARCHIVER=arm-none-eabi-ar" "COMPILER_FLAGS=  -O2 -c" "EXTRA_COMPILER_FLAGS=-mcpu=cortex-a9 -mfpu=vfpv3 -mfloat-abi=hard -nost
TRACE::2023-01-23.17:17:28::SCWMssOS::artfiles -g -Wall -Wextra"

TRACE::2023-01-23.17:17:28::SCWMssOS::"Running Make include in ps7_cortexa9_0/libsrc/scutimer_v2_3/src"

TRACE::2023-01-23.17:17:28::SCWMssOS::make -C ps7_cortexa9_0/libsrc/scutimer_v2_3/src -s include  "SHELL=CMD" "COMPILER=arm-none-eabi-gcc" "ASSEMBLER=arm-none-eabi-a
TRACE::2023-01-23.17:17:28::SCWMssOS::s" "ARCHIVER=arm-none-eabi-ar" "COMPILER_FLAGS=  -O2 -c" "EXTRA_COMPILER_FLAGS=-mcpu=cortex-a9 -mfpu=vfpv3 -mfloat-abi=hard -no
TRACE::2023-01-23.17:17:28::SCWMssOS::startfiles -g -Wall -Wextra"

TRACE::2023-01-23.17:17:28::SCWMssOS::"Running Make include in ps7_cortexa9_0/libsrc/scuwdt_v2_3/src"

TRACE::2023-01-23.17:17:28::SCWMssOS::make -C ps7_cortexa9_0/libsrc/scuwdt_v2_3/src -s include  "SHELL=CMD" "COMPILER=arm-none-eabi-gcc" "ASSEMBLER=arm-none-eabi-as"
TRACE::2023-01-23.17:17:28::SCWMssOS:: "ARCHIVER=arm-none-eabi-ar" "COMPILER_FLAGS=  -O2 -c" "EXTRA_COMPILER_FLAGS=-mcpu=cortex-a9 -mfpu=vfpv3 -mfloat-abi=hard -nost
TRACE::2023-01-23.17:17:28::SCWMssOS::artfiles -g -Wall -Wextra"

TRACE::2023-01-23.17:17:28::SCWMssOS::"Running Make include in ps7_cortexa9_0/libsrc/sdps_v3_10/src"

TRACE::2023-01-23.17:17:28::SCWMssOS::make -C ps7_cortexa9_0/libsrc/sdps_v3_10/src -s include  "SHELL=CMD" "COMPILER=arm-none-eabi-gcc" "ASSEMBLER=arm-none-eabi-as" 
TRACE::2023-01-23.17:17:28::SCWMssOS::"ARCHIVER=arm-none-eabi-ar" "COMPILER_FLAGS=  -O2 -c" "EXTRA_COMPILER_FLAGS=-mcpu=cortex-a9 -mfpu=vfpv3 -mfloat-abi=hard -nosta
TRACE::2023-01-23.17:17:28::SCWMssOS::rtfiles -g -Wall -Wextra"

TRACE::2023-01-23.17:17:28::SCWMssOS::"Running Make include in ps7_cortexa9_0/libsrc/standalone_v7_3/src"

TRACE::2023-01-23.17:17:28::SCWMssOS::make -C ps7_cortexa9_0/libsrc/standalone_v7_3/src -s include  "SHELL=CMD" "COMPILER=arm-none-eabi-gcc" "ASSEMBLER=arm-none-eabi
TRACE::2023-01-23.17:17:28::SCWMssOS::-as" "ARCHIVER=arm-none-eabi-ar" "COMPILER_FLAGS=  -O2 -c" "EXTRA_COMPILER_FLAGS=-mcpu=cortex-a9 -mfpu=vfpv3 -mfloat-abi=hard -
TRACE::2023-01-23.17:17:28::SCWMssOS::nostartfiles -g -Wall -Wextra"

TRACE::2023-01-23.17:17:28::SCWMssOS::"Running Make include in ps7_cortexa9_0/libsrc/uartps_v3_10/src"

TRACE::2023-01-23.17:17:28::SCWMssOS::make -C ps7_cortexa9_0/libsrc/uartps_v3_10/src -s include  "SHELL=CMD" "COMPILER=arm-none-eabi-gcc" "ASSEMBLER=arm-none-eabi-as
TRACE::2023-01-23.17:17:28::SCWMssOS::" "ARCHIVER=arm-none-eabi-ar" "COMPILER_FLAGS=  -O2 -c" "EXTRA_COMPILER_FLAGS=-mcpu=cortex-a9 -mfpu=vfpv3 -mfloat-abi=hard -nos
TRACE::2023-01-23.17:17:28::SCWMssOS::tartfiles -g -Wall -Wextra"

TRACE::2023-01-23.17:17:28::SCWMssOS::"Running Make include in ps7_cortexa9_0/libsrc/usbps_v2_6/src"

TRACE::2023-01-23.17:17:28::SCWMssOS::make -C ps7_cortexa9_0/libsrc/usbps_v2_6/src -s include  "SHELL=CMD" "COMPILER=arm-none-eabi-gcc" "ASSEMBLER=arm-none-eabi-as" 
TRACE::2023-01-23.17:17:28::SCWMssOS::"ARCHIVER=arm-none-eabi-ar" "COMPILER_FLAGS=  -O2 -c" "EXTRA_COMPILER_FLAGS=-mcpu=cortex-a9 -mfpu=vfpv3 -mfloat-abi=hard -nosta
TRACE::2023-01-23.17:17:28::SCWMssOS::rtfiles -g -Wall -Wextra"

TRACE::2023-01-23.17:17:28::SCWMssOS::"Running Make include in ps7_cortexa9_0/libsrc/video_common_v4_10/src"

TRACE::2023-01-23.17:17:28::SCWMssOS::make -C ps7_cortexa9_0/libsrc/video_common_v4_10/src -s include  "SHELL=CMD" "COMPILER=arm-none-eabi-gcc" "ASSEMBLER=arm-none-e
TRACE::2023-01-23.17:17:28::SCWMssOS::abi-as" "ARCHIVER=arm-none-eabi-ar" "COMPILER_FLAGS=  -O2 -c" "EXTRA_COMPILER_FLAGS=-mcpu=cortex-a9 -mfpu=vfpv3 -mfloat-abi=har
TRACE::2023-01-23.17:17:28::SCWMssOS::d -nostartfiles -g -Wall -Wextra"

TRACE::2023-01-23.17:17:28::SCWMssOS::"Running Make include in ps7_cortexa9_0/libsrc/vprocss_v2_8/src"

TRACE::2023-01-23.17:17:28::SCWMssOS::make -C ps7_cortexa9_0/libsrc/vprocss_v2_8/src -s include  "SHELL=CMD" "COMPILER=arm-none-eabi-gcc" "ASSEMBLER=arm-none-eabi-as
TRACE::2023-01-23.17:17:28::SCWMssOS::" "ARCHIVER=arm-none-eabi-ar" "COMPILER_FLAGS=  -O2 -c" "EXTRA_COMPILER_FLAGS=-mcpu=cortex-a9 -mfpu=vfpv3 -mfloat-abi=hard -nos
TRACE::2023-01-23.17:17:28::SCWMssOS::tartfiles -g -Wall -Wextra"

TRACE::2023-01-23.17:17:28::SCWMssOS::"Running Make include in ps7_cortexa9_0/libsrc/v_csc_v2_5/src"

TRACE::2023-01-23.17:17:28::SCWMssOS::make -C ps7_cortexa9_0/libsrc/v_csc_v2_5/src -s include  "SHELL=CMD" "COMPILER=arm-none-eabi-gcc" "ASSEMBLER=arm-none-eabi-as" 
TRACE::2023-01-23.17:17:28::SCWMssOS::"ARCHIVER=arm-none-eabi-ar" "COMPILER_FLAGS=  -O2 -c" "EXTRA_COMPILER_FLAGS=-mcpu=cortex-a9 -mfpu=vfpv3 -mfloat-abi=hard -nosta
TRACE::2023-01-23.17:17:28::SCWMssOS::rtfiles -g -Wall -Wextra"

TRACE::2023-01-23.17:17:28::SCWMssOS::"Running Make include in ps7_cortexa9_0/libsrc/v_deinterlacer_v7_2/src"

TRACE::2023-01-23.17:17:28::SCWMssOS::make -C ps7_cortexa9_0/libsrc/v_deinterlacer_v7_2/src -s include  "SHELL=CMD" "COMPILER=arm-none-eabi-gcc" "ASSEMBLER=arm-none-
TRACE::2023-01-23.17:17:28::SCWMssOS::eabi-as" "ARCHIVER=arm-none-eabi-ar" "COMPILER_FLAGS=  -O2 -c" "EXTRA_COMPILER_FLAGS=-mcpu=cortex-a9 -mfpu=vfpv3 -mfloat-abi=ha
TRACE::2023-01-23.17:17:28::SCWMssOS::rd -nostartfiles -g -Wall -Wextra"

TRACE::2023-01-23.17:17:28::SCWMssOS::"Running Make include in ps7_cortexa9_0/libsrc/v_hcresampler_v3_2/src"

TRACE::2023-01-23.17:17:28::SCWMssOS::make -C ps7_cortexa9_0/libsrc/v_hcresampler_v3_2/src -s include  "SHELL=CMD" "COMPILER=arm-none-eabi-gcc" "ASSEMBLER=arm-none-e
TRACE::2023-01-23.17:17:28::SCWMssOS::abi-as" "ARCHIVER=arm-none-eabi-ar" "COMPILER_FLAGS=  -O2 -c" "EXTRA_COMPILER_FLAGS=-mcpu=cortex-a9 -mfpu=vfpv3 -mfloat-abi=har
TRACE::2023-01-23.17:17:28::SCWMssOS::d -nostartfiles -g -Wall -Wextra"

TRACE::2023-01-23.17:17:28::SCWMssOS::"Running Make include in ps7_cortexa9_0/libsrc/v_hscaler_v3_4/src"

TRACE::2023-01-23.17:17:28::SCWMssOS::make -C ps7_cortexa9_0/libsrc/v_hscaler_v3_4/src -s include  "SHELL=CMD" "COMPILER=arm-none-eabi-gcc" "ASSEMBLER=arm-none-eabi-
TRACE::2023-01-23.17:17:28::SCWMssOS::as" "ARCHIVER=arm-none-eabi-ar" "COMPILER_FLAGS=  -O2 -c" "EXTRA_COMPILER_FLAGS=-mcpu=cortex-a9 -mfpu=vfpv3 -mfloat-abi=hard -n
TRACE::2023-01-23.17:17:28::SCWMssOS::ostartfiles -g -Wall -Wextra"

TRACE::2023-01-23.17:17:28::SCWMssOS::"Running Make include in ps7_cortexa9_0/libsrc/v_letterbox_v2_3/src"

TRACE::2023-01-23.17:17:28::SCWMssOS::make -C ps7_cortexa9_0/libsrc/v_letterbox_v2_3/src -s include  "SHELL=CMD" "COMPILER=arm-none-eabi-gcc" "ASSEMBLER=arm-none-eab
TRACE::2023-01-23.17:17:28::SCWMssOS::i-as" "ARCHIVER=arm-none-eabi-ar" "COMPILER_FLAGS=  -O2 -c" "EXTRA_COMPILER_FLAGS=-mcpu=cortex-a9 -mfpu=vfpv3 -mfloat-abi=hard 
TRACE::2023-01-23.17:17:28::SCWMssOS::-nostartfiles -g -Wall -Wextra"

TRACE::2023-01-23.17:17:28::SCWMssOS::"Running Make include in ps7_cortexa9_0/libsrc/v_vcresampler_v3_2/src"

TRACE::2023-01-23.17:17:28::SCWMssOS::make -C ps7_cortexa9_0/libsrc/v_vcresampler_v3_2/src -s include  "SHELL=CMD" "COMPILER=arm-none-eabi-gcc" "ASSEMBLER=arm-none-e
TRACE::2023-01-23.17:17:28::SCWMssOS::abi-as" "ARCHIVER=arm-none-eabi-ar" "COMPILER_FLAGS=  -O2 -c" "EXTRA_COMPILER_FLAGS=-mcpu=cortex-a9 -mfpu=vfpv3 -mfloat-abi=har
TRACE::2023-01-23.17:17:28::SCWMssOS::d -nostartfiles -g -Wall -Wextra"

TRACE::2023-01-23.17:17:28::SCWMssOS::"Running Make include in ps7_cortexa9_0/libsrc/v_vscaler_v3_2/src"

TRACE::2023-01-23.17:17:28::SCWMssOS::make -C ps7_cortexa9_0/libsrc/v_vscaler_v3_2/src -s include  "SHELL=CMD" "COMPILER=arm-none-eabi-gcc" "ASSEMBLER=arm-none-eabi-
TRACE::2023-01-23.17:17:28::SCWMssOS::as" "ARCHIVER=arm-none-eabi-ar" "COMPILER_FLAGS=  -O2 -c" "EXTRA_COMPILER_FLAGS=-mcpu=cortex-a9 -mfpu=vfpv3 -mfloat-abi=hard -n
TRACE::2023-01-23.17:17:28::SCWMssOS::ostartfiles -g -Wall -Wextra"

TRACE::2023-01-23.17:17:28::SCWMssOS::"Running Make include in ps7_cortexa9_0/libsrc/xadcps_v2_5/src"

TRACE::2023-01-23.17:17:28::SCWMssOS::make -C ps7_cortexa9_0/libsrc/xadcps_v2_5/src -s include  "SHELL=CMD" "COMPILER=arm-none-eabi-gcc" "ASSEMBLER=arm-none-eabi-as"
TRACE::2023-01-23.17:17:28::SCWMssOS:: "ARCHIVER=arm-none-eabi-ar" "COMPILER_FLAGS=  -O2 -c" "EXTRA_COMPILER_FLAGS=-mcpu=cortex-a9 -mfpu=vfpv3 -mfloat-abi=hard -nost
TRACE::2023-01-23.17:17:28::SCWMssOS::artfiles -g -Wall -Wextra"

TRACE::2023-01-23.17:17:28::SCWMssOS::"Running Make libs in ps7_cortexa9_0/libsrc/axis_switch_v1_4/src"

TRACE::2023-01-23.17:17:28::SCWMssOS::make -C ps7_cortexa9_0/libsrc/axis_switch_v1_4/src -s libs  "SHELL=CMD" "COMPILER=arm-none-eabi-gcc" "ASSEMBLER=arm-none-eabi-a
TRACE::2023-01-23.17:17:28::SCWMssOS::s" "ARCHIVER=arm-none-eabi-ar" "COMPILER_FLAGS=  -O2 -c" "EXTRA_COMPILER_FLAGS=-mcpu=cortex-a9 -mfpu=vfpv3 -mfloat-abi=hard -no
TRACE::2023-01-23.17:17:28::SCWMssOS::startfiles -g -Wall -Wextra"

TRACE::2023-01-23.17:17:28::SCWMssOS::"Running Make libs in ps7_cortexa9_0/libsrc/axivdma_v6_8/src"

TRACE::2023-01-23.17:17:28::SCWMssOS::make -C ps7_cortexa9_0/libsrc/axivdma_v6_8/src -s libs  "SHELL=CMD" "COMPILER=arm-none-eabi-gcc" "ASSEMBLER=arm-none-eabi-as" "
TRACE::2023-01-23.17:17:28::SCWMssOS::ARCHIVER=arm-none-eabi-ar" "COMPILER_FLAGS=  -O2 -c" "EXTRA_COMPILER_FLAGS=-mcpu=cortex-a9 -mfpu=vfpv3 -mfloat-abi=hard -nostar
TRACE::2023-01-23.17:17:28::SCWMssOS::tfiles -g -Wall -Wextra"

TRACE::2023-01-23.17:17:28::SCWMssOS::"Running Make libs in ps7_cortexa9_0/libsrc/coresightps_dcc_v1_8/src"

TRACE::2023-01-23.17:17:28::SCWMssOS::make -C ps7_cortexa9_0/libsrc/coresightps_dcc_v1_8/src -s libs  "SHELL=CMD" "COMPILER=arm-none-eabi-gcc" "ASSEMBLER=arm-none-ea
TRACE::2023-01-23.17:17:28::SCWMssOS::bi-as" "ARCHIVER=arm-none-eabi-ar" "COMPILER_FLAGS=  -O2 -c" "EXTRA_COMPILER_FLAGS=-mcpu=cortex-a9 -mfpu=vfpv3 -mfloat-abi=hard
TRACE::2023-01-23.17:17:28::SCWMssOS:: -nostartfiles -g -Wall -Wextra"

TRACE::2023-01-23.17:17:28::SCWMssOS::"Running Make libs in ps7_cortexa9_0/libsrc/cpu_cortexa9_v2_10/src"

TRACE::2023-01-23.17:17:28::SCWMssOS::make -C ps7_cortexa9_0/libsrc/cpu_cortexa9_v2_10/src -s libs  "SHELL=CMD" "COMPILER=arm-none-eabi-gcc" "ASSEMBLER=arm-none-eabi
TRACE::2023-01-23.17:17:28::SCWMssOS::-as" "ARCHIVER=arm-none-eabi-ar" "COMPILER_FLAGS=  -O2 -c" "EXTRA_COMPILER_FLAGS=-mcpu=cortex-a9 -mfpu=vfpv3 -mfloat-abi=hard -
TRACE::2023-01-23.17:17:28::SCWMssOS::nostartfiles -g -Wall -Wextra"

TRACE::2023-01-23.17:17:28::SCWMssOS::"Running Make libs in ps7_cortexa9_0/libsrc/ddrps_v1_2/src"

TRACE::2023-01-23.17:17:28::SCWMssOS::make -C ps7_cortexa9_0/libsrc/ddrps_v1_2/src -s libs  "SHELL=CMD" "COMPILER=arm-none-eabi-gcc" "ASSEMBLER=arm-none-eabi-as" "AR
TRACE::2023-01-23.17:17:28::SCWMssOS::CHIVER=arm-none-eabi-ar" "COMPILER_FLAGS=  -O2 -c" "EXTRA_COMPILER_FLAGS=-mcpu=cortex-a9 -mfpu=vfpv3 -mfloat-abi=hard -nostartf
TRACE::2023-01-23.17:17:28::SCWMssOS::iles -g -Wall -Wextra"

TRACE::2023-01-23.17:17:28::SCWMssOS::"Running Make libs in ps7_cortexa9_0/libsrc/devcfg_v3_7/src"

TRACE::2023-01-23.17:17:28::SCWMssOS::"Running Make libs in ps7_cortexa9_0/libsrc/dmaps_v2_7/src"

TRACE::2023-01-23.17:17:28::SCWMssOS::make -C ps7_cortexa9_0/libsrc/devcfg_v3_7/src -s libs  "SHELL=CMD" "COMPILER=arm-none-eabi-gcc" "ASSEMBLER=arm-none-eabi-as" "A
TRACE::2023-01-23.17:17:28::SCWMssOS::RCHIVER=arm-none-eabi-ar" "COMPILER_FLAGS=  -O2 -c" "EXTRA_COMPILER_FLAGS=-mcpu=cortex-a9 -mfpu=vfpv3 -mfloat-abi=hard -nostart
TRACE::2023-01-23.17:17:28::SCWMssOS::files -g -Wall -Wextra"

TRACE::2023-01-23.17:17:28::SCWMssOS::make -C ps7_cortexa9_0/libsrc/dmaps_v2_7/src -s libs  "SHELL=CMD" "COMPILER=arm-none-eabi-gcc" "ASSEMBLER=arm-none-eabi-as" "AR
TRACE::2023-01-23.17:17:28::SCWMssOS::CHIVER=arm-none-eabi-ar" "COMPILER_FLAGS=  -O2 -c" "EXTRA_COMPILER_FLAGS=-mcpu=cortex-a9 -mfpu=vfpv3 -mfloat-abi=hard -nostartf
TRACE::2023-01-23.17:17:28::SCWMssOS::iles -g -Wall -Wextra"

TRACE::2023-01-23.17:17:28::SCWMssOS::"Running Make libs in ps7_cortexa9_0/libsrc/emacps_v3_12/src"

TRACE::2023-01-23.17:17:28::SCWMssOS::make -C ps7_cortexa9_0/libsrc/emacps_v3_12/src -s libs  "SHELL=CMD" "COMPILER=arm-none-eabi-gcc" "ASSEMBLER=arm-none-eabi-as" "
TRACE::2023-01-23.17:17:28::SCWMssOS::ARCHIVER=arm-none-eabi-ar" "COMPILER_FLAGS=  -O2 -c" "EXTRA_COMPILER_FLAGS=-mcpu=cortex-a9 -mfpu=vfpv3 -mfloat-abi=hard -nostar
TRACE::2023-01-23.17:17:28::SCWMssOS::tfiles -g -Wall -Wextra"

TRACE::2023-01-23.17:17:28::SCWMssOS::"Running Make libs in ps7_cortexa9_0/libsrc/gpiops_v3_8/src"

TRACE::2023-01-23.17:17:28::SCWMssOS::make -C ps7_cortexa9_0/libsrc/gpiops_v3_8/src -s libs  "SHELL=CMD" "COMPILER=arm-none-eabi-gcc" "ASSEMBLER=arm-none-eabi-as" "A
TRACE::2023-01-23.17:17:28::SCWMssOS::RCHIVER=arm-none-eabi-ar" "COMPILER_FLAGS=  -O2 -c" "EXTRA_COMPILER_FLAGS=-mcpu=cortex-a9 -mfpu=vfpv3 -mfloat-abi=hard -nostart
TRACE::2023-01-23.17:17:28::SCWMssOS::files -g -Wall -Wextra"

TRACE::2023-01-23.17:17:28::SCWMssOS::"Running Make libs in ps7_cortexa9_0/libsrc/qspips_v3_8/src"

TRACE::2023-01-23.17:17:28::SCWMssOS::make -C ps7_cortexa9_0/libsrc/qspips_v3_8/src -s libs  "SHELL=CMD" "COMPILER=arm-none-eabi-gcc" "ASSEMBLER=arm-none-eabi-as" "A
TRACE::2023-01-23.17:17:28::SCWMssOS::RCHIVER=arm-none-eabi-ar" "COMPILER_FLAGS=  -O2 -c" "EXTRA_COMPILER_FLAGS=-mcpu=cortex-a9 -mfpu=vfpv3 -mfloat-abi=hard -nostart
TRACE::2023-01-23.17:17:28::SCWMssOS::files -g -Wall -Wextra"

TRACE::2023-01-23.17:17:28::SCWMssOS::"Running Make libs in ps7_cortexa9_0/libsrc/gpio_v4_7/src"

TRACE::2023-01-23.17:17:28::SCWMssOS::"Running Make libs in ps7_cortexa9_0/libsrc/scugic_v4_3/src"

TRACE::2023-01-23.17:17:29::SCWMssOS::"Running Make libs in ps7_cortexa9_0/libsrc/scutimer_v2_3/src"

TRACE::2023-01-23.17:17:29::SCWMssOS::make -C ps7_cortexa9_0/libsrc/gpio_v4_7/src -s libs  "SHELL=CMD" "COMPILER=arm-none-eabi-gcc" "ASSEMBLER=arm-none-eabi-as" "ARC
TRACE::2023-01-23.17:17:29::SCWMssOS::HIVER=arm-none-eabi-ar" "COMPILER_FLAGS=  -O2 -c" "EXTRA_COMPILER_FLAGS=-mcpu=cortex-a9 -mfpu=vfpv3 -mfloat-abi=hard -nostartfi
TRACE::2023-01-23.17:17:29::SCWMssOS::les -g -Wall -Wextra"

TRACE::2023-01-23.17:17:29::SCWMssOS::make -C ps7_cortexa9_0/libsrc/scugic_v4_3/src -s libs  "SHELL=CMD" "COMPILER=arm-none-eabi-gcc" "ASSEMBLER=arm-none-eabi-as" "A
TRACE::2023-01-23.17:17:29::SCWMssOS::RCHIVER=arm-none-eabi-ar" "COMPILER_FLAGS=  -O2 -c" "EXTRA_COMPILER_FLAGS=-mcpu=cortex-a9 -mfpu=vfpv3 -mfloat-abi=hard -nostart
TRACE::2023-01-23.17:17:29::SCWMssOS::files -g -Wall -Wextra"

TRACE::2023-01-23.17:17:29::SCWMssOS::make -C ps7_cortexa9_0/libsrc/scutimer_v2_3/src -s libs  "SHELL=CMD" "COMPILER=arm-none-eabi-gcc" "ASSEMBLER=arm-none-eabi-as" 
TRACE::2023-01-23.17:17:29::SCWMssOS::"ARCHIVER=arm-none-eabi-ar" "COMPILER_FLAGS=  -O2 -c" "EXTRA_COMPILER_FLAGS=-mcpu=cortex-a9 -mfpu=vfpv3 -mfloat-abi=hard -nosta
TRACE::2023-01-23.17:17:29::SCWMssOS::rtfiles -g -Wall -Wextra"

TRACE::2023-01-23.17:17:29::SCWMssOS::"Running Make libs in ps7_cortexa9_0/libsrc/scuwdt_v2_3/src"

TRACE::2023-01-23.17:17:29::SCWMssOS::make -C ps7_cortexa9_0/libsrc/scuwdt_v2_3/src -s libs  "SHELL=CMD" "COMPILER=arm-none-eabi-gcc" "ASSEMBLER=arm-none-eabi-as" "A
TRACE::2023-01-23.17:17:29::SCWMssOS::RCHIVER=arm-none-eabi-ar" "COMPILER_FLAGS=  -O2 -c" "EXTRA_COMPILER_FLAGS=-mcpu=cortex-a9 -mfpu=vfpv3 -mfloat-abi=hard -nostart
TRACE::2023-01-23.17:17:29::SCWMssOS::files -g -Wall -Wextra"

TRACE::2023-01-23.17:17:29::SCWMssOS::"Running Make libs in ps7_cortexa9_0/libsrc/sdps_v3_10/src"

TRACE::2023-01-23.17:17:29::SCWMssOS::make -C ps7_cortexa9_0/libsrc/sdps_v3_10/src -s libs  "SHELL=CMD" "COMPILER=arm-none-eabi-gcc" "ASSEMBLER=arm-none-eabi-as" "AR
TRACE::2023-01-23.17:17:29::SCWMssOS::CHIVER=arm-none-eabi-ar" "COMPILER_FLAGS=  -O2 -c" "EXTRA_COMPILER_FLAGS=-mcpu=cortex-a9 -mfpu=vfpv3 -mfloat-abi=hard -nostartf
TRACE::2023-01-23.17:17:29::SCWMssOS::iles -g -Wall -Wextra"

TRACE::2023-01-23.17:17:29::SCWMssOS::"Running Make libs in ps7_cortexa9_0/libsrc/standalone_v7_3/src"

TRACE::2023-01-23.17:17:29::SCWMssOS::make -C ps7_cortexa9_0/libsrc/standalone_v7_3/src -s libs  "SHELL=CMD" "COMPILER=arm-none-eabi-gcc" "ASSEMBLER=arm-none-eabi-as
TRACE::2023-01-23.17:17:29::SCWMssOS::" "ARCHIVER=arm-none-eabi-ar" "COMPILER_FLAGS=  -O2 -c" "EXTRA_COMPILER_FLAGS=-mcpu=cortex-a9 -mfpu=vfpv3 -mfloat-abi=hard -nos
TRACE::2023-01-23.17:17:29::SCWMssOS::tartfiles -g -Wall -Wextra"

TRACE::2023-01-23.17:17:29::SCWMssOS::"Running Make libs in ps7_cortexa9_0/libsrc/uartps_v3_10/src"

TRACE::2023-01-23.17:17:29::SCWMssOS::make -C ps7_cortexa9_0/libsrc/uartps_v3_10/src -s libs  "SHELL=CMD" "COMPILER=arm-none-eabi-gcc" "ASSEMBLER=arm-none-eabi-as" "
TRACE::2023-01-23.17:17:29::SCWMssOS::ARCHIVER=arm-none-eabi-ar" "COMPILER_FLAGS=  -O2 -c" "EXTRA_COMPILER_FLAGS=-mcpu=cortex-a9 -mfpu=vfpv3 -mfloat-abi=hard -nostar
TRACE::2023-01-23.17:17:29::SCWMssOS::tfiles -g -Wall -Wextra"

TRACE::2023-01-23.17:17:29::SCWMssOS::"Running Make libs in ps7_cortexa9_0/libsrc/video_common_v4_10/src"

TRACE::2023-01-23.17:17:29::SCWMssOS::"Running Make libs in ps7_cortexa9_0/libsrc/usbps_v2_6/src"

TRACE::2023-01-23.17:17:29::SCWMssOS::"Running Make libs in ps7_cortexa9_0/libsrc/vprocss_v2_8/src"

TRACE::2023-01-23.17:17:29::SCWMssOS::make -C ps7_cortexa9_0/libsrc/usbps_v2_6/src -s libs  "SHELL=CMD" "COMPILER=arm-none-eabi-gcc" "ASSEMBLER=arm-none-eabi-as" "AR
TRACE::2023-01-23.17:17:29::SCWMssOS::CHIVER=arm-none-eabi-ar" "COMPILER_FLAGS=  -O2 -c" "EXTRA_COMPILER_FLAGS=-mcpu=cortex-a9 -mfpu=vfpv3 -mfloat-abi=hard -nostartf
TRACE::2023-01-23.17:17:29::SCWMssOS::iles -g -Wall -Wextra"

TRACE::2023-01-23.17:17:29::SCWMssOS::"Running Make libs in ps7_cortexa9_0/libsrc/v_csc_v2_5/src"

TRACE::2023-01-23.17:17:29::SCWMssOS::make -C ps7_cortexa9_0/libsrc/video_common_v4_10/src -s libs  "SHELL=CMD" "COMPILER=arm-none-eabi-gcc" "ASSEMBLER=arm-none-eabi
TRACE::2023-01-23.17:17:29::SCWMssOS::-as" "ARCHIVER=arm-none-eabi-ar" "COMPILER_FLAGS=  -O2 -c" "EXTRA_COMPILER_FLAGS=-mcpu=cortex-a9 -mfpu=vfpv3 -mfloat-abi=hard -
TRACE::2023-01-23.17:17:29::SCWMssOS::nostartfiles -g -Wall -Wextra"

TRACE::2023-01-23.17:17:29::SCWMssOS::make -C ps7_cortexa9_0/libsrc/vprocss_v2_8/src -s libs  "SHELL=CMD" "COMPILER=arm-none-eabi-gcc" "ASSEMBLER=arm-none-eabi-as" "
TRACE::2023-01-23.17:17:29::SCWMssOS::ARCHIVER=arm-none-eabi-ar" "COMPILER_FLAGS=  -O2 -c" "EXTRA_COMPILER_FLAGS=-mcpu=cortex-a9 -mfpu=vfpv3 -mfloat-abi=hard -nostar
TRACE::2023-01-23.17:17:29::SCWMssOS::tfiles -g -Wall -Wextra"

TRACE::2023-01-23.17:17:29::SCWMssOS::make -C ps7_cortexa9_0/libsrc/v_csc_v2_5/src -s libs  "SHELL=CMD" "COMPILER=arm-none-eabi-gcc" "ASSEMBLER=arm-none-eabi-as" "AR
TRACE::2023-01-23.17:17:29::SCWMssOS::CHIVER=arm-none-eabi-ar" "COMPILER_FLAGS=  -O2 -c" "EXTRA_COMPILER_FLAGS=-mcpu=cortex-a9 -mfpu=vfpv3 -mfloat-abi=hard -nostartf
TRACE::2023-01-23.17:17:29::SCWMssOS::iles -g -Wall -Wextra"

TRACE::2023-01-23.17:17:29::SCWMssOS::"Running Make libs in ps7_cortexa9_0/libsrc/v_hscaler_v3_4/src"

TRACE::2023-01-23.17:17:30::SCWMssOS::"Running Make libs in ps7_cortexa9_0/libsrc/v_deinterlacer_v7_2/src"

TRACE::2023-01-23.17:17:30::SCWMssOS::"Running Make libs in ps7_cortexa9_0/libsrc/v_letterbox_v2_3/src"

TRACE::2023-01-23.17:17:30::SCWMssOS::make -C ps7_cortexa9_0/libsrc/v_deinterlacer_v7_2/src -s libs  "SHELL=CMD" "COMPILER=arm-none-eabi-gcc" "ASSEMBLER=arm-none-eab
TRACE::2023-01-23.17:17:30::SCWMssOS::i-as" "ARCHIVER=arm-none-eabi-ar" "COMPILER_FLAGS=  -O2 -c" "EXTRA_COMPILER_FLAGS=-mcpu=cortex-a9 -mfpu=vfpv3 -mfloat-abi=hard 
TRACE::2023-01-23.17:17:30::SCWMssOS::-nostartfiles -g -Wall -Wextra"

TRACE::2023-01-23.17:17:30::SCWMssOS::make -C ps7_cortexa9_0/libsrc/v_hscaler_v3_4/src -s libs  "SHELL=CMD" "COMPILER=arm-none-eabi-gcc" "ASSEMBLER=arm-none-eabi-as"
TRACE::2023-01-23.17:17:30::SCWMssOS:: "ARCHIVER=arm-none-eabi-ar" "COMPILER_FLAGS=  -O2 -c" "EXTRA_COMPILER_FLAGS=-mcpu=cortex-a9 -mfpu=vfpv3 -mfloat-abi=hard -nost
TRACE::2023-01-23.17:17:30::SCWMssOS::artfiles -g -Wall -Wextra"

TRACE::2023-01-23.17:17:30::SCWMssOS::make -C ps7_cortexa9_0/libsrc/v_letterbox_v2_3/src -s libs  "SHELL=CMD" "COMPILER=arm-none-eabi-gcc" "ASSEMBLER=arm-none-eabi-a
TRACE::2023-01-23.17:17:30::SCWMssOS::s" "ARCHIVER=arm-none-eabi-ar" "COMPILER_FLAGS=  -O2 -c" "EXTRA_COMPILER_FLAGS=-mcpu=cortex-a9 -mfpu=vfpv3 -mfloat-abi=hard -no
TRACE::2023-01-23.17:17:30::SCWMssOS::startfiles -g -Wall -Wextra"

TRACE::2023-01-23.17:17:30::SCWMssOS::"Running Make libs in ps7_cortexa9_0/libsrc/v_vcresampler_v3_2/src"

TRACE::2023-01-23.17:17:30::SCWMssOS::make -C ps7_cortexa9_0/libsrc/v_vcresampler_v3_2/src -s libs  "SHELL=CMD" "COMPILER=arm-none-eabi-gcc" "ASSEMBLER=arm-none-eabi
TRACE::2023-01-23.17:17:30::SCWMssOS::-as" "ARCHIVER=arm-none-eabi-ar" "COMPILER_FLAGS=  -O2 -c" "EXTRA_COMPILER_FLAGS=-mcpu=cortex-a9 -mfpu=vfpv3 -mfloat-abi=hard -
TRACE::2023-01-23.17:17:30::SCWMssOS::nostartfiles -g -Wall -Wextra"

TRACE::2023-01-23.17:17:30::SCWMssOS::"Running Make libs in ps7_cortexa9_0/libsrc/v_vscaler_v3_2/src"

TRACE::2023-01-23.17:17:30::SCWMssOS::"Running Make libs in ps7_cortexa9_0/libsrc/xadcps_v2_5/src"

TRACE::2023-01-23.17:17:30::SCWMssOS::make -C ps7_cortexa9_0/libsrc/v_vscaler_v3_2/src -s libs  "SHELL=CMD" "COMPILER=arm-none-eabi-gcc" "ASSEMBLER=arm-none-eabi-as"
TRACE::2023-01-23.17:17:30::SCWMssOS:: "ARCHIVER=arm-none-eabi-ar" "COMPILER_FLAGS=  -O2 -c" "EXTRA_COMPILER_FLAGS=-mcpu=cortex-a9 -mfpu=vfpv3 -mfloat-abi=hard -nost
TRACE::2023-01-23.17:17:30::SCWMssOS::artfiles -g -Wall -Wextra"

TRACE::2023-01-23.17:17:30::SCWMssOS::"Running Make libs in ps7_cortexa9_0/libsrc/v_hcresampler_v3_2/src"

TRACE::2023-01-23.17:17:30::SCWMssOS::make -C ps7_cortexa9_0/libsrc/xadcps_v2_5/src -s libs  "SHELL=CMD" "COMPILER=arm-none-eabi-gcc" "ASSEMBLER=arm-none-eabi-as" "A
TRACE::2023-01-23.17:17:30::SCWMssOS::RCHIVER=arm-none-eabi-ar" "COMPILER_FLAGS=  -O2 -c" "EXTRA_COMPILER_FLAGS=-mcpu=cortex-a9 -mfpu=vfpv3 -mfloat-abi=hard -nostart
TRACE::2023-01-23.17:17:30::SCWMssOS::files -g -Wall -Wextra"

TRACE::2023-01-23.17:17:30::SCWMssOS::make -C ps7_cortexa9_0/libsrc/v_hcresampler_v3_2/src -s libs  "SHELL=CMD" "COMPILER=arm-none-eabi-gcc" "ASSEMBLER=arm-none-eabi
TRACE::2023-01-23.17:17:30::SCWMssOS::-as" "ARCHIVER=arm-none-eabi-ar" "COMPILER_FLAGS=  -O2 -c" "EXTRA_COMPILER_FLAGS=-mcpu=cortex-a9 -mfpu=vfpv3 -mfloat-abi=hard -
TRACE::2023-01-23.17:17:30::SCWMssOS::nostartfiles -g -Wall -Wextra"

TRACE::2023-01-23.17:17:32::SCWMssOS::'Finished building libraries parallelly.'

TRACE::2023-01-23.17:17:32::SCWMssOS::make --no-print-directory archive

TRACE::2023-01-23.17:17:32::SCWMssOS::arm-none-eabi-ar -r  ps7_cortexa9_0/lib/libxil.a ps7_cortexa9_0/lib/xadcps_selftest.o ps7_cortexa9_0/lib/xvprocss_sinit.o ps7_c
TRACE::2023-01-23.17:17:32::SCWMssOS::ortexa9_0/lib/xv_hcresampler_coeff.o ps7_cortexa9_0/lib/xv_vscaler_sinit.o ps7_cortexa9_0/lib/xplatform_info.o ps7_cortexa9_0/l
TRACE::2023-01-23.17:17:32::SCWMssOS::ib/xil_mmu.o ps7_cortexa9_0/lib/xv_vscaler_linux.o ps7_cortexa9_0/lib/xv_hscaler_sinit.o ps7_cortexa9_0/lib/xusbps_endpoint.o p
TRACE::2023-01-23.17:17:32::SCWMssOS::s7_cortexa9_0/lib/xusbps_sinit.o ps7_cortexa9_0/lib/unlink.o ps7_cortexa9_0/lib/xdevcfg_hw.o ps7_cortexa9_0/lib/xil_sleeptimer.
TRACE::2023-01-23.17:17:32::SCWMssOS::o ps7_cortexa9_0/lib/xgpio_sinit.o ps7_cortexa9_0/lib/xqspips_options.o ps7_cortexa9_0/lib/xvidc_timings_table.o ps7_cortexa9_0
TRACE::2023-01-23.17:17:32::SCWMssOS::/lib/xdmaps_g.o ps7_cortexa9_0/lib/xscutimer_g.o ps7_cortexa9_0/lib/xsdps_options.o ps7_cortexa9_0/lib/xv_deinterlacer.o ps7_co
TRACE::2023-01-23.17:17:32::SCWMssOS::rtexa9_0/lib/xil_misc_psreset_api.o ps7_cortexa9_0/lib/xdmaps_sinit.o ps7_cortexa9_0/lib/xscutimer_sinit.o ps7_cortexa9_0/lib/x
TRACE::2023-01-23.17:17:32::SCWMssOS::emacps_hw.o ps7_cortexa9_0/lib/inbyte.o ps7_cortexa9_0/lib/xdmaps_selftest.o ps7_cortexa9_0/lib/xscutimer_selftest.o ps7_cortex
TRACE::2023-01-23.17:17:32::SCWMssOS::a9_0/lib/putnum.o ps7_cortexa9_0/lib/xqspips_hw.o ps7_cortexa9_0/lib/xgpiops_g.o ps7_cortexa9_0/lib/xsdps.o ps7_cortexa9_0/lib/
TRACE::2023-01-23.17:17:32::SCWMssOS::close.o ps7_cortexa9_0/lib/xv_deinterlacer_l2.o ps7_cortexa9_0/lib/xemacps_g.o ps7_cortexa9_0/lib/xgpiops_sinit.o ps7_cortexa9_
TRACE::2023-01-23.17:17:32::SCWMssOS::0/lib/xvprocss_coreinit.o ps7_cortexa9_0/lib/xgpiops_selftest.o ps7_cortexa9_0/lib/xgpio_g.o ps7_cortexa9_0/lib/xscuwdt.o ps7_c
TRACE::2023-01-23.17:17:32::SCWMssOS::ortexa9_0/lib/xv_hcresampler_linux.o ps7_cortexa9_0/lib/xaxivdma_g.o ps7_cortexa9_0/lib/xv_csc_l2.o ps7_cortexa9_0/lib/xil_mem.
TRACE::2023-01-23.17:17:32::SCWMssOS::o ps7_cortexa9_0/lib/xaxivdma_sinit.o ps7_cortexa9_0/lib/xv_hscaler.o ps7_cortexa9_0/lib/xgpio_selftest.o ps7_cortexa9_0/lib/xa
TRACE::2023-01-23.17:17:32::SCWMssOS::xivdma_selftest.o ps7_cortexa9_0/lib/xil_printf.o ps7_cortexa9_0/lib/kill.o ps7_cortexa9_0/lib/xadcps.o ps7_cortexa9_0/lib/xuar
TRACE::2023-01-23.17:17:32::SCWMssOS::tps_sinit.o ps7_cortexa9_0/lib/xaxis_switch_g.o ps7_cortexa9_0/lib/xuartps_selftest.o ps7_cortexa9_0/lib/xuartps_g.o ps7_cortex
TRACE::2023-01-23.17:17:32::SCWMssOS::a9_0/lib/outbyte.o ps7_cortexa9_0/lib/lseek.o ps7_cortexa9_0/lib/xv_vcresampler_sinit.o ps7_cortexa9_0/lib/xusbps_hw.o ps7_cort
TRACE::2023-01-23.17:17:32::SCWMssOS::exa9_0/lib/xv_vcresampler_linux.o ps7_cortexa9_0/lib/xl2cc_counter.o ps7_cortexa9_0/lib/xv_deinterlacer_linux.o ps7_cortexa9_0/
TRACE::2023-01-23.17:17:32::SCWMssOS::lib/asm_vectors.o ps7_cortexa9_0/lib/usleep.o ps7_cortexa9_0/lib/abort.o ps7_cortexa9_0/lib/xscugic_intr.o ps7_cortexa9_0/lib/g
TRACE::2023-01-23.17:17:32::SCWMssOS::etpid.o ps7_cortexa9_0/lib/xil_testcache.o ps7_cortexa9_0/lib/xdevcfg_sinit.o ps7_cortexa9_0/lib/xdmaps.o ps7_cortexa9_0/lib/xs
TRACE::2023-01-23.17:17:32::SCWMssOS::cutimer.o ps7_cortexa9_0/lib/xv_hscaler_linux.o ps7_cortexa9_0/lib/xdevcfg_selftest.o ps7_cortexa9_0/lib/xpm_counter.o ps7_cort
TRACE::2023-01-23.17:17:32::SCWMssOS::exa9_0/lib/xv_vcresampler_g.o ps7_cortexa9_0/lib/_sbrk.o ps7_cortexa9_0/lib/xemacps_sinit.o ps7_cortexa9_0/lib/xqspips_g.o ps7_
TRACE::2023-01-23.17:17:32::SCWMssOS::cortexa9_0/lib/xgpiops.o ps7_cortexa9_0/lib/xsdps_g.o ps7_cortexa9_0/lib/xusbps_g.o ps7_cortexa9_0/lib/xsdps_sinit.o ps7_cortex
TRACE::2023-01-23.17:17:32::SCWMssOS::a9_0/lib/xvprocss.o ps7_cortexa9_0/lib/xv_vscaler_g.o ps7_cortexa9_0/lib/xv_vcresampler_coeff.o ps7_cortexa9_0/lib/xqspips_self
TRACE::2023-01-23.17:17:32::SCWMssOS::test.o ps7_cortexa9_0/lib/xil_exception.o ps7_cortexa9_0/lib/xgpio.o ps7_cortexa9_0/lib/xil_testmem.o ps7_cortexa9_0/lib/xaxivd
TRACE::2023-01-23.17:17:32::SCWMssOS::ma.o ps7_cortexa9_0/lib/xemacps_control.o ps7_cortexa9_0/lib/open.o ps7_cortexa9_0/lib/xaxis_switch_selftest.o ps7_cortexa9_0/l
TRACE::2023-01-23.17:17:32::SCWMssOS::ib/xil_assert.o ps7_cortexa9_0/lib/xaxivdma_intr.o ps7_cortexa9_0/lib/xv_letterbox_linux.o ps7_cortexa9_0/lib/xusbps_intr.o ps7
TRACE::2023-01-23.17:17:32::SCWMssOS::_cortexa9_0/lib/xv_vscaler_coeff.o ps7_cortexa9_0/lib/xvidc.o ps7_cortexa9_0/lib/xsdps_host.o ps7_cortexa9_0/lib/xcoresightpsdc
TRACE::2023-01-23.17:17:32::SCWMssOS::c.o ps7_cortexa9_0/lib/xv_csc.o ps7_cortexa9_0/lib/xscugic_hw.o ps7_cortexa9_0/lib/xuartps.o ps7_cortexa9_0/lib/sleep.o ps7_cor
TRACE::2023-01-23.17:17:32::SCWMssOS::texa9_0/lib/cpputest_time.o ps7_cortexa9_0/lib/_open.o ps7_cortexa9_0/lib/fcntl.o ps7_cortexa9_0/lib/xv_vscaler_l2.o ps7_cortex
TRACE::2023-01-23.17:17:32::SCWMssOS::a9_0/lib/xvidc_edid.o ps7_cortexa9_0/lib/print.o ps7_cortexa9_0/lib/read.o ps7_cortexa9_0/lib/xv_hcresampler.o ps7_cortexa9_0/l
TRACE::2023-01-23.17:17:32::SCWMssOS::ib/xv_letterbox.o ps7_cortexa9_0/lib/xdevcfg.o ps7_cortexa9_0/lib/xadcps_intr.o ps7_cortexa9_0/lib/xqspips.o ps7_cortexa9_0/lib
TRACE::2023-01-23.17:17:32::SCWMssOS::/xv_deinterlacer_g.o ps7_cortexa9_0/lib/xv_deinterlacer_sinit.o ps7_cortexa9_0/lib/xemacps.o ps7_cortexa9_0/lib/xil_cache.o ps7
TRACE::2023-01-23.17:17:32::SCWMssOS::_cortexa9_0/lib/xil_testio.o ps7_cortexa9_0/lib/xv_vcresampler.o ps7_cortexa9_0/lib/xvidc_edid_ext.o ps7_cortexa9_0/lib/xuartps
TRACE::2023-01-23.17:17:32::SCWMssOS::_intr.o ps7_cortexa9_0/lib/xusbps.o ps7_cortexa9_0/lib/xaxis_switch.o ps7_cortexa9_0/lib/xv_vscaler.o ps7_cortexa9_0/lib/_exit.
TRACE::2023-01-23.17:17:32::SCWMssOS::o ps7_cortexa9_0/lib/translation_table.o ps7_cortexa9_0/lib/write.o ps7_cortexa9_0/lib/boot.o ps7_cortexa9_0/lib/xemacps_bdring
TRACE::2023-01-23.17:17:32::SCWMssOS::.o ps7_cortexa9_0/lib/xaxivdma_channel.o ps7_cortexa9_0/lib/cpu_init.o ps7_cortexa9_0/lib/xil_sleepcommon.o ps7_cortexa9_0/lib/
TRACE::2023-01-23.17:17:32::SCWMssOS::xscugic_g.o ps7_cortexa9_0/lib/xv_hscaler_g.o ps7_cortexa9_0/lib/xgpiops_intr.o ps7_cortexa9_0/lib/xscugic_sinit.o ps7_cortexa9
TRACE::2023-01-23.17:17:32::SCWMssOS::_0/lib/xdevcfg_g.o ps7_cortexa9_0/lib/xuartps_hw.o ps7_cortexa9_0/lib/xgpio_intr.o ps7_cortexa9_0/lib/xv_hcresampler_g.o ps7_co
TRACE::2023-01-23.17:17:32::SCWMssOS::rtexa9_0/lib/xvprocss_router.o ps7_cortexa9_0/lib/xtime_l.o ps7_cortexa9_0/lib/xvidc_parse_edid.o ps7_cortexa9_0/lib/xv_csc_g.o
TRACE::2023-01-23.17:17:32::SCWMssOS:: ps7_cortexa9_0/lib/xscugic_selftest.o ps7_cortexa9_0/lib/xil_util.o ps7_cortexa9_0/lib/xscuwdt_sinit.o ps7_cortexa9_0/lib/xsdp
TRACE::2023-01-23.17:17:32::SCWMssOS::s_card.o ps7_cortexa9_0/lib/xdmaps_hw.o ps7_cortexa9_0/lib/xv_hcresampler_sinit.o ps7_cortexa9_0/lib/xv_hscaler_coeff.o ps7_cor
TRACE::2023-01-23.17:17:32::SCWMssOS::texa9_0/lib/xv_hcresampler_l2.o ps7_cortexa9_0/lib/xvprocss_log.o ps7_cortexa9_0/lib/xv_letterbox_l2.o ps7_cortexa9_0/lib/sbrk.
TRACE::2023-01-23.17:17:32::SCWMssOS::o ps7_cortexa9_0/lib/xgpiops_hw.o ps7_cortexa9_0/lib/fstat.o ps7_cortexa9_0/lib/errno.o ps7_cortexa9_0/lib/xvprocss_vdma.o ps7_
TRACE::2023-01-23.17:17:32::SCWMssOS::cortexa9_0/lib/xdevcfg_intr.o ps7_cortexa9_0/lib/xuartps_options.o ps7_cortexa9_0/lib/xv_hscaler_l2.o ps7_cortexa9_0/lib/xaxis_
TRACE::2023-01-23.17:17:32::SCWMssOS::switch_sinit.o ps7_cortexa9_0/lib/vectors.o ps7_cortexa9_0/lib/xv_csc_linux.o ps7_cortexa9_0/lib/xscuwdt_g.o ps7_cortexa9_0/lib
TRACE::2023-01-23.17:17:32::SCWMssOS::/xvprocss_g.o ps7_cortexa9_0/lib/xv_letterbox_g.o ps7_cortexa9_0/lib/xil_clocking.o ps7_cortexa9_0/lib/xv_vcresampler_l2.o ps7_
TRACE::2023-01-23.17:17:32::SCWMssOS::cortexa9_0/lib/xv_csc_sinit.o ps7_cortexa9_0/lib/xv_letterbox_sinit.o ps7_cortexa9_0/lib/xemacps_intr.o ps7_cortexa9_0/lib/xscu
TRACE::2023-01-23.17:17:32::SCWMssOS::wdt_selftest.o ps7_cortexa9_0/lib/xgpio_extra.o ps7_cortexa9_0/lib/isatty.o ps7_cortexa9_0/lib/xil-crt0.o ps7_cortexa9_0/lib/xs
TRACE::2023-01-23.17:17:32::SCWMssOS::cugic.o ps7_cortexa9_0/lib/xadcps_g.o ps7_cortexa9_0/lib/xqspips_sinit.o ps7_cortexa9_0/lib/xadcps_sinit.o

TRACE::2023-01-23.17:17:32::SCWMssOS::'Finished building libraries'

TRACE::2023-01-23.17:17:33::SCWMssOS::Copying to export directory.
TRACE::2023-01-23.17:17:34::SCWMssOS:: Checking if to create the Supporting Applications
TRACE::2023-01-23.17:17:34::SCWMssOS:: No Linux domain exists, trying to generate FSBL 
LOG::2023-01-23.17:17:34::SCWSystem::Completed Processing the domain standalone_ps7_cortexa9_0
LOG::2023-01-23.17:17:34::SCWSystem::Completed Processing the sysconfig atelier4_wrapper
LOG::2023-01-23.17:17:34::SCWPlatform::Completed generating the artifacts for system configuration atelier4_wrapper
TRACE::2023-01-23.17:17:34::SCWPlatform::Started preparing the platform 
TRACE::2023-01-23.17:17:34::SCWSystem::Writing the bif file for system config atelier4_wrapper
TRACE::2023-01-23.17:17:34::SCWSystem::dir created 
TRACE::2023-01-23.17:17:34::SCWSystem::Writing the bif 
TRACE::2023-01-23.17:17:34::SCWPlatform::Started writing the spfm file 
TRACE::2023-01-23.17:17:34::SCWPlatform::Started writing the xpfm file 
TRACE::2023-01-23.17:17:34::SCWPlatform::Completed generating the platform
TRACE::2023-01-23.17:17:34::SCWMssOS::Saving the mss changes C:/Travail/s4InfoAtelier4/atelier4_wrapper/zynq_fsbl/zynq_fsbl_bsp/system.mss
TRACE::2023-01-23.17:17:34::SCWMssOS::Found a swdesign opened with the mssfile.
TRACE::2023-01-23.17:17:34::SCWMssOS::Completed writemss as part of save.
TRACE::2023-01-23.17:17:34::SCWMssOS::Commit changes completed.
TRACE::2023-01-23.17:17:34::SCWMssOS::Saving the mss changes C:/Travail/s4InfoAtelier4/atelier4_wrapper/ps7_cortexa9_0/standalone_ps7_cortexa9_0/bsp/system.mss
TRACE::2023-01-23.17:17:34::SCWMssOS::Found a swdesign opened with the mssfile.
TRACE::2023-01-23.17:17:34::SCWMssOS::Completed writemss as part of save.
TRACE::2023-01-23.17:17:34::SCWMssOS::Commit changes completed.
TRACE::2023-01-23.17:17:34::SCWPlatform::Trying to open the hw design at C:/Travail/s4InfoAtelier4/atelier4_wrapper/hw/atelier4_wrapper.xsa
TRACE::2023-01-23.17:17:34::SCWPlatform::DSA given C:/Travail/s4InfoAtelier4/atelier4_wrapper/hw/atelier4_wrapper.xsa
TRACE::2023-01-23.17:17:34::SCWPlatform::DSA absoulate path C:/Travail/s4InfoAtelier4/atelier4_wrapper/hw/atelier4_wrapper.xsa
TRACE::2023-01-23.17:17:34::SCWPlatform::DSA directory C:/Travail/s4InfoAtelier4/atelier4_wrapper/hw
TRACE::2023-01-23.17:17:34::SCWPlatform:: Platform Path C:/Travail/s4InfoAtelier4/atelier4_wrapper/hw/atelier4_wrapper.xsa
TRACE::2023-01-23.17:17:34::SCWPlatform:: Unique name xilinx:zybo-z7-10::0.0
TRACE::2023-01-23.17:17:34::SCWPlatform::Trying to set the existing hwdb with name atelier4_wrapper_9
TRACE::2023-01-23.17:17:34::SCWPlatform::Opened existing hwdb atelier4_wrapper_9
TRACE::2023-01-23.17:17:34::SCWPlatform::Found the Hw Db part of the input DSA
TRACE::2023-01-23.17:17:34::SCWMssOS::Checking the sw design at  C:/Travail/s4InfoAtelier4/atelier4_wrapper/zynq_fsbl/zynq_fsbl_bsp/system.mss
TRACE::2023-01-23.17:17:34::SCWMssOS::DEBUG:  swdes dump  C:/Travail/s4InfoAtelier4/atelier4_wrapper/ps7_cortexa9_0/standalone_ps7_cortexa9_0/bsp/system.mss|system_0||
C:/Travail/s4InfoAtelier4/atelier4_wrapper/zynq_fsbl/zynq_fsbl_bsp/system.mss|system||

TRACE::2023-01-23.17:17:34::SCWMssOS::Sw design exists and opened at  C:/Travail/s4InfoAtelier4/atelier4_wrapper/zynq_fsbl/zynq_fsbl_bsp/system.mss
TRACE::2023-01-23.17:17:34::SCWPlatform::Trying to open the hw design at C:/Travail/s4InfoAtelier4/atelier4_wrapper/hw/atelier4_wrapper.xsa
TRACE::2023-01-23.17:17:34::SCWPlatform::DSA given C:/Travail/s4InfoAtelier4/atelier4_wrapper/hw/atelier4_wrapper.xsa
TRACE::2023-01-23.17:17:34::SCWPlatform::DSA absoulate path C:/Travail/s4InfoAtelier4/atelier4_wrapper/hw/atelier4_wrapper.xsa
TRACE::2023-01-23.17:17:34::SCWPlatform::DSA directory C:/Travail/s4InfoAtelier4/atelier4_wrapper/hw
TRACE::2023-01-23.17:17:34::SCWPlatform:: Platform Path C:/Travail/s4InfoAtelier4/atelier4_wrapper/hw/atelier4_wrapper.xsa
TRACE::2023-01-23.17:17:34::SCWPlatform:: Unique name xilinx:zybo-z7-10::0.0
TRACE::2023-01-23.17:17:34::SCWPlatform::Trying to set the existing hwdb with name atelier4_wrapper_9
TRACE::2023-01-23.17:17:34::SCWPlatform::Opened existing hwdb atelier4_wrapper_9
TRACE::2023-01-23.17:17:34::SCWPlatform::Found the Hw Db part of the input DSA
TRACE::2023-01-23.17:17:34::SCWMssOS::Checking the sw design at  C:/Travail/s4InfoAtelier4/atelier4_wrapper/ps7_cortexa9_0/standalone_ps7_cortexa9_0/bsp/system.mss
TRACE::2023-01-23.17:17:34::SCWMssOS::DEBUG:  swdes dump  C:/Travail/s4InfoAtelier4/atelier4_wrapper/ps7_cortexa9_0/standalone_ps7_cortexa9_0/bsp/system.mss|system_0||
C:/Travail/s4InfoAtelier4/atelier4_wrapper/zynq_fsbl/zynq_fsbl_bsp/system.mss|system||

TRACE::2023-01-23.17:17:34::SCWMssOS::Sw design exists and opened at  C:/Travail/s4InfoAtelier4/atelier4_wrapper/ps7_cortexa9_0/standalone_ps7_cortexa9_0/bsp/system.mss
TRACE::2023-01-23.17:17:34::SCWWriter::formatted JSON is {
	"platformName":	"atelier4_wrapper",
	"sprVersion":	"2.0",
	"mode":	"gui",
	"dsaType":	"Fixed",
	"platformDesc":	"atelier4_wrapper",
	"platHandOff":	"<platformDir>.xsa",
	"platIntHandOff":	"<platformDir>/hw/atelier4_wrapper.xsa",
	"deviceType":	"zynq",
	"platIsPrebuiltAutogen":	"false",
	"platIsNoBootBsp":	"false",
	"hasFsblMakeHasChanges":	"false",
	"hasPmufwMakeHasChanges":	"false",
	"fsblExtraCompilerFlags":	"-MMD -MP       -mcpu=cortex-a9 -mfpu=vfpv3 -mfloat-abi=hard ",
	"platPreBuiltFlag":	false,
	"platformSamplesDir":	"",
	"platActiveSys":	"atelier4_wrapper",
	"systems":	[{
			"systemName":	"atelier4_wrapper",
			"systemDesc":	"atelier4_wrapper",
			"sysIsBootAutoGen":	"true",
			"systemDispName":	"atelier4_wrapper",
			"sysActiveDom":	"standalone_ps7_cortexa9_0",
			"sysDefaultDom":	"standalone_ps7_cortexa9_0",
			"domains":	[{
					"domainName":	"zynq_fsbl",
					"domainDispName":	"zynq_fsbl",
					"domainDesc":	"FSBL Application BSP - Auto Generated.",
					"processors":	"ps7_cortexa9_0",
					"os":	"standalone",
					"sdxOs":	"standalone",
					"debugEnable":	"",
					"domRuntimes":	["cpp"],
					"swRepo":	"",
					"mssOsVer":	"7.3",
					"mssFile":	"",
					"md5Digest":	"0be5ea4ab905254957fadc8566944063",
					"compatibleApp":	"zynq_fsbl",
					"domType":	"bootDomain",
					"arch":	"32-bit",
					"appSettings":	{
						"appCompilerFlags":	"",
						"appLinkerFlags":	""
					},
					"addedLibs":	["xilffs:4.4", "xilrsa:1.6"],
					"libOptions":	{
						"libsContainingOptions":	[]
					},
					"prebuiltLibs":	{
						"prebuiltIncPath":	[],
						"prebuiltLibPath":	[]
					},
					"isolation":	{
					}
				}, {
					"domainName":	"standalone_ps7_cortexa9_0",
					"domainDispName":	"standalone_ps7_cortexa9_0",
					"domainDesc":	"standalone_ps7_cortexa9_0",
					"processors":	"ps7_cortexa9_0",
					"os":	"standalone",
					"sdxOs":	"standalone",
					"qemuArgs":	"C:/Xilinx/Vitis/2020.2/data/emulation/platforms/zynq/sw/a9_standalone/qemu/qemu_args.txt",
					"qemuData":	"C:/Xilinx/Vitis/2020.2/data/emulation/platforms/zynq/sw/a9_standalone/qemu/",
					"debugEnable":	"False",
					"domRuntimes":	["cpp"],
					"swRepo":	"",
					"mssOsVer":	"7.3",
					"mssFile":	"",
					"md5Digest":	"c7b67555032dc1ffe6b30962acb1207c",
					"compatibleApp":	"",
					"domType":	"mssDomain",
					"arch":	"32-bit",
					"appSettings":	{
						"appCompilerFlags":	"",
						"appLinkerFlags":	""
					},
					"addedLibs":	[],
					"libOptions":	{
						"libsContainingOptions":	[]
					},
					"prebuiltLibs":	{
						"prebuiltIncPath":	[],
						"prebuiltLibPath":	[]
					},
					"isolation":	{
					}
				}]
		}]
}
KEYINFO::2023-01-23.17:17:34::SCWPlatform::updated the xpfm file.
TRACE::2023-01-23.17:17:34::SCWPlatform::Trying to open the hw design at C:/Travail/s4InfoAtelier4/atelier4_wrapper/hw/atelier4_wrapper.xsa
TRACE::2023-01-23.17:17:34::SCWPlatform::DSA given C:/Travail/s4InfoAtelier4/atelier4_wrapper/hw/atelier4_wrapper.xsa
TRACE::2023-01-23.17:17:34::SCWPlatform::DSA absoulate path C:/Travail/s4InfoAtelier4/atelier4_wrapper/hw/atelier4_wrapper.xsa
TRACE::2023-01-23.17:17:34::SCWPlatform::DSA directory C:/Travail/s4InfoAtelier4/atelier4_wrapper/hw
TRACE::2023-01-23.17:17:34::SCWPlatform:: Platform Path C:/Travail/s4InfoAtelier4/atelier4_wrapper/hw/atelier4_wrapper.xsa
TRACE::2023-01-23.17:17:34::SCWPlatform:: Unique name xilinx:zybo-z7-10::0.0
TRACE::2023-01-23.17:17:34::SCWPlatform::Trying to set the existing hwdb with name atelier4_wrapper_9
TRACE::2023-01-23.17:17:34::SCWPlatform::Opened existing hwdb atelier4_wrapper_9
TRACE::2023-01-23.17:17:34::SCWPlatform::Found the Hw Db part of the input DSA
TRACE::2023-01-23.17:17:34::SCWMssOS::Checking the sw design at  C:/Travail/s4InfoAtelier4/atelier4_wrapper/ps7_cortexa9_0/standalone_ps7_cortexa9_0/bsp/system.mss
TRACE::2023-01-23.17:17:34::SCWMssOS::DEBUG:  swdes dump  C:/Travail/s4InfoAtelier4/atelier4_wrapper/ps7_cortexa9_0/standalone_ps7_cortexa9_0/bsp/system.mss|system_0||
C:/Travail/s4InfoAtelier4/atelier4_wrapper/zynq_fsbl/zynq_fsbl_bsp/system.mss|system||

TRACE::2023-01-23.17:17:34::SCWMssOS::Sw design exists and opened at  C:/Travail/s4InfoAtelier4/atelier4_wrapper/ps7_cortexa9_0/standalone_ps7_cortexa9_0/bsp/system.mss
TRACE::2023-01-23.17:18:54::SCWPlatform::Clearing the existing platform
TRACE::2023-01-23.17:18:54::SCWSystem::Clearing the existing sysconfig
TRACE::2023-01-23.17:18:54::SCWBDomain::clearing the fsbl build
TRACE::2023-01-23.17:18:54::SCWMssOS::Removing the swdes entry for  C:/Travail/s4InfoAtelier4/atelier4_wrapper/zynq_fsbl/zynq_fsbl_bsp/system.mss
TRACE::2023-01-23.17:18:54::SCWMssOS::Removing the swdes entry for  C:/Travail/s4InfoAtelier4/atelier4_wrapper/ps7_cortexa9_0/standalone_ps7_cortexa9_0/bsp/system.mss
TRACE::2023-01-23.17:18:54::SCWSystem::Clearing the domains completed.
TRACE::2023-01-23.17:18:54::SCWPlatform::Clearing the opened hw db.
TRACE::2023-01-23.17:18:54::SCWPlatform::DSA given C:/Travail/s4InfoAtelier4/atelier4_wrapper/hw/atelier4_wrapper.xsa
TRACE::2023-01-23.17:18:54::SCWPlatform::DSA absoulate path C:/Travail/s4InfoAtelier4/atelier4_wrapper/hw/atelier4_wrapper.xsa
TRACE::2023-01-23.17:18:54::SCWPlatform:: Platform location is C:/Travail/s4InfoAtelier4/atelier4_wrapper/hw
TRACE::2023-01-23.17:18:54::SCWPlatform:: Platform Path C:/Travail/s4InfoAtelier4/atelier4_wrapper/hw/atelier4_wrapper.xsa
TRACE::2023-01-23.17:18:54::SCWPlatform:: Unique name xilinx:zybo-z7-10::0.0
TRACE::2023-01-23.17:18:54::SCWPlatform::Removing the HwDB with name C:/Travail/s4InfoAtelier4/atelier4_wrapper/hw/atelier4_wrapper.xsa
TRACE::2023-01-23.17:18:54::SCWPlatform::Trying to open the hw design at C:/Travail/s4InfoAtelier4/atelier4_wrapper/hw/atelier4_wrapper.xsa
TRACE::2023-01-23.17:18:54::SCWPlatform::DSA given C:/Travail/s4InfoAtelier4/atelier4_wrapper/hw/atelier4_wrapper.xsa
TRACE::2023-01-23.17:18:54::SCWPlatform::DSA absoulate path C:/Travail/s4InfoAtelier4/atelier4_wrapper/hw/atelier4_wrapper.xsa
TRACE::2023-01-23.17:18:54::SCWPlatform::DSA directory C:/Travail/s4InfoAtelier4/atelier4_wrapper/hw
TRACE::2023-01-23.17:18:54::SCWPlatform:: Platform Path C:/Travail/s4InfoAtelier4/atelier4_wrapper/hw/atelier4_wrapper.xsa
TRACE::2023-01-23.17:18:54::SCWPlatform:: Unique name xilinx:zybo-z7-10::0.0
TRACE::2023-01-23.17:18:54::SCWPlatform::Do not have an existing db opened. 
TRACE::2023-01-23.17:18:55::SCWPlatform::Opened new HwDB with name atelier4_wrapper_11
TRACE::2023-01-23.17:18:55::SCWReader::Active system found as  atelier4_wrapper
TRACE::2023-01-23.17:18:55::SCWReader::Handling sysconfig atelier4_wrapper
TRACE::2023-01-23.17:18:55::SCWDomain::checking for install qemu data   : 
TRACE::2023-01-23.17:18:55::SCWDomain:: Using the QEMU Data from install at  : C:/Xilinx/Vitis/2020.2/data/emulation/platforms/zynq/sw/a9_standalone/qemu/
TRACE::2023-01-23.17:18:55::SCWDomain:: Using the QEMU args  from install at  : C:/Xilinx/Vitis/2020.2/data/emulation/platforms/zynq/sw/a9_standalone/qemu/qemu_args.txt
TRACE::2023-01-23.17:18:55::SCWPlatform::Trying to open the hw design at C:/Travail/s4InfoAtelier4/atelier4_wrapper/hw/atelier4_wrapper.xsa
TRACE::2023-01-23.17:18:55::SCWPlatform::DSA given C:/Travail/s4InfoAtelier4/atelier4_wrapper/hw/atelier4_wrapper.xsa
TRACE::2023-01-23.17:18:55::SCWPlatform::DSA absoulate path C:/Travail/s4InfoAtelier4/atelier4_wrapper/hw/atelier4_wrapper.xsa
TRACE::2023-01-23.17:18:55::SCWPlatform::DSA directory C:/Travail/s4InfoAtelier4/atelier4_wrapper/hw
TRACE::2023-01-23.17:18:55::SCWPlatform:: Platform Path C:/Travail/s4InfoAtelier4/atelier4_wrapper/hw/atelier4_wrapper.xsa
TRACE::2023-01-23.17:18:55::SCWPlatform:: Unique name xilinx:zybo-z7-10::0.0
TRACE::2023-01-23.17:18:55::SCWPlatform::Trying to set the existing hwdb with name atelier4_wrapper_11
TRACE::2023-01-23.17:18:55::SCWPlatform::Opened existing hwdb atelier4_wrapper_11
TRACE::2023-01-23.17:18:55::SCWPlatform::Found the Hw Db part of the input DSA
TRACE::2023-01-23.17:18:55::SCWPlatform::Trying to open the hw design at C:/Travail/s4InfoAtelier4/atelier4_wrapper/hw/atelier4_wrapper.xsa
TRACE::2023-01-23.17:18:55::SCWPlatform::DSA given C:/Travail/s4InfoAtelier4/atelier4_wrapper/hw/atelier4_wrapper.xsa
TRACE::2023-01-23.17:18:55::SCWPlatform::DSA absoulate path C:/Travail/s4InfoAtelier4/atelier4_wrapper/hw/atelier4_wrapper.xsa
TRACE::2023-01-23.17:18:55::SCWPlatform::DSA directory C:/Travail/s4InfoAtelier4/atelier4_wrapper/hw
TRACE::2023-01-23.17:18:55::SCWPlatform:: Platform Path C:/Travail/s4InfoAtelier4/atelier4_wrapper/hw/atelier4_wrapper.xsa
TRACE::2023-01-23.17:18:55::SCWPlatform:: Unique name xilinx:zybo-z7-10::0.0
TRACE::2023-01-23.17:18:55::SCWPlatform::Trying to set the existing hwdb with name atelier4_wrapper_11
TRACE::2023-01-23.17:18:55::SCWPlatform::Opened existing hwdb atelier4_wrapper_11
TRACE::2023-01-23.17:18:55::SCWPlatform::Found the Hw Db part of the input DSA
TRACE::2023-01-23.17:18:55::SCWPlatform::Trying to open the hw design at C:/Travail/s4InfoAtelier4/atelier4_wrapper/hw/atelier4_wrapper.xsa
TRACE::2023-01-23.17:18:55::SCWPlatform::DSA given C:/Travail/s4InfoAtelier4/atelier4_wrapper/hw/atelier4_wrapper.xsa
TRACE::2023-01-23.17:18:55::SCWPlatform::DSA absoulate path C:/Travail/s4InfoAtelier4/atelier4_wrapper/hw/atelier4_wrapper.xsa
TRACE::2023-01-23.17:18:55::SCWPlatform::DSA directory C:/Travail/s4InfoAtelier4/atelier4_wrapper/hw
TRACE::2023-01-23.17:18:55::SCWPlatform:: Platform Path C:/Travail/s4InfoAtelier4/atelier4_wrapper/hw/atelier4_wrapper.xsa
TRACE::2023-01-23.17:18:55::SCWPlatform:: Unique name xilinx:zybo-z7-10::0.0
TRACE::2023-01-23.17:18:55::SCWPlatform::Trying to set the existing hwdb with name atelier4_wrapper_11
TRACE::2023-01-23.17:18:55::SCWPlatform::Opened existing hwdb atelier4_wrapper_11
TRACE::2023-01-23.17:18:55::SCWPlatform::Found the Hw Db part of the input DSA
TRACE::2023-01-23.17:18:55::SCWReader::Boot application domain added for zynq_fsbl
TRACE::2023-01-23.17:18:55::SCWPlatform::Trying to open the hw design at C:/Travail/s4InfoAtelier4/atelier4_wrapper/hw/atelier4_wrapper.xsa
TRACE::2023-01-23.17:18:55::SCWPlatform::DSA given C:/Travail/s4InfoAtelier4/atelier4_wrapper/hw/atelier4_wrapper.xsa
TRACE::2023-01-23.17:18:55::SCWPlatform::DSA absoulate path C:/Travail/s4InfoAtelier4/atelier4_wrapper/hw/atelier4_wrapper.xsa
TRACE::2023-01-23.17:18:55::SCWPlatform::DSA directory C:/Travail/s4InfoAtelier4/atelier4_wrapper/hw
TRACE::2023-01-23.17:18:55::SCWPlatform:: Platform Path C:/Travail/s4InfoAtelier4/atelier4_wrapper/hw/atelier4_wrapper.xsa
TRACE::2023-01-23.17:18:55::SCWPlatform:: Unique name xilinx:zybo-z7-10::0.0
TRACE::2023-01-23.17:18:55::SCWPlatform::Trying to set the existing hwdb with name atelier4_wrapper_11
TRACE::2023-01-23.17:18:55::SCWPlatform::Opened existing hwdb atelier4_wrapper_11
TRACE::2023-01-23.17:18:55::SCWPlatform::Found the Hw Db part of the input DSA
TRACE::2023-01-23.17:18:55::SCWMssOS::Checking the sw design at  C:/Travail/s4InfoAtelier4/atelier4_wrapper/zynq_fsbl/zynq_fsbl_bsp/system.mss
TRACE::2023-01-23.17:18:55::SCWMssOS::DEBUG:  swdes dump  
TRACE::2023-01-23.17:18:55::SCWMssOS::No sw design opened at  C:/Travail/s4InfoAtelier4/atelier4_wrapper/zynq_fsbl/zynq_fsbl_bsp/system.mss
TRACE::2023-01-23.17:18:55::SCWMssOS::mss exists loading the mss file  C:/Travail/s4InfoAtelier4/atelier4_wrapper/zynq_fsbl/zynq_fsbl_bsp/system.mss
TRACE::2023-01-23.17:18:55::SCWMssOS::Opened the sw design from mss  C:/Travail/s4InfoAtelier4/atelier4_wrapper/zynq_fsbl/zynq_fsbl_bsp/system.mss
TRACE::2023-01-23.17:18:55::SCWMssOS::Adding the swdes entry C:/Travail/s4InfoAtelier4/atelier4_wrapper/zynq_fsbl/zynq_fsbl_bsp/system.mss with des name system
TRACE::2023-01-23.17:18:55::SCWMssOS::updating the scw layer about changes
TRACE::2023-01-23.17:18:55::SCWMssOS::Opened the sw design.  C:/Travail/s4InfoAtelier4/atelier4_wrapper/zynq_fsbl/zynq_fsbl_bsp/system.mss
TRACE::2023-01-23.17:18:55::SCWPlatform::Trying to open the hw design at C:/Travail/s4InfoAtelier4/atelier4_wrapper/hw/atelier4_wrapper.xsa
TRACE::2023-01-23.17:18:55::SCWPlatform::DSA given C:/Travail/s4InfoAtelier4/atelier4_wrapper/hw/atelier4_wrapper.xsa
TRACE::2023-01-23.17:18:55::SCWPlatform::DSA absoulate path C:/Travail/s4InfoAtelier4/atelier4_wrapper/hw/atelier4_wrapper.xsa
TRACE::2023-01-23.17:18:55::SCWPlatform::DSA directory C:/Travail/s4InfoAtelier4/atelier4_wrapper/hw
TRACE::2023-01-23.17:18:55::SCWPlatform:: Platform Path C:/Travail/s4InfoAtelier4/atelier4_wrapper/hw/atelier4_wrapper.xsa
TRACE::2023-01-23.17:18:55::SCWPlatform:: Unique name xilinx:zybo-z7-10::0.0
TRACE::2023-01-23.17:18:55::SCWPlatform::Trying to set the existing hwdb with name atelier4_wrapper_11
TRACE::2023-01-23.17:18:55::SCWPlatform::Opened existing hwdb atelier4_wrapper_11
TRACE::2023-01-23.17:18:55::SCWPlatform::Found the Hw Db part of the input DSA
TRACE::2023-01-23.17:18:55::SCWMssOS::Checking the sw design at  C:/Travail/s4InfoAtelier4/atelier4_wrapper/zynq_fsbl/zynq_fsbl_bsp/system.mss
TRACE::2023-01-23.17:18:55::SCWMssOS::DEBUG:  swdes dump  C:/Travail/s4InfoAtelier4/atelier4_wrapper/zynq_fsbl/zynq_fsbl_bsp/system.mss|system||

TRACE::2023-01-23.17:18:55::SCWMssOS::Sw design exists and opened at  C:/Travail/s4InfoAtelier4/atelier4_wrapper/zynq_fsbl/zynq_fsbl_bsp/system.mss
TRACE::2023-01-23.17:18:55::SCWMssOS:: library already available in sw design:  xilffs:4.4
TRACE::2023-01-23.17:18:55::SCWPlatform::Trying to open the hw design at C:/Travail/s4InfoAtelier4/atelier4_wrapper/hw/atelier4_wrapper.xsa
TRACE::2023-01-23.17:18:55::SCWPlatform::DSA given C:/Travail/s4InfoAtelier4/atelier4_wrapper/hw/atelier4_wrapper.xsa
TRACE::2023-01-23.17:18:55::SCWPlatform::DSA absoulate path C:/Travail/s4InfoAtelier4/atelier4_wrapper/hw/atelier4_wrapper.xsa
TRACE::2023-01-23.17:18:55::SCWPlatform::DSA directory C:/Travail/s4InfoAtelier4/atelier4_wrapper/hw
TRACE::2023-01-23.17:18:55::SCWPlatform:: Platform Path C:/Travail/s4InfoAtelier4/atelier4_wrapper/hw/atelier4_wrapper.xsa
TRACE::2023-01-23.17:18:55::SCWPlatform:: Unique name xilinx:zybo-z7-10::0.0
TRACE::2023-01-23.17:18:55::SCWPlatform::Trying to set the existing hwdb with name atelier4_wrapper_11
TRACE::2023-01-23.17:18:55::SCWPlatform::Opened existing hwdb atelier4_wrapper_11
TRACE::2023-01-23.17:18:55::SCWPlatform::Found the Hw Db part of the input DSA
TRACE::2023-01-23.17:18:55::SCWMssOS::Checking the sw design at  C:/Travail/s4InfoAtelier4/atelier4_wrapper/zynq_fsbl/zynq_fsbl_bsp/system.mss
TRACE::2023-01-23.17:18:55::SCWMssOS::DEBUG:  swdes dump  C:/Travail/s4InfoAtelier4/atelier4_wrapper/zynq_fsbl/zynq_fsbl_bsp/system.mss|system||

TRACE::2023-01-23.17:18:55::SCWMssOS::Sw design exists and opened at  C:/Travail/s4InfoAtelier4/atelier4_wrapper/zynq_fsbl/zynq_fsbl_bsp/system.mss
TRACE::2023-01-23.17:18:55::SCWMssOS:: library already available in sw design:  xilrsa:1.6
TRACE::2023-01-23.17:18:55::SCWMssOS::Saving the mss changes C:/Travail/s4InfoAtelier4/atelier4_wrapper/zynq_fsbl/zynq_fsbl_bsp/system.mss
TRACE::2023-01-23.17:18:55::SCWMssOS::Found a swdesign opened with the mssfile.
TRACE::2023-01-23.17:18:55::SCWMssOS::Completed writemss as part of save.
TRACE::2023-01-23.17:18:55::SCWMssOS::Commit changes completed.
TRACE::2023-01-23.17:18:55::SCWReader::Adding prebuilt librarypaths as   
TRACE::2023-01-23.17:18:55::SCWReader::Adding prebuilt incpaths  as   
TRACE::2023-01-23.17:18:55::SCWPlatform::Trying to open the hw design at C:/Travail/s4InfoAtelier4/atelier4_wrapper/hw/atelier4_wrapper.xsa
TRACE::2023-01-23.17:18:55::SCWPlatform::DSA given C:/Travail/s4InfoAtelier4/atelier4_wrapper/hw/atelier4_wrapper.xsa
TRACE::2023-01-23.17:18:55::SCWPlatform::DSA absoulate path C:/Travail/s4InfoAtelier4/atelier4_wrapper/hw/atelier4_wrapper.xsa
TRACE::2023-01-23.17:18:55::SCWPlatform::DSA directory C:/Travail/s4InfoAtelier4/atelier4_wrapper/hw
TRACE::2023-01-23.17:18:55::SCWPlatform:: Platform Path C:/Travail/s4InfoAtelier4/atelier4_wrapper/hw/atelier4_wrapper.xsa
TRACE::2023-01-23.17:18:55::SCWPlatform:: Unique name xilinx:zybo-z7-10::0.0
TRACE::2023-01-23.17:18:55::SCWPlatform::Trying to set the existing hwdb with name atelier4_wrapper_11
TRACE::2023-01-23.17:18:55::SCWPlatform::Opened existing hwdb atelier4_wrapper_11
TRACE::2023-01-23.17:18:55::SCWPlatform::Found the Hw Db part of the input DSA
TRACE::2023-01-23.17:18:55::SCWMssOS::Checking the sw design at  C:/Travail/s4InfoAtelier4/atelier4_wrapper/zynq_fsbl/zynq_fsbl_bsp/system.mss
TRACE::2023-01-23.17:18:55::SCWMssOS::DEBUG:  swdes dump  C:/Travail/s4InfoAtelier4/atelier4_wrapper/zynq_fsbl/zynq_fsbl_bsp/system.mss|system||

TRACE::2023-01-23.17:18:55::SCWMssOS::Sw design exists and opened at  C:/Travail/s4InfoAtelier4/atelier4_wrapper/zynq_fsbl/zynq_fsbl_bsp/system.mss
TRACE::2023-01-23.17:18:55::SCWReader::No isolation master present  
TRACE::2023-01-23.17:18:55::SCWDomain::checking for install qemu data   : 
TRACE::2023-01-23.17:18:55::SCWDomain:: Using the QEMU Data from install at  : C:/Xilinx/Vitis/2020.2/data/emulation/platforms/zynq/sw/a9_standalone/qemu/
TRACE::2023-01-23.17:18:55::SCWDomain:: Using the QEMU args  from install at  : C:/Xilinx/Vitis/2020.2/data/emulation/platforms/zynq/sw/a9_standalone/qemu/qemu_args.txt
TRACE::2023-01-23.17:18:55::SCWPlatform::Trying to open the hw design at C:/Travail/s4InfoAtelier4/atelier4_wrapper/hw/atelier4_wrapper.xsa
TRACE::2023-01-23.17:18:55::SCWPlatform::DSA given C:/Travail/s4InfoAtelier4/atelier4_wrapper/hw/atelier4_wrapper.xsa
TRACE::2023-01-23.17:18:55::SCWPlatform::DSA absoulate path C:/Travail/s4InfoAtelier4/atelier4_wrapper/hw/atelier4_wrapper.xsa
TRACE::2023-01-23.17:18:55::SCWPlatform::DSA directory C:/Travail/s4InfoAtelier4/atelier4_wrapper/hw
TRACE::2023-01-23.17:18:55::SCWPlatform:: Platform Path C:/Travail/s4InfoAtelier4/atelier4_wrapper/hw/atelier4_wrapper.xsa
TRACE::2023-01-23.17:18:55::SCWPlatform:: Unique name xilinx:zybo-z7-10::0.0
TRACE::2023-01-23.17:18:55::SCWPlatform::Trying to set the existing hwdb with name atelier4_wrapper_11
TRACE::2023-01-23.17:18:55::SCWPlatform::Opened existing hwdb atelier4_wrapper_11
TRACE::2023-01-23.17:18:55::SCWPlatform::Found the Hw Db part of the input DSA
TRACE::2023-01-23.17:18:55::SCWPlatform::Trying to open the hw design at C:/Travail/s4InfoAtelier4/atelier4_wrapper/hw/atelier4_wrapper.xsa
TRACE::2023-01-23.17:18:55::SCWPlatform::DSA given C:/Travail/s4InfoAtelier4/atelier4_wrapper/hw/atelier4_wrapper.xsa
TRACE::2023-01-23.17:18:55::SCWPlatform::DSA absoulate path C:/Travail/s4InfoAtelier4/atelier4_wrapper/hw/atelier4_wrapper.xsa
TRACE::2023-01-23.17:18:55::SCWPlatform::DSA directory C:/Travail/s4InfoAtelier4/atelier4_wrapper/hw
TRACE::2023-01-23.17:18:55::SCWPlatform:: Platform Path C:/Travail/s4InfoAtelier4/atelier4_wrapper/hw/atelier4_wrapper.xsa
TRACE::2023-01-23.17:18:55::SCWPlatform:: Unique name xilinx:zybo-z7-10::0.0
TRACE::2023-01-23.17:18:55::SCWPlatform::Trying to set the existing hwdb with name atelier4_wrapper_11
TRACE::2023-01-23.17:18:55::SCWPlatform::Opened existing hwdb atelier4_wrapper_11
TRACE::2023-01-23.17:18:55::SCWPlatform::Found the Hw Db part of the input DSA
TRACE::2023-01-23.17:18:55::SCWPlatform::Trying to open the hw design at C:/Travail/s4InfoAtelier4/atelier4_wrapper/hw/atelier4_wrapper.xsa
TRACE::2023-01-23.17:18:55::SCWPlatform::DSA given C:/Travail/s4InfoAtelier4/atelier4_wrapper/hw/atelier4_wrapper.xsa
TRACE::2023-01-23.17:18:55::SCWPlatform::DSA absoulate path C:/Travail/s4InfoAtelier4/atelier4_wrapper/hw/atelier4_wrapper.xsa
TRACE::2023-01-23.17:18:55::SCWPlatform::DSA directory C:/Travail/s4InfoAtelier4/atelier4_wrapper/hw
TRACE::2023-01-23.17:18:55::SCWPlatform:: Platform Path C:/Travail/s4InfoAtelier4/atelier4_wrapper/hw/atelier4_wrapper.xsa
TRACE::2023-01-23.17:18:55::SCWPlatform:: Unique name xilinx:zybo-z7-10::0.0
TRACE::2023-01-23.17:18:55::SCWPlatform::Trying to set the existing hwdb with name atelier4_wrapper_11
TRACE::2023-01-23.17:18:55::SCWPlatform::Opened existing hwdb atelier4_wrapper_11
TRACE::2023-01-23.17:18:55::SCWPlatform::Found the Hw Db part of the input DSA
TRACE::2023-01-23.17:18:55::SCWMssOS::Checking the sw design at  C:/Travail/s4InfoAtelier4/atelier4_wrapper/ps7_cortexa9_0/standalone_ps7_cortexa9_0/bsp/system.mss
TRACE::2023-01-23.17:18:55::SCWMssOS::DEBUG:  swdes dump  C:/Travail/s4InfoAtelier4/atelier4_wrapper/zynq_fsbl/zynq_fsbl_bsp/system.mss|system||

TRACE::2023-01-23.17:18:55::SCWMssOS::No sw design opened at  C:/Travail/s4InfoAtelier4/atelier4_wrapper/ps7_cortexa9_0/standalone_ps7_cortexa9_0/bsp/system.mss
TRACE::2023-01-23.17:18:55::SCWMssOS::mss exists loading the mss file  C:/Travail/s4InfoAtelier4/atelier4_wrapper/ps7_cortexa9_0/standalone_ps7_cortexa9_0/bsp/system.mss
TRACE::2023-01-23.17:18:55::SCWMssOS::Opened the sw design from mss  C:/Travail/s4InfoAtelier4/atelier4_wrapper/ps7_cortexa9_0/standalone_ps7_cortexa9_0/bsp/system.mss
TRACE::2023-01-23.17:18:55::SCWMssOS::Adding the swdes entry C:/Travail/s4InfoAtelier4/atelier4_wrapper/ps7_cortexa9_0/standalone_ps7_cortexa9_0/bsp/system.mss with des name system_0
TRACE::2023-01-23.17:18:55::SCWMssOS::updating the scw layer about changes
TRACE::2023-01-23.17:18:55::SCWMssOS::Opened the sw design.  C:/Travail/s4InfoAtelier4/atelier4_wrapper/ps7_cortexa9_0/standalone_ps7_cortexa9_0/bsp/system.mss
TRACE::2023-01-23.17:18:55::SCWMssOS::Saving the mss changes C:/Travail/s4InfoAtelier4/atelier4_wrapper/ps7_cortexa9_0/standalone_ps7_cortexa9_0/bsp/system.mss
TRACE::2023-01-23.17:18:55::SCWMssOS::Found a swdesign opened with the mssfile.
TRACE::2023-01-23.17:18:55::SCWMssOS::Completed writemss as part of save.
TRACE::2023-01-23.17:18:55::SCWMssOS::Commit changes completed.
TRACE::2023-01-23.17:18:55::SCWReader::Adding prebuilt librarypaths as   
TRACE::2023-01-23.17:18:55::SCWReader::Adding prebuilt incpaths  as   
TRACE::2023-01-23.17:18:55::SCWPlatform::Trying to open the hw design at C:/Travail/s4InfoAtelier4/atelier4_wrapper/hw/atelier4_wrapper.xsa
TRACE::2023-01-23.17:18:55::SCWPlatform::DSA given C:/Travail/s4InfoAtelier4/atelier4_wrapper/hw/atelier4_wrapper.xsa
TRACE::2023-01-23.17:18:55::SCWPlatform::DSA absoulate path C:/Travail/s4InfoAtelier4/atelier4_wrapper/hw/atelier4_wrapper.xsa
TRACE::2023-01-23.17:18:55::SCWPlatform::DSA directory C:/Travail/s4InfoAtelier4/atelier4_wrapper/hw
TRACE::2023-01-23.17:18:55::SCWPlatform:: Platform Path C:/Travail/s4InfoAtelier4/atelier4_wrapper/hw/atelier4_wrapper.xsa
TRACE::2023-01-23.17:18:55::SCWPlatform:: Unique name xilinx:zybo-z7-10::0.0
TRACE::2023-01-23.17:18:55::SCWPlatform::Trying to set the existing hwdb with name atelier4_wrapper_11
TRACE::2023-01-23.17:18:55::SCWPlatform::Opened existing hwdb atelier4_wrapper_11
TRACE::2023-01-23.17:18:55::SCWPlatform::Found the Hw Db part of the input DSA
TRACE::2023-01-23.17:18:55::SCWMssOS::Checking the sw design at  C:/Travail/s4InfoAtelier4/atelier4_wrapper/ps7_cortexa9_0/standalone_ps7_cortexa9_0/bsp/system.mss
TRACE::2023-01-23.17:18:55::SCWMssOS::DEBUG:  swdes dump  C:/Travail/s4InfoAtelier4/atelier4_wrapper/ps7_cortexa9_0/standalone_ps7_cortexa9_0/bsp/system.mss|system_0||
C:/Travail/s4InfoAtelier4/atelier4_wrapper/zynq_fsbl/zynq_fsbl_bsp/system.mss|system||

TRACE::2023-01-23.17:18:55::SCWMssOS::Sw design exists and opened at  C:/Travail/s4InfoAtelier4/atelier4_wrapper/ps7_cortexa9_0/standalone_ps7_cortexa9_0/bsp/system.mss
TRACE::2023-01-23.17:18:55::SCWReader::No isolation master present  
TRACE::2023-01-23.17:18:58::SCWPlatform::DSA given C:/Travail/s4InfoAtelier4/atelier4_wrapper/tempdsa/atelier4_wrapper.xsa
TRACE::2023-01-23.17:18:58::SCWPlatform::DSA absoulate path C:/Travail/s4InfoAtelier4/atelier4_wrapper/tempdsa/atelier4_wrapper.xsa
TRACE::2023-01-23.17:18:58::SCWPlatform:: Platform location is C:/Travail/s4InfoAtelier4/atelier4_wrapper/tempdsa
TRACE::2023-01-23.17:18:58::SCWPlatform:: Platform Path C:/Travail/s4InfoAtelier4/atelier4_wrapper/tempdsa/atelier4_wrapper.xsa
TRACE::2023-01-23.17:18:58::SCWPlatform:: Unique name xilinx:zybo-z7-10::0.0
TRACE::2023-01-23.17:19:00::SCWPlatform::Found the Hw Db part of the input DSA
TRACE::2023-01-23.17:19:00::SCWMssOS::Doing hw sync for the mss in domain: zynq_fsbl
TRACE::2023-01-23.17:19:00::SCWPlatform::Trying to open the hw design at C:/Travail/s4InfoAtelier4/atelier4_wrapper/hw/atelier4_wrapper.xsa
TRACE::2023-01-23.17:19:00::SCWPlatform::DSA given C:/Travail/s4InfoAtelier4/atelier4_wrapper/hw/atelier4_wrapper.xsa
TRACE::2023-01-23.17:19:00::SCWPlatform::DSA absoulate path C:/Travail/s4InfoAtelier4/atelier4_wrapper/hw/atelier4_wrapper.xsa
TRACE::2023-01-23.17:19:00::SCWPlatform::DSA directory C:/Travail/s4InfoAtelier4/atelier4_wrapper/hw
TRACE::2023-01-23.17:19:00::SCWPlatform:: Platform Path C:/Travail/s4InfoAtelier4/atelier4_wrapper/hw/atelier4_wrapper.xsa
TRACE::2023-01-23.17:19:00::SCWPlatform:: Unique name xilinx:zybo-z7-10::0.0
TRACE::2023-01-23.17:19:00::SCWPlatform::Trying to set the existing hwdb with name atelier4_wrapper_11
TRACE::2023-01-23.17:19:00::SCWPlatform::Opened existing hwdb atelier4_wrapper_11
TRACE::2023-01-23.17:19:00::SCWPlatform::Found the Hw Db part of the input DSA
TRACE::2023-01-23.17:19:00::SCWPlatform::Trying to open the hw design at C:/Travail/s4InfoAtelier4/atelier4_wrapper/hw/atelier4_wrapper.xsa
TRACE::2023-01-23.17:19:00::SCWPlatform::DSA given C:/Travail/s4InfoAtelier4/atelier4_wrapper/hw/atelier4_wrapper.xsa
TRACE::2023-01-23.17:19:00::SCWPlatform::DSA absoulate path C:/Travail/s4InfoAtelier4/atelier4_wrapper/hw/atelier4_wrapper.xsa
TRACE::2023-01-23.17:19:00::SCWPlatform::DSA directory C:/Travail/s4InfoAtelier4/atelier4_wrapper/hw
TRACE::2023-01-23.17:19:00::SCWPlatform:: Platform Path C:/Travail/s4InfoAtelier4/atelier4_wrapper/hw/atelier4_wrapper.xsa
TRACE::2023-01-23.17:19:00::SCWPlatform:: Unique name xilinx:zybo-z7-10::0.0
TRACE::2023-01-23.17:19:00::SCWPlatform::Trying to set the existing hwdb with name atelier4_wrapper_11
TRACE::2023-01-23.17:19:00::SCWPlatform::Opened existing hwdb atelier4_wrapper_11
TRACE::2023-01-23.17:19:00::SCWPlatform::Found the Hw Db part of the input DSA
TRACE::2023-01-23.17:19:00::SCWMssOS::Checking the sw design at  C:/Travail/s4InfoAtelier4/atelier4_wrapper/zynq_fsbl/zynq_fsbl_bsp/system.mss
TRACE::2023-01-23.17:19:00::SCWMssOS::DEBUG:  swdes dump  C:/Travail/s4InfoAtelier4/atelier4_wrapper/ps7_cortexa9_0/standalone_ps7_cortexa9_0/bsp/system.mss|system_0||
C:/Travail/s4InfoAtelier4/atelier4_wrapper/zynq_fsbl/zynq_fsbl_bsp/system.mss|system||

TRACE::2023-01-23.17:19:00::SCWMssOS::Sw design exists and opened at  C:/Travail/s4InfoAtelier4/atelier4_wrapper/zynq_fsbl/zynq_fsbl_bsp/system.mss
TRACE::2023-01-23.17:19:00::SCWPlatform::Trying to open the hw design at C:/Travail/s4InfoAtelier4/atelier4_wrapper/tempdsa/atelier4_wrapper.xsa
TRACE::2023-01-23.17:19:00::SCWPlatform::DSA given C:/Travail/s4InfoAtelier4/atelier4_wrapper/tempdsa/atelier4_wrapper.xsa
TRACE::2023-01-23.17:19:00::SCWPlatform::DSA absoulate path C:/Travail/s4InfoAtelier4/atelier4_wrapper/tempdsa/atelier4_wrapper.xsa
TRACE::2023-01-23.17:19:00::SCWPlatform::DSA directory C:/Travail/s4InfoAtelier4/atelier4_wrapper/tempdsa
TRACE::2023-01-23.17:19:00::SCWPlatform:: Platform Path C:/Travail/s4InfoAtelier4/atelier4_wrapper/tempdsa/atelier4_wrapper.xsa
TRACE::2023-01-23.17:19:00::SCWPlatform:: Unique name xilinx:zybo-z7-10::0.0
TRACE::2023-01-23.17:19:00::SCWPlatform::update - Opened existing hwdb atelier4_wrapper_12
TRACE::2023-01-23.17:19:00::SCWPlatform::Found the Hw Db part of the input DSA
TRACE::2023-01-23.17:19:00::SCWMssOS::Doing hw sync for the mss in domain: standalone_ps7_cortexa9_0
TRACE::2023-01-23.17:19:00::SCWPlatform::Trying to open the hw design at C:/Travail/s4InfoAtelier4/atelier4_wrapper/hw/atelier4_wrapper.xsa
TRACE::2023-01-23.17:19:00::SCWPlatform::DSA given C:/Travail/s4InfoAtelier4/atelier4_wrapper/hw/atelier4_wrapper.xsa
TRACE::2023-01-23.17:19:00::SCWPlatform::DSA absoulate path C:/Travail/s4InfoAtelier4/atelier4_wrapper/hw/atelier4_wrapper.xsa
TRACE::2023-01-23.17:19:00::SCWPlatform::DSA directory C:/Travail/s4InfoAtelier4/atelier4_wrapper/hw
TRACE::2023-01-23.17:19:00::SCWPlatform:: Platform Path C:/Travail/s4InfoAtelier4/atelier4_wrapper/hw/atelier4_wrapper.xsa
TRACE::2023-01-23.17:19:00::SCWPlatform:: Unique name xilinx:zybo-z7-10::0.0
TRACE::2023-01-23.17:19:00::SCWPlatform::Trying to set the existing hwdb with name atelier4_wrapper_11
TRACE::2023-01-23.17:19:00::SCWPlatform::Opened existing hwdb atelier4_wrapper_11
TRACE::2023-01-23.17:19:00::SCWPlatform::Found the Hw Db part of the input DSA
TRACE::2023-01-23.17:19:00::SCWPlatform::Trying to open the hw design at C:/Travail/s4InfoAtelier4/atelier4_wrapper/hw/atelier4_wrapper.xsa
TRACE::2023-01-23.17:19:00::SCWPlatform::DSA given C:/Travail/s4InfoAtelier4/atelier4_wrapper/hw/atelier4_wrapper.xsa
TRACE::2023-01-23.17:19:00::SCWPlatform::DSA absoulate path C:/Travail/s4InfoAtelier4/atelier4_wrapper/hw/atelier4_wrapper.xsa
TRACE::2023-01-23.17:19:00::SCWPlatform::DSA directory C:/Travail/s4InfoAtelier4/atelier4_wrapper/hw
TRACE::2023-01-23.17:19:00::SCWPlatform:: Platform Path C:/Travail/s4InfoAtelier4/atelier4_wrapper/hw/atelier4_wrapper.xsa
TRACE::2023-01-23.17:19:00::SCWPlatform:: Unique name xilinx:zybo-z7-10::0.0
TRACE::2023-01-23.17:19:00::SCWPlatform::Trying to set the existing hwdb with name atelier4_wrapper_11
TRACE::2023-01-23.17:19:00::SCWPlatform::Opened existing hwdb atelier4_wrapper_11
TRACE::2023-01-23.17:19:00::SCWPlatform::Found the Hw Db part of the input DSA
TRACE::2023-01-23.17:19:00::SCWMssOS::Checking the sw design at  C:/Travail/s4InfoAtelier4/atelier4_wrapper/ps7_cortexa9_0/standalone_ps7_cortexa9_0/bsp/system.mss
TRACE::2023-01-23.17:19:00::SCWMssOS::DEBUG:  swdes dump  C:/Travail/s4InfoAtelier4/atelier4_wrapper/ps7_cortexa9_0/standalone_ps7_cortexa9_0/bsp/system.mss|system_0||
C:/Travail/s4InfoAtelier4/atelier4_wrapper/zynq_fsbl/zynq_fsbl_bsp/system.mss|system||

TRACE::2023-01-23.17:19:00::SCWMssOS::Sw design exists and opened at  C:/Travail/s4InfoAtelier4/atelier4_wrapper/ps7_cortexa9_0/standalone_ps7_cortexa9_0/bsp/system.mss
TRACE::2023-01-23.17:19:00::SCWPlatform::Trying to open the hw design at C:/Travail/s4InfoAtelier4/atelier4_wrapper/tempdsa/atelier4_wrapper.xsa
TRACE::2023-01-23.17:19:00::SCWPlatform::DSA given C:/Travail/s4InfoAtelier4/atelier4_wrapper/tempdsa/atelier4_wrapper.xsa
TRACE::2023-01-23.17:19:00::SCWPlatform::DSA absoulate path C:/Travail/s4InfoAtelier4/atelier4_wrapper/tempdsa/atelier4_wrapper.xsa
TRACE::2023-01-23.17:19:00::SCWPlatform::DSA directory C:/Travail/s4InfoAtelier4/atelier4_wrapper/tempdsa
TRACE::2023-01-23.17:19:00::SCWPlatform:: Platform Path C:/Travail/s4InfoAtelier4/atelier4_wrapper/tempdsa/atelier4_wrapper.xsa
TRACE::2023-01-23.17:19:00::SCWPlatform:: Unique name xilinx:zybo-z7-10::0.0
TRACE::2023-01-23.17:19:00::SCWPlatform::update - Opened existing hwdb atelier4_wrapper_12
TRACE::2023-01-23.17:19:00::SCWPlatform::Found the Hw Db part of the input DSA
TRACE::2023-01-23.17:19:00::SCWMssOS::Saving the mss changes C:/Travail/s4InfoAtelier4/atelier4_wrapper/zynq_fsbl/zynq_fsbl_bsp/system.mss
TRACE::2023-01-23.17:19:00::SCWMssOS::Found a swdesign opened with the mssfile.
TRACE::2023-01-23.17:19:00::SCWMssOS::Completed writemss as part of save.
TRACE::2023-01-23.17:19:00::SCWMssOS::Commit changes completed.
TRACE::2023-01-23.17:19:00::SCWMssOS::Completed hw sync for the mss in domain: zynq_fsbl
TRACE::2023-01-23.17:19:00::SCWMssOS::Removing the swdes entry for  C:/Travail/s4InfoAtelier4/atelier4_wrapper/zynq_fsbl/zynq_fsbl_bsp/system.mss
TRACE::2023-01-23.17:19:00::SCWMssOS::Saving the mss changes C:/Travail/s4InfoAtelier4/atelier4_wrapper/ps7_cortexa9_0/standalone_ps7_cortexa9_0/bsp/system.mss
TRACE::2023-01-23.17:19:00::SCWMssOS::Found a swdesign opened with the mssfile.
TRACE::2023-01-23.17:19:00::SCWMssOS::Completed writemss as part of save.
TRACE::2023-01-23.17:19:00::SCWMssOS::Commit changes completed.
TRACE::2023-01-23.17:19:00::SCWMssOS::Completed hw sync for the mss in domain: standalone_ps7_cortexa9_0
TRACE::2023-01-23.17:19:00::SCWMssOS::Removing the swdes entry for  C:/Travail/s4InfoAtelier4/atelier4_wrapper/ps7_cortexa9_0/standalone_ps7_cortexa9_0/bsp/system.mss
TRACE::2023-01-23.17:19:00::SCWPlatform::Trying to open the hw design at C:/Travail/s4InfoAtelier4/atelier4_wrapper/hw/atelier4_wrapper.xsa
TRACE::2023-01-23.17:19:00::SCWPlatform::DSA given C:/Travail/s4InfoAtelier4/atelier4_wrapper/hw/atelier4_wrapper.xsa
TRACE::2023-01-23.17:19:00::SCWPlatform::DSA absoulate path C:/Travail/s4InfoAtelier4/atelier4_wrapper/hw/atelier4_wrapper.xsa
TRACE::2023-01-23.17:19:00::SCWPlatform::DSA directory C:/Travail/s4InfoAtelier4/atelier4_wrapper/hw
TRACE::2023-01-23.17:19:00::SCWPlatform:: Platform Path C:/Travail/s4InfoAtelier4/atelier4_wrapper/hw/atelier4_wrapper.xsa
TRACE::2023-01-23.17:19:00::SCWPlatform:: Unique name xilinx:zybo-z7-10::0.0
TRACE::2023-01-23.17:19:00::SCWPlatform::Do not have an existing db opened. 
TRACE::2023-01-23.17:19:02::SCWPlatform::Opened new HwDB with name atelier4_wrapper_13
TRACE::2023-01-23.17:19:02::SCWMssOS::Saving the mss changes C:/Travail/s4InfoAtelier4/atelier4_wrapper/zynq_fsbl/zynq_fsbl_bsp/system.mss
TRACE::2023-01-23.17:19:02::SCWMssOS::Adding the swdes entry, mss present, able to open swdb C:/Travail/s4InfoAtelier4/atelier4_wrapper/zynq_fsbl/zynq_fsbl_bsp/system.mss with des name system
TRACE::2023-01-23.17:19:02::SCWMssOS::Writing the mss file completed C:/Travail/s4InfoAtelier4/atelier4_wrapper/zynq_fsbl/zynq_fsbl_bsp/system.mss
TRACE::2023-01-23.17:19:02::SCWMssOS::Commit changes completed.
TRACE::2023-01-23.17:19:02::SCWMssOS::Saving the mss changes C:/Travail/s4InfoAtelier4/atelier4_wrapper/ps7_cortexa9_0/standalone_ps7_cortexa9_0/bsp/system.mss
TRACE::2023-01-23.17:19:02::SCWMssOS::Adding the swdes entry, mss present, able to open swdb C:/Travail/s4InfoAtelier4/atelier4_wrapper/ps7_cortexa9_0/standalone_ps7_cortexa9_0/bsp/system.mss with des name system_0
TRACE::2023-01-23.17:19:02::SCWMssOS::Writing the mss file completed C:/Travail/s4InfoAtelier4/atelier4_wrapper/ps7_cortexa9_0/standalone_ps7_cortexa9_0/bsp/system.mss
TRACE::2023-01-23.17:19:02::SCWMssOS::Commit changes completed.
TRACE::2023-01-23.17:19:02::SCWPlatform::Trying to open the hw design at C:/Travail/s4InfoAtelier4/atelier4_wrapper/hw/atelier4_wrapper.xsa
TRACE::2023-01-23.17:19:02::SCWPlatform::DSA given C:/Travail/s4InfoAtelier4/atelier4_wrapper/hw/atelier4_wrapper.xsa
TRACE::2023-01-23.17:19:02::SCWPlatform::DSA absoulate path C:/Travail/s4InfoAtelier4/atelier4_wrapper/hw/atelier4_wrapper.xsa
TRACE::2023-01-23.17:19:02::SCWPlatform::DSA directory C:/Travail/s4InfoAtelier4/atelier4_wrapper/hw
TRACE::2023-01-23.17:19:02::SCWPlatform:: Platform Path C:/Travail/s4InfoAtelier4/atelier4_wrapper/hw/atelier4_wrapper.xsa
TRACE::2023-01-23.17:19:02::SCWPlatform:: Unique name xilinx:zybo-z7-10::0.0
TRACE::2023-01-23.17:19:02::SCWPlatform::Trying to set the existing hwdb with name atelier4_wrapper_13
TRACE::2023-01-23.17:19:02::SCWPlatform::Opened existing hwdb atelier4_wrapper_13
TRACE::2023-01-23.17:19:02::SCWPlatform::Found the Hw Db part of the input DSA
TRACE::2023-01-23.17:19:02::SCWMssOS::Checking the sw design at  C:/Travail/s4InfoAtelier4/atelier4_wrapper/zynq_fsbl/zynq_fsbl_bsp/system.mss
TRACE::2023-01-23.17:19:02::SCWMssOS::DEBUG:  swdes dump  C:/Travail/s4InfoAtelier4/atelier4_wrapper/ps7_cortexa9_0/standalone_ps7_cortexa9_0/bsp/system.mss|system_0||
C:/Travail/s4InfoAtelier4/atelier4_wrapper/zynq_fsbl/zynq_fsbl_bsp/system.mss|system||

TRACE::2023-01-23.17:19:02::SCWMssOS::Sw design exists and opened at  C:/Travail/s4InfoAtelier4/atelier4_wrapper/zynq_fsbl/zynq_fsbl_bsp/system.mss
TRACE::2023-01-23.17:19:02::SCWPlatform::Trying to open the hw design at C:/Travail/s4InfoAtelier4/atelier4_wrapper/hw/atelier4_wrapper.xsa
TRACE::2023-01-23.17:19:02::SCWPlatform::DSA given C:/Travail/s4InfoAtelier4/atelier4_wrapper/hw/atelier4_wrapper.xsa
TRACE::2023-01-23.17:19:02::SCWPlatform::DSA absoulate path C:/Travail/s4InfoAtelier4/atelier4_wrapper/hw/atelier4_wrapper.xsa
TRACE::2023-01-23.17:19:02::SCWPlatform::DSA directory C:/Travail/s4InfoAtelier4/atelier4_wrapper/hw
TRACE::2023-01-23.17:19:02::SCWPlatform:: Platform Path C:/Travail/s4InfoAtelier4/atelier4_wrapper/hw/atelier4_wrapper.xsa
TRACE::2023-01-23.17:19:02::SCWPlatform:: Unique name xilinx:zybo-z7-10::0.0
TRACE::2023-01-23.17:19:02::SCWPlatform::Trying to set the existing hwdb with name atelier4_wrapper_13
TRACE::2023-01-23.17:19:02::SCWPlatform::Opened existing hwdb atelier4_wrapper_13
TRACE::2023-01-23.17:19:02::SCWPlatform::Found the Hw Db part of the input DSA
TRACE::2023-01-23.17:19:02::SCWMssOS::Checking the sw design at  C:/Travail/s4InfoAtelier4/atelier4_wrapper/ps7_cortexa9_0/standalone_ps7_cortexa9_0/bsp/system.mss
TRACE::2023-01-23.17:19:02::SCWMssOS::DEBUG:  swdes dump  C:/Travail/s4InfoAtelier4/atelier4_wrapper/ps7_cortexa9_0/standalone_ps7_cortexa9_0/bsp/system.mss|system_0||
C:/Travail/s4InfoAtelier4/atelier4_wrapper/zynq_fsbl/zynq_fsbl_bsp/system.mss|system||

TRACE::2023-01-23.17:19:02::SCWMssOS::Sw design exists and opened at  C:/Travail/s4InfoAtelier4/atelier4_wrapper/ps7_cortexa9_0/standalone_ps7_cortexa9_0/bsp/system.mss
TRACE::2023-01-23.17:19:02::SCWWriter::formatted JSON is {
	"platformName":	"atelier4_wrapper",
	"sprVersion":	"2.0",
	"mode":	"gui",
	"dsaType":	"Fixed",
	"platformDesc":	"atelier4_wrapper",
	"platHandOff":	"<platformDir>.xsa",
	"platIntHandOff":	"<platformDir>/hw/atelier4_wrapper.xsa",
	"deviceType":	"zynq",
	"platIsPrebuiltAutogen":	"false",
	"platIsNoBootBsp":	"false",
	"hasFsblMakeHasChanges":	"false",
	"hasPmufwMakeHasChanges":	"false",
	"fsblExtraCompilerFlags":	"-MMD -MP       -mcpu=cortex-a9 -mfpu=vfpv3 -mfloat-abi=hard ",
	"platPreBuiltFlag":	false,
	"platformSamplesDir":	"",
	"platActiveSys":	"atelier4_wrapper",
	"systems":	[{
			"systemName":	"atelier4_wrapper",
			"systemDesc":	"atelier4_wrapper",
			"sysIsBootAutoGen":	"true",
			"systemDispName":	"atelier4_wrapper",
			"sysActiveDom":	"standalone_ps7_cortexa9_0",
			"sysDefaultDom":	"standalone_ps7_cortexa9_0",
			"domains":	[{
					"domainName":	"zynq_fsbl",
					"domainDispName":	"zynq_fsbl",
					"domainDesc":	"FSBL Application BSP - Auto Generated.",
					"processors":	"ps7_cortexa9_0",
					"os":	"standalone",
					"sdxOs":	"standalone",
					"debugEnable":	"",
					"domRuntimes":	["cpp"],
					"swRepo":	"",
					"mssOsVer":	"7.3",
					"mssFile":	"",
					"md5Digest":	"0be5ea4ab905254957fadc8566944063",
					"compatibleApp":	"zynq_fsbl",
					"domType":	"bootDomain",
					"arch":	"32-bit",
					"appSettings":	{
						"appCompilerFlags":	"",
						"appLinkerFlags":	""
					},
					"addedLibs":	["xilffs:4.4", "xilrsa:1.6"],
					"libOptions":	{
						"libsContainingOptions":	[]
					},
					"prebuiltLibs":	{
						"prebuiltIncPath":	[],
						"prebuiltLibPath":	[]
					},
					"isolation":	{
					}
				}, {
					"domainName":	"standalone_ps7_cortexa9_0",
					"domainDispName":	"standalone_ps7_cortexa9_0",
					"domainDesc":	"standalone_ps7_cortexa9_0",
					"processors":	"ps7_cortexa9_0",
					"os":	"standalone",
					"sdxOs":	"standalone",
					"qemuArgs":	"C:/Xilinx/Vitis/2020.2/data/emulation/platforms/zynq/sw/a9_standalone/qemu/qemu_args.txt",
					"qemuData":	"C:/Xilinx/Vitis/2020.2/data/emulation/platforms/zynq/sw/a9_standalone/qemu/",
					"debugEnable":	"False",
					"domRuntimes":	["cpp"],
					"swRepo":	"",
					"mssOsVer":	"7.3",
					"mssFile":	"",
					"md5Digest":	"c7b67555032dc1ffe6b30962acb1207c",
					"compatibleApp":	"",
					"domType":	"mssDomain",
					"arch":	"32-bit",
					"appSettings":	{
						"appCompilerFlags":	"",
						"appLinkerFlags":	""
					},
					"addedLibs":	[],
					"libOptions":	{
						"libsContainingOptions":	[]
					},
					"prebuiltLibs":	{
						"prebuiltIncPath":	[],
						"prebuiltLibPath":	[]
					},
					"isolation":	{
					}
				}]
		}]
}
LOG::2023-01-23.17:19:09::SCWPlatform::Started generating the artifacts platform atelier4_wrapper
TRACE::2023-01-23.17:19:09::SCWPlatform::Sanity checking of platform is completed
LOG::2023-01-23.17:19:09::SCWPlatform::Started generating the artifacts for system configuration atelier4_wrapper
LOG::2023-01-23.17:19:09::SCWSystem::Checking the domain zynq_fsbl
LOG::2023-01-23.17:19:09::SCWSystem::Doing application build for :  zynq_fsbl
TRACE::2023-01-23.17:19:09::SCWBDomain::Not a forced makefile updation, No changes are present. 
TRACE::2023-01-23.17:19:09::SCWDomain::Skipping the build for domain :  zynq_fsbl
LOG::2023-01-23.17:19:09::SCWSystem::Checking the domain standalone_ps7_cortexa9_0
LOG::2023-01-23.17:19:09::SCWSystem::Not a boot domain 
LOG::2023-01-23.17:19:09::SCWSystem::Started Processing the domain standalone_ps7_cortexa9_0
TRACE::2023-01-23.17:19:09::SCWDomain::Generating domain artifcats
TRACE::2023-01-23.17:19:09::SCWMssOS::Generating standalone artifcats
TRACE::2023-01-23.17:19:09::SCWMssOS::Copying the qemu file from  C:/Xilinx/Vitis/2020.2/data/emulation/platforms/zynq/sw/a9_standalone/qemu/qemu_args.txt To C:/Travail/s4InfoAtelier4/atelier4_wrapper/export/atelier4_wrapper/sw/atelier4_wrapper/qemu/
TRACE::2023-01-23.17:19:09::SCWMssOS::Copying the qemu file from  C:/Xilinx/Vitis/2020.2/data/emulation/platforms/zynq/sw/a9_standalone/qemu/qemu_args.txt To C:/Travail/s4InfoAtelier4/atelier4_wrapper/export/atelier4_wrapper/sw/atelier4_wrapper/standalone_ps7_cortexa9_0/qemu/
TRACE::2023-01-23.17:19:09::SCWMssOS:: Copying the user libraries. 
TRACE::2023-01-23.17:19:09::SCWPlatform::Trying to open the hw design at C:/Travail/s4InfoAtelier4/atelier4_wrapper/hw/atelier4_wrapper.xsa
TRACE::2023-01-23.17:19:09::SCWPlatform::DSA given C:/Travail/s4InfoAtelier4/atelier4_wrapper/hw/atelier4_wrapper.xsa
TRACE::2023-01-23.17:19:09::SCWPlatform::DSA absoulate path C:/Travail/s4InfoAtelier4/atelier4_wrapper/hw/atelier4_wrapper.xsa
TRACE::2023-01-23.17:19:09::SCWPlatform::DSA directory C:/Travail/s4InfoAtelier4/atelier4_wrapper/hw
TRACE::2023-01-23.17:19:09::SCWPlatform:: Platform Path C:/Travail/s4InfoAtelier4/atelier4_wrapper/hw/atelier4_wrapper.xsa
TRACE::2023-01-23.17:19:09::SCWPlatform:: Unique name xilinx:zybo-z7-10::0.0
TRACE::2023-01-23.17:19:09::SCWPlatform::Trying to set the existing hwdb with name atelier4_wrapper_13
TRACE::2023-01-23.17:19:09::SCWPlatform::Opened existing hwdb atelier4_wrapper_13
TRACE::2023-01-23.17:19:09::SCWPlatform::Found the Hw Db part of the input DSA
TRACE::2023-01-23.17:19:09::SCWMssOS::Checking the sw design at  C:/Travail/s4InfoAtelier4/atelier4_wrapper/ps7_cortexa9_0/standalone_ps7_cortexa9_0/bsp/system.mss
TRACE::2023-01-23.17:19:09::SCWMssOS::DEBUG:  swdes dump  C:/Travail/s4InfoAtelier4/atelier4_wrapper/ps7_cortexa9_0/standalone_ps7_cortexa9_0/bsp/system.mss|system_0||
C:/Travail/s4InfoAtelier4/atelier4_wrapper/zynq_fsbl/zynq_fsbl_bsp/system.mss|system||

TRACE::2023-01-23.17:19:09::SCWMssOS::Sw design exists and opened at  C:/Travail/s4InfoAtelier4/atelier4_wrapper/ps7_cortexa9_0/standalone_ps7_cortexa9_0/bsp/system.mss
TRACE::2023-01-23.17:19:09::SCWMssOS::Completed writing the mss file at C:/Travail/s4InfoAtelier4/atelier4_wrapper/ps7_cortexa9_0/standalone_ps7_cortexa9_0/bsp
TRACE::2023-01-23.17:19:09::SCWMssOS::Mss edits present, copying mssfile into export location C:/Travail/s4InfoAtelier4/atelier4_wrapper/ps7_cortexa9_0/standalone_ps7_cortexa9_0/bsp/system.mss
TRACE::2023-01-23.17:19:09::SCWMssOS::bsp generated is upto date with the mss file. Skipping bsp generation.
TRACE::2023-01-23.17:19:09::SCWMssOS::BSP is already built. skipping the bsp build ... 
TRACE::2023-01-23.17:19:09::SCWDomain::Skipping the build for domain :  standalone_ps7_cortexa9_0
TRACE::2023-01-23.17:19:09::SCWMssOS::skipping the bsp build ... 
TRACE::2023-01-23.17:19:09::SCWMssOS::Copying to export directory.
TRACE::2023-01-23.17:19:10::SCWMssOS:: Checking if to create the Supporting Applications
TRACE::2023-01-23.17:19:10::SCWMssOS:: No Linux domain exists, trying to generate FSBL 
LOG::2023-01-23.17:19:10::SCWSystem::Completed Processing the domain standalone_ps7_cortexa9_0
LOG::2023-01-23.17:19:10::SCWSystem::Completed Processing the sysconfig atelier4_wrapper
LOG::2023-01-23.17:19:10::SCWPlatform::Completed generating the artifacts for system configuration atelier4_wrapper
TRACE::2023-01-23.17:19:10::SCWPlatform::Started preparing the platform 
TRACE::2023-01-23.17:19:10::SCWSystem::Writing the bif file for system config atelier4_wrapper
TRACE::2023-01-23.17:19:10::SCWSystem::dir created 
TRACE::2023-01-23.17:19:10::SCWSystem::Writing the bif 
TRACE::2023-01-23.17:19:10::SCWPlatform::Started writing the spfm file 
TRACE::2023-01-23.17:19:10::SCWPlatform::Started writing the xpfm file 
TRACE::2023-01-23.17:19:10::SCWPlatform::Completed generating the platform
TRACE::2023-01-23.17:19:10::SCWMssOS::Saving the mss changes C:/Travail/s4InfoAtelier4/atelier4_wrapper/zynq_fsbl/zynq_fsbl_bsp/system.mss
TRACE::2023-01-23.17:19:10::SCWMssOS::Found a swdesign opened with the mssfile.
TRACE::2023-01-23.17:19:10::SCWMssOS::Completed writemss as part of save.
TRACE::2023-01-23.17:19:10::SCWMssOS::Commit changes completed.
TRACE::2023-01-23.17:19:10::SCWMssOS::Saving the mss changes C:/Travail/s4InfoAtelier4/atelier4_wrapper/ps7_cortexa9_0/standalone_ps7_cortexa9_0/bsp/system.mss
TRACE::2023-01-23.17:19:10::SCWMssOS::Found a swdesign opened with the mssfile.
TRACE::2023-01-23.17:19:10::SCWMssOS::Completed writemss as part of save.
TRACE::2023-01-23.17:19:10::SCWMssOS::Commit changes completed.
TRACE::2023-01-23.17:19:10::SCWPlatform::Trying to open the hw design at C:/Travail/s4InfoAtelier4/atelier4_wrapper/hw/atelier4_wrapper.xsa
TRACE::2023-01-23.17:19:10::SCWPlatform::DSA given C:/Travail/s4InfoAtelier4/atelier4_wrapper/hw/atelier4_wrapper.xsa
TRACE::2023-01-23.17:19:10::SCWPlatform::DSA absoulate path C:/Travail/s4InfoAtelier4/atelier4_wrapper/hw/atelier4_wrapper.xsa
TRACE::2023-01-23.17:19:10::SCWPlatform::DSA directory C:/Travail/s4InfoAtelier4/atelier4_wrapper/hw
TRACE::2023-01-23.17:19:10::SCWPlatform:: Platform Path C:/Travail/s4InfoAtelier4/atelier4_wrapper/hw/atelier4_wrapper.xsa
TRACE::2023-01-23.17:19:10::SCWPlatform:: Unique name xilinx:zybo-z7-10::0.0
TRACE::2023-01-23.17:19:10::SCWPlatform::Trying to set the existing hwdb with name atelier4_wrapper_13
TRACE::2023-01-23.17:19:10::SCWPlatform::Opened existing hwdb atelier4_wrapper_13
TRACE::2023-01-23.17:19:10::SCWPlatform::Found the Hw Db part of the input DSA
TRACE::2023-01-23.17:19:10::SCWMssOS::Checking the sw design at  C:/Travail/s4InfoAtelier4/atelier4_wrapper/zynq_fsbl/zynq_fsbl_bsp/system.mss
TRACE::2023-01-23.17:19:10::SCWMssOS::DEBUG:  swdes dump  C:/Travail/s4InfoAtelier4/atelier4_wrapper/ps7_cortexa9_0/standalone_ps7_cortexa9_0/bsp/system.mss|system_0||
C:/Travail/s4InfoAtelier4/atelier4_wrapper/zynq_fsbl/zynq_fsbl_bsp/system.mss|system||

TRACE::2023-01-23.17:19:10::SCWMssOS::Sw design exists and opened at  C:/Travail/s4InfoAtelier4/atelier4_wrapper/zynq_fsbl/zynq_fsbl_bsp/system.mss
TRACE::2023-01-23.17:19:10::SCWPlatform::Trying to open the hw design at C:/Travail/s4InfoAtelier4/atelier4_wrapper/hw/atelier4_wrapper.xsa
TRACE::2023-01-23.17:19:10::SCWPlatform::DSA given C:/Travail/s4InfoAtelier4/atelier4_wrapper/hw/atelier4_wrapper.xsa
TRACE::2023-01-23.17:19:10::SCWPlatform::DSA absoulate path C:/Travail/s4InfoAtelier4/atelier4_wrapper/hw/atelier4_wrapper.xsa
TRACE::2023-01-23.17:19:10::SCWPlatform::DSA directory C:/Travail/s4InfoAtelier4/atelier4_wrapper/hw
TRACE::2023-01-23.17:19:10::SCWPlatform:: Platform Path C:/Travail/s4InfoAtelier4/atelier4_wrapper/hw/atelier4_wrapper.xsa
TRACE::2023-01-23.17:19:10::SCWPlatform:: Unique name xilinx:zybo-z7-10::0.0
TRACE::2023-01-23.17:19:10::SCWPlatform::Trying to set the existing hwdb with name atelier4_wrapper_13
TRACE::2023-01-23.17:19:10::SCWPlatform::Opened existing hwdb atelier4_wrapper_13
TRACE::2023-01-23.17:19:10::SCWPlatform::Found the Hw Db part of the input DSA
TRACE::2023-01-23.17:19:10::SCWMssOS::Checking the sw design at  C:/Travail/s4InfoAtelier4/atelier4_wrapper/ps7_cortexa9_0/standalone_ps7_cortexa9_0/bsp/system.mss
TRACE::2023-01-23.17:19:10::SCWMssOS::DEBUG:  swdes dump  C:/Travail/s4InfoAtelier4/atelier4_wrapper/ps7_cortexa9_0/standalone_ps7_cortexa9_0/bsp/system.mss|system_0||
C:/Travail/s4InfoAtelier4/atelier4_wrapper/zynq_fsbl/zynq_fsbl_bsp/system.mss|system||

TRACE::2023-01-23.17:19:10::SCWMssOS::Sw design exists and opened at  C:/Travail/s4InfoAtelier4/atelier4_wrapper/ps7_cortexa9_0/standalone_ps7_cortexa9_0/bsp/system.mss
TRACE::2023-01-23.17:19:10::SCWWriter::formatted JSON is {
	"platformName":	"atelier4_wrapper",
	"sprVersion":	"2.0",
	"mode":	"gui",
	"dsaType":	"Fixed",
	"platformDesc":	"atelier4_wrapper",
	"platHandOff":	"<platformDir>.xsa",
	"platIntHandOff":	"<platformDir>/hw/atelier4_wrapper.xsa",
	"deviceType":	"zynq",
	"platIsPrebuiltAutogen":	"false",
	"platIsNoBootBsp":	"false",
	"hasFsblMakeHasChanges":	"false",
	"hasPmufwMakeHasChanges":	"false",
	"fsblExtraCompilerFlags":	"-MMD -MP       -mcpu=cortex-a9 -mfpu=vfpv3 -mfloat-abi=hard ",
	"platPreBuiltFlag":	false,
	"platformSamplesDir":	"",
	"platActiveSys":	"atelier4_wrapper",
	"systems":	[{
			"systemName":	"atelier4_wrapper",
			"systemDesc":	"atelier4_wrapper",
			"sysIsBootAutoGen":	"true",
			"systemDispName":	"atelier4_wrapper",
			"sysActiveDom":	"standalone_ps7_cortexa9_0",
			"sysDefaultDom":	"standalone_ps7_cortexa9_0",
			"domains":	[{
					"domainName":	"zynq_fsbl",
					"domainDispName":	"zynq_fsbl",
					"domainDesc":	"FSBL Application BSP - Auto Generated.",
					"processors":	"ps7_cortexa9_0",
					"os":	"standalone",
					"sdxOs":	"standalone",
					"debugEnable":	"",
					"domRuntimes":	["cpp"],
					"swRepo":	"",
					"mssOsVer":	"7.3",
					"mssFile":	"",
					"md5Digest":	"0be5ea4ab905254957fadc8566944063",
					"compatibleApp":	"zynq_fsbl",
					"domType":	"bootDomain",
					"arch":	"32-bit",
					"appSettings":	{
						"appCompilerFlags":	"",
						"appLinkerFlags":	""
					},
					"addedLibs":	["xilffs:4.4", "xilrsa:1.6"],
					"libOptions":	{
						"libsContainingOptions":	[]
					},
					"prebuiltLibs":	{
						"prebuiltIncPath":	[],
						"prebuiltLibPath":	[]
					},
					"isolation":	{
					}
				}, {
					"domainName":	"standalone_ps7_cortexa9_0",
					"domainDispName":	"standalone_ps7_cortexa9_0",
					"domainDesc":	"standalone_ps7_cortexa9_0",
					"processors":	"ps7_cortexa9_0",
					"os":	"standalone",
					"sdxOs":	"standalone",
					"qemuArgs":	"C:/Xilinx/Vitis/2020.2/data/emulation/platforms/zynq/sw/a9_standalone/qemu/qemu_args.txt",
					"qemuData":	"C:/Xilinx/Vitis/2020.2/data/emulation/platforms/zynq/sw/a9_standalone/qemu/",
					"debugEnable":	"False",
					"domRuntimes":	["cpp"],
					"swRepo":	"",
					"mssOsVer":	"7.3",
					"mssFile":	"",
					"md5Digest":	"c7b67555032dc1ffe6b30962acb1207c",
					"compatibleApp":	"",
					"domType":	"mssDomain",
					"arch":	"32-bit",
					"appSettings":	{
						"appCompilerFlags":	"",
						"appLinkerFlags":	""
					},
					"addedLibs":	[],
					"libOptions":	{
						"libsContainingOptions":	[]
					},
					"prebuiltLibs":	{
						"prebuiltIncPath":	[],
						"prebuiltLibPath":	[]
					},
					"isolation":	{
					}
				}]
		}]
}
KEYINFO::2023-01-23.17:19:10::SCWPlatform::updated the xpfm file.
TRACE::2023-01-23.17:19:10::SCWPlatform::Trying to open the hw design at C:/Travail/s4InfoAtelier4/atelier4_wrapper/hw/atelier4_wrapper.xsa
TRACE::2023-01-23.17:19:10::SCWPlatform::DSA given C:/Travail/s4InfoAtelier4/atelier4_wrapper/hw/atelier4_wrapper.xsa
TRACE::2023-01-23.17:19:10::SCWPlatform::DSA absoulate path C:/Travail/s4InfoAtelier4/atelier4_wrapper/hw/atelier4_wrapper.xsa
TRACE::2023-01-23.17:19:10::SCWPlatform::DSA directory C:/Travail/s4InfoAtelier4/atelier4_wrapper/hw
TRACE::2023-01-23.17:19:10::SCWPlatform:: Platform Path C:/Travail/s4InfoAtelier4/atelier4_wrapper/hw/atelier4_wrapper.xsa
TRACE::2023-01-23.17:19:10::SCWPlatform:: Unique name xilinx:zybo-z7-10::0.0
TRACE::2023-01-23.17:19:10::SCWPlatform::Trying to set the existing hwdb with name atelier4_wrapper_13
TRACE::2023-01-23.17:19:10::SCWPlatform::Opened existing hwdb atelier4_wrapper_13
TRACE::2023-01-23.17:19:10::SCWPlatform::Found the Hw Db part of the input DSA
TRACE::2023-01-23.17:19:10::SCWMssOS::Checking the sw design at  C:/Travail/s4InfoAtelier4/atelier4_wrapper/ps7_cortexa9_0/standalone_ps7_cortexa9_0/bsp/system.mss
TRACE::2023-01-23.17:19:10::SCWMssOS::DEBUG:  swdes dump  C:/Travail/s4InfoAtelier4/atelier4_wrapper/ps7_cortexa9_0/standalone_ps7_cortexa9_0/bsp/system.mss|system_0||
C:/Travail/s4InfoAtelier4/atelier4_wrapper/zynq_fsbl/zynq_fsbl_bsp/system.mss|system||

TRACE::2023-01-23.17:19:10::SCWMssOS::Sw design exists and opened at  C:/Travail/s4InfoAtelier4/atelier4_wrapper/ps7_cortexa9_0/standalone_ps7_cortexa9_0/bsp/system.mss
TRACE::2025-02-22.11:03:14::SCWPlatform::Trying to open the hw design at C:/Travail/s4InfoAtelier4/atelier4_wrapper/hw/atelier4_wrapper.xsa
TRACE::2025-02-22.11:03:14::SCWPlatform::DSA given C:/Travail/s4InfoAtelier4/atelier4_wrapper/hw/atelier4_wrapper.xsa
TRACE::2025-02-22.11:03:14::SCWPlatform::DSA absoulate path C:/Travail/s4InfoAtelier4/atelier4_wrapper/hw/atelier4_wrapper.xsa
TRACE::2025-02-22.11:03:18::SCWPlatform::DSA directory C:/Travail/s4InfoAtelier4/atelier4_wrapper/hw
TRACE::2025-02-22.11:03:18::SCWPlatform:: Platform Path C:/Travail/s4InfoAtelier4/atelier4_wrapper/hw/atelier4_wrapper.xsa
TRACE::2025-02-22.11:03:18::SCWPlatform:: Unique name xilinx:zybo-z7-10::0.0
TRACE::2025-02-22.11:03:18::SCWPlatform::Do not have an existing db opened. 
TRACE::2025-02-22.11:03:22::SCWPlatform::Opened new HwDB with name atelier4_wrapper
TRACE::2025-02-22.11:03:22::SCWReader::Active system found as  atelier4_wrapper
TRACE::2025-02-22.11:03:22::SCWReader::Handling sysconfig atelier4_wrapper
TRACE::2025-02-22.11:03:22::SCWDomain::checking for install qemu data   : 
TRACE::2025-02-22.11:03:22::SCWDomain:: Using the QEMU Data from install at  : C:/Xilinx/Vitis/2020.2/data/emulation/platforms/zynq/sw/a9_standalone/qemu/
TRACE::2025-02-22.11:03:22::SCWDomain:: Using the QEMU args  from install at  : C:/Xilinx/Vitis/2020.2/data/emulation/platforms/zynq/sw/a9_standalone/qemu/qemu_args.txt
TRACE::2025-02-22.11:03:22::SCWPlatform::Trying to open the hw design at C:/Travail/s4InfoAtelier4/atelier4_wrapper/hw/atelier4_wrapper.xsa
TRACE::2025-02-22.11:03:22::SCWPlatform::DSA given C:/Travail/s4InfoAtelier4/atelier4_wrapper/hw/atelier4_wrapper.xsa
TRACE::2025-02-22.11:03:22::SCWPlatform::DSA absoulate path C:/Travail/s4InfoAtelier4/atelier4_wrapper/hw/atelier4_wrapper.xsa
TRACE::2025-02-22.11:03:22::SCWPlatform::DSA directory C:/Travail/s4InfoAtelier4/atelier4_wrapper/hw
TRACE::2025-02-22.11:03:22::SCWPlatform:: Platform Path C:/Travail/s4InfoAtelier4/atelier4_wrapper/hw/atelier4_wrapper.xsa
TRACE::2025-02-22.11:03:22::SCWPlatform:: Unique name xilinx:zybo-z7-10::0.0
TRACE::2025-02-22.11:03:22::SCWPlatform::Trying to set the existing hwdb with name atelier4_wrapper
TRACE::2025-02-22.11:03:22::SCWPlatform::Opened existing hwdb atelier4_wrapper
TRACE::2025-02-22.11:03:22::SCWPlatform::Found the Hw Db part of the input DSA
TRACE::2025-02-22.11:03:22::SCWPlatform::Trying to open the hw design at C:/Travail/s4InfoAtelier4/atelier4_wrapper/hw/atelier4_wrapper.xsa
TRACE::2025-02-22.11:03:22::SCWPlatform::DSA given C:/Travail/s4InfoAtelier4/atelier4_wrapper/hw/atelier4_wrapper.xsa
TRACE::2025-02-22.11:03:22::SCWPlatform::DSA absoulate path C:/Travail/s4InfoAtelier4/atelier4_wrapper/hw/atelier4_wrapper.xsa
TRACE::2025-02-22.11:03:22::SCWPlatform::DSA directory C:/Travail/s4InfoAtelier4/atelier4_wrapper/hw
TRACE::2025-02-22.11:03:22::SCWPlatform:: Platform Path C:/Travail/s4InfoAtelier4/atelier4_wrapper/hw/atelier4_wrapper.xsa
TRACE::2025-02-22.11:03:22::SCWPlatform:: Unique name xilinx:zybo-z7-10::0.0
TRACE::2025-02-22.11:03:22::SCWPlatform::Trying to set the existing hwdb with name atelier4_wrapper
TRACE::2025-02-22.11:03:22::SCWPlatform::Opened existing hwdb atelier4_wrapper
TRACE::2025-02-22.11:03:22::SCWPlatform::Found the Hw Db part of the input DSA
TRACE::2025-02-22.11:03:22::SCWPlatform::Trying to open the hw design at C:/Travail/s4InfoAtelier4/atelier4_wrapper/hw/atelier4_wrapper.xsa
TRACE::2025-02-22.11:03:22::SCWPlatform::DSA given C:/Travail/s4InfoAtelier4/atelier4_wrapper/hw/atelier4_wrapper.xsa
TRACE::2025-02-22.11:03:22::SCWPlatform::DSA absoulate path C:/Travail/s4InfoAtelier4/atelier4_wrapper/hw/atelier4_wrapper.xsa
TRACE::2025-02-22.11:03:22::SCWPlatform::DSA directory C:/Travail/s4InfoAtelier4/atelier4_wrapper/hw
TRACE::2025-02-22.11:03:22::SCWPlatform:: Platform Path C:/Travail/s4InfoAtelier4/atelier4_wrapper/hw/atelier4_wrapper.xsa
TRACE::2025-02-22.11:03:22::SCWPlatform:: Unique name xilinx:zybo-z7-10::0.0
TRACE::2025-02-22.11:03:22::SCWPlatform::Trying to set the existing hwdb with name atelier4_wrapper
TRACE::2025-02-22.11:03:22::SCWPlatform::Opened existing hwdb atelier4_wrapper
TRACE::2025-02-22.11:03:22::SCWPlatform::Found the Hw Db part of the input DSA
TRACE::2025-02-22.11:03:22::SCWReader::Boot application domain added for zynq_fsbl
TRACE::2025-02-22.11:03:22::SCWPlatform::Trying to open the hw design at C:/Travail/s4InfoAtelier4/atelier4_wrapper/hw/atelier4_wrapper.xsa
TRACE::2025-02-22.11:03:22::SCWPlatform::DSA given C:/Travail/s4InfoAtelier4/atelier4_wrapper/hw/atelier4_wrapper.xsa
TRACE::2025-02-22.11:03:22::SCWPlatform::DSA absoulate path C:/Travail/s4InfoAtelier4/atelier4_wrapper/hw/atelier4_wrapper.xsa
TRACE::2025-02-22.11:03:22::SCWPlatform::DSA directory C:/Travail/s4InfoAtelier4/atelier4_wrapper/hw
TRACE::2025-02-22.11:03:22::SCWPlatform:: Platform Path C:/Travail/s4InfoAtelier4/atelier4_wrapper/hw/atelier4_wrapper.xsa
TRACE::2025-02-22.11:03:22::SCWPlatform:: Unique name xilinx:zybo-z7-10::0.0
TRACE::2025-02-22.11:03:22::SCWPlatform::Trying to set the existing hwdb with name atelier4_wrapper
TRACE::2025-02-22.11:03:22::SCWPlatform::Opened existing hwdb atelier4_wrapper
TRACE::2025-02-22.11:03:22::SCWPlatform::Found the Hw Db part of the input DSA
TRACE::2025-02-22.11:03:22::SCWMssOS::Checking the sw design at  C:/Travail/s4InfoAtelier4/atelier4_wrapper/zynq_fsbl/zynq_fsbl_bsp/system.mss
TRACE::2025-02-22.11:03:22::SCWMssOS::DEBUG:  swdes dump  
TRACE::2025-02-22.11:03:22::SCWMssOS::No sw design opened at  C:/Travail/s4InfoAtelier4/atelier4_wrapper/zynq_fsbl/zynq_fsbl_bsp/system.mss
TRACE::2025-02-22.11:03:22::SCWMssOS::mss exists loading the mss file  C:/Travail/s4InfoAtelier4/atelier4_wrapper/zynq_fsbl/zynq_fsbl_bsp/system.mss
TRACE::2025-02-22.11:03:22::SCWMssOS::Opened the sw design from mss  C:/Travail/s4InfoAtelier4/atelier4_wrapper/zynq_fsbl/zynq_fsbl_bsp/system.mss
TRACE::2025-02-22.11:03:22::SCWMssOS::Adding the swdes entry C:/Travail/s4InfoAtelier4/atelier4_wrapper/zynq_fsbl/zynq_fsbl_bsp/system.mss with des name system
TRACE::2025-02-22.11:03:22::SCWMssOS::updating the scw layer about changes
TRACE::2025-02-22.11:03:22::SCWMssOS::Opened the sw design.  C:/Travail/s4InfoAtelier4/atelier4_wrapper/zynq_fsbl/zynq_fsbl_bsp/system.mss
TRACE::2025-02-22.11:03:22::SCWPlatform::Trying to open the hw design at C:/Travail/s4InfoAtelier4/atelier4_wrapper/hw/atelier4_wrapper.xsa
TRACE::2025-02-22.11:03:22::SCWPlatform::DSA given C:/Travail/s4InfoAtelier4/atelier4_wrapper/hw/atelier4_wrapper.xsa
TRACE::2025-02-22.11:03:22::SCWPlatform::DSA absoulate path C:/Travail/s4InfoAtelier4/atelier4_wrapper/hw/atelier4_wrapper.xsa
TRACE::2025-02-22.11:03:22::SCWPlatform::DSA directory C:/Travail/s4InfoAtelier4/atelier4_wrapper/hw
TRACE::2025-02-22.11:03:22::SCWPlatform:: Platform Path C:/Travail/s4InfoAtelier4/atelier4_wrapper/hw/atelier4_wrapper.xsa
TRACE::2025-02-22.11:03:22::SCWPlatform:: Unique name xilinx:zybo-z7-10::0.0
TRACE::2025-02-22.11:03:22::SCWPlatform::Trying to set the existing hwdb with name atelier4_wrapper
TRACE::2025-02-22.11:03:22::SCWPlatform::Opened existing hwdb atelier4_wrapper
TRACE::2025-02-22.11:03:22::SCWPlatform::Found the Hw Db part of the input DSA
TRACE::2025-02-22.11:03:22::SCWMssOS::Checking the sw design at  C:/Travail/s4InfoAtelier4/atelier4_wrapper/zynq_fsbl/zynq_fsbl_bsp/system.mss
TRACE::2025-02-22.11:03:22::SCWMssOS::DEBUG:  swdes dump  C:/Travail/s4InfoAtelier4/atelier4_wrapper/zynq_fsbl/zynq_fsbl_bsp/system.mss|system||

TRACE::2025-02-22.11:03:22::SCWMssOS::Sw design exists and opened at  C:/Travail/s4InfoAtelier4/atelier4_wrapper/zynq_fsbl/zynq_fsbl_bsp/system.mss
TRACE::2025-02-22.11:03:22::SCWMssOS:: library already available in sw design:  xilffs:4.4
TRACE::2025-02-22.11:03:22::SCWPlatform::Trying to open the hw design at C:/Travail/s4InfoAtelier4/atelier4_wrapper/hw/atelier4_wrapper.xsa
TRACE::2025-02-22.11:03:22::SCWPlatform::DSA given C:/Travail/s4InfoAtelier4/atelier4_wrapper/hw/atelier4_wrapper.xsa
TRACE::2025-02-22.11:03:22::SCWPlatform::DSA absoulate path C:/Travail/s4InfoAtelier4/atelier4_wrapper/hw/atelier4_wrapper.xsa
TRACE::2025-02-22.11:03:22::SCWPlatform::DSA directory C:/Travail/s4InfoAtelier4/atelier4_wrapper/hw
TRACE::2025-02-22.11:03:22::SCWPlatform:: Platform Path C:/Travail/s4InfoAtelier4/atelier4_wrapper/hw/atelier4_wrapper.xsa
TRACE::2025-02-22.11:03:22::SCWPlatform:: Unique name xilinx:zybo-z7-10::0.0
TRACE::2025-02-22.11:03:22::SCWPlatform::Trying to set the existing hwdb with name atelier4_wrapper
TRACE::2025-02-22.11:03:22::SCWPlatform::Opened existing hwdb atelier4_wrapper
TRACE::2025-02-22.11:03:22::SCWPlatform::Found the Hw Db part of the input DSA
TRACE::2025-02-22.11:03:22::SCWMssOS::Checking the sw design at  C:/Travail/s4InfoAtelier4/atelier4_wrapper/zynq_fsbl/zynq_fsbl_bsp/system.mss
TRACE::2025-02-22.11:03:22::SCWMssOS::DEBUG:  swdes dump  C:/Travail/s4InfoAtelier4/atelier4_wrapper/zynq_fsbl/zynq_fsbl_bsp/system.mss|system||

TRACE::2025-02-22.11:03:22::SCWMssOS::Sw design exists and opened at  C:/Travail/s4InfoAtelier4/atelier4_wrapper/zynq_fsbl/zynq_fsbl_bsp/system.mss
TRACE::2025-02-22.11:03:22::SCWMssOS:: library already available in sw design:  xilrsa:1.6
TRACE::2025-02-22.11:03:22::SCWMssOS::Saving the mss changes C:/Travail/s4InfoAtelier4/atelier4_wrapper/zynq_fsbl/zynq_fsbl_bsp/system.mss
TRACE::2025-02-22.11:03:22::SCWMssOS::Found a swdesign opened with the mssfile.
TRACE::2025-02-22.11:03:22::SCWMssOS::Completed writemss as part of save.
TRACE::2025-02-22.11:03:22::SCWMssOS::Commit changes completed.
TRACE::2025-02-22.11:03:22::SCWReader::Adding prebuilt librarypaths as   
TRACE::2025-02-22.11:03:22::SCWReader::Adding prebuilt incpaths  as   
TRACE::2025-02-22.11:03:22::SCWPlatform::Trying to open the hw design at C:/Travail/s4InfoAtelier4/atelier4_wrapper/hw/atelier4_wrapper.xsa
TRACE::2025-02-22.11:03:22::SCWPlatform::DSA given C:/Travail/s4InfoAtelier4/atelier4_wrapper/hw/atelier4_wrapper.xsa
TRACE::2025-02-22.11:03:22::SCWPlatform::DSA absoulate path C:/Travail/s4InfoAtelier4/atelier4_wrapper/hw/atelier4_wrapper.xsa
TRACE::2025-02-22.11:03:22::SCWPlatform::DSA directory C:/Travail/s4InfoAtelier4/atelier4_wrapper/hw
TRACE::2025-02-22.11:03:22::SCWPlatform:: Platform Path C:/Travail/s4InfoAtelier4/atelier4_wrapper/hw/atelier4_wrapper.xsa
TRACE::2025-02-22.11:03:22::SCWPlatform:: Unique name xilinx:zybo-z7-10::0.0
TRACE::2025-02-22.11:03:22::SCWPlatform::Trying to set the existing hwdb with name atelier4_wrapper
TRACE::2025-02-22.11:03:22::SCWPlatform::Opened existing hwdb atelier4_wrapper
TRACE::2025-02-22.11:03:22::SCWPlatform::Found the Hw Db part of the input DSA
TRACE::2025-02-22.11:03:22::SCWMssOS::Checking the sw design at  C:/Travail/s4InfoAtelier4/atelier4_wrapper/zynq_fsbl/zynq_fsbl_bsp/system.mss
TRACE::2025-02-22.11:03:22::SCWMssOS::DEBUG:  swdes dump  C:/Travail/s4InfoAtelier4/atelier4_wrapper/zynq_fsbl/zynq_fsbl_bsp/system.mss|system||

TRACE::2025-02-22.11:03:22::SCWMssOS::Sw design exists and opened at  C:/Travail/s4InfoAtelier4/atelier4_wrapper/zynq_fsbl/zynq_fsbl_bsp/system.mss
TRACE::2025-02-22.11:03:22::SCWReader::No isolation master present  
TRACE::2025-02-22.11:03:22::SCWDomain::checking for install qemu data   : 
TRACE::2025-02-22.11:03:22::SCWDomain:: Using the QEMU Data from install at  : C:/Xilinx/Vitis/2020.2/data/emulation/platforms/zynq/sw/a9_standalone/qemu/
TRACE::2025-02-22.11:03:22::SCWDomain:: Using the QEMU args  from install at  : C:/Xilinx/Vitis/2020.2/data/emulation/platforms/zynq/sw/a9_standalone/qemu/qemu_args.txt
TRACE::2025-02-22.11:03:22::SCWPlatform::Trying to open the hw design at C:/Travail/s4InfoAtelier4/atelier4_wrapper/hw/atelier4_wrapper.xsa
TRACE::2025-02-22.11:03:22::SCWPlatform::DSA given C:/Travail/s4InfoAtelier4/atelier4_wrapper/hw/atelier4_wrapper.xsa
TRACE::2025-02-22.11:03:22::SCWPlatform::DSA absoulate path C:/Travail/s4InfoAtelier4/atelier4_wrapper/hw/atelier4_wrapper.xsa
TRACE::2025-02-22.11:03:22::SCWPlatform::DSA directory C:/Travail/s4InfoAtelier4/atelier4_wrapper/hw
TRACE::2025-02-22.11:03:22::SCWPlatform:: Platform Path C:/Travail/s4InfoAtelier4/atelier4_wrapper/hw/atelier4_wrapper.xsa
TRACE::2025-02-22.11:03:22::SCWPlatform:: Unique name xilinx:zybo-z7-10::0.0
TRACE::2025-02-22.11:03:22::SCWPlatform::Trying to set the existing hwdb with name atelier4_wrapper
TRACE::2025-02-22.11:03:22::SCWPlatform::Opened existing hwdb atelier4_wrapper
TRACE::2025-02-22.11:03:22::SCWPlatform::Found the Hw Db part of the input DSA
TRACE::2025-02-22.11:03:22::SCWPlatform::Trying to open the hw design at C:/Travail/s4InfoAtelier4/atelier4_wrapper/hw/atelier4_wrapper.xsa
TRACE::2025-02-22.11:03:22::SCWPlatform::DSA given C:/Travail/s4InfoAtelier4/atelier4_wrapper/hw/atelier4_wrapper.xsa
TRACE::2025-02-22.11:03:22::SCWPlatform::DSA absoulate path C:/Travail/s4InfoAtelier4/atelier4_wrapper/hw/atelier4_wrapper.xsa
TRACE::2025-02-22.11:03:22::SCWPlatform::DSA directory C:/Travail/s4InfoAtelier4/atelier4_wrapper/hw
TRACE::2025-02-22.11:03:22::SCWPlatform:: Platform Path C:/Travail/s4InfoAtelier4/atelier4_wrapper/hw/atelier4_wrapper.xsa
TRACE::2025-02-22.11:03:22::SCWPlatform:: Unique name xilinx:zybo-z7-10::0.0
TRACE::2025-02-22.11:03:22::SCWPlatform::Trying to set the existing hwdb with name atelier4_wrapper
TRACE::2025-02-22.11:03:22::SCWPlatform::Opened existing hwdb atelier4_wrapper
TRACE::2025-02-22.11:03:22::SCWPlatform::Found the Hw Db part of the input DSA
TRACE::2025-02-22.11:03:22::SCWPlatform::Trying to open the hw design at C:/Travail/s4InfoAtelier4/atelier4_wrapper/hw/atelier4_wrapper.xsa
TRACE::2025-02-22.11:03:22::SCWPlatform::DSA given C:/Travail/s4InfoAtelier4/atelier4_wrapper/hw/atelier4_wrapper.xsa
TRACE::2025-02-22.11:03:22::SCWPlatform::DSA absoulate path C:/Travail/s4InfoAtelier4/atelier4_wrapper/hw/atelier4_wrapper.xsa
TRACE::2025-02-22.11:03:22::SCWPlatform::DSA directory C:/Travail/s4InfoAtelier4/atelier4_wrapper/hw
TRACE::2025-02-22.11:03:22::SCWPlatform:: Platform Path C:/Travail/s4InfoAtelier4/atelier4_wrapper/hw/atelier4_wrapper.xsa
TRACE::2025-02-22.11:03:22::SCWPlatform:: Unique name xilinx:zybo-z7-10::0.0
TRACE::2025-02-22.11:03:22::SCWPlatform::Trying to set the existing hwdb with name atelier4_wrapper
TRACE::2025-02-22.11:03:22::SCWPlatform::Opened existing hwdb atelier4_wrapper
TRACE::2025-02-22.11:03:22::SCWPlatform::Found the Hw Db part of the input DSA
TRACE::2025-02-22.11:03:22::SCWMssOS::Checking the sw design at  C:/Travail/s4InfoAtelier4/atelier4_wrapper/ps7_cortexa9_0/standalone_ps7_cortexa9_0/bsp/system.mss
TRACE::2025-02-22.11:03:22::SCWMssOS::DEBUG:  swdes dump  C:/Travail/s4InfoAtelier4/atelier4_wrapper/zynq_fsbl/zynq_fsbl_bsp/system.mss|system||

TRACE::2025-02-22.11:03:22::SCWMssOS::No sw design opened at  C:/Travail/s4InfoAtelier4/atelier4_wrapper/ps7_cortexa9_0/standalone_ps7_cortexa9_0/bsp/system.mss
TRACE::2025-02-22.11:03:22::SCWMssOS::mss exists loading the mss file  C:/Travail/s4InfoAtelier4/atelier4_wrapper/ps7_cortexa9_0/standalone_ps7_cortexa9_0/bsp/system.mss
TRACE::2025-02-22.11:03:22::SCWMssOS::Opened the sw design from mss  C:/Travail/s4InfoAtelier4/atelier4_wrapper/ps7_cortexa9_0/standalone_ps7_cortexa9_0/bsp/system.mss
TRACE::2025-02-22.11:03:22::SCWMssOS::Adding the swdes entry C:/Travail/s4InfoAtelier4/atelier4_wrapper/ps7_cortexa9_0/standalone_ps7_cortexa9_0/bsp/system.mss with des name system_0
TRACE::2025-02-22.11:03:22::SCWMssOS::updating the scw layer about changes
TRACE::2025-02-22.11:03:22::SCWMssOS::Opened the sw design.  C:/Travail/s4InfoAtelier4/atelier4_wrapper/ps7_cortexa9_0/standalone_ps7_cortexa9_0/bsp/system.mss
TRACE::2025-02-22.11:03:22::SCWMssOS::Saving the mss changes C:/Travail/s4InfoAtelier4/atelier4_wrapper/ps7_cortexa9_0/standalone_ps7_cortexa9_0/bsp/system.mss
TRACE::2025-02-22.11:03:22::SCWMssOS::Found a swdesign opened with the mssfile.
TRACE::2025-02-22.11:03:22::SCWMssOS::Completed writemss as part of save.
TRACE::2025-02-22.11:03:22::SCWMssOS::Commit changes completed.
TRACE::2025-02-22.11:03:22::SCWReader::Adding prebuilt librarypaths as   
TRACE::2025-02-22.11:03:22::SCWReader::Adding prebuilt incpaths  as   
TRACE::2025-02-22.11:03:22::SCWPlatform::Trying to open the hw design at C:/Travail/s4InfoAtelier4/atelier4_wrapper/hw/atelier4_wrapper.xsa
TRACE::2025-02-22.11:03:22::SCWPlatform::DSA given C:/Travail/s4InfoAtelier4/atelier4_wrapper/hw/atelier4_wrapper.xsa
TRACE::2025-02-22.11:03:22::SCWPlatform::DSA absoulate path C:/Travail/s4InfoAtelier4/atelier4_wrapper/hw/atelier4_wrapper.xsa
TRACE::2025-02-22.11:03:22::SCWPlatform::DSA directory C:/Travail/s4InfoAtelier4/atelier4_wrapper/hw
TRACE::2025-02-22.11:03:22::SCWPlatform:: Platform Path C:/Travail/s4InfoAtelier4/atelier4_wrapper/hw/atelier4_wrapper.xsa
TRACE::2025-02-22.11:03:22::SCWPlatform:: Unique name xilinx:zybo-z7-10::0.0
TRACE::2025-02-22.11:03:22::SCWPlatform::Trying to set the existing hwdb with name atelier4_wrapper
TRACE::2025-02-22.11:03:22::SCWPlatform::Opened existing hwdb atelier4_wrapper
TRACE::2025-02-22.11:03:22::SCWPlatform::Found the Hw Db part of the input DSA
TRACE::2025-02-22.11:03:22::SCWMssOS::Checking the sw design at  C:/Travail/s4InfoAtelier4/atelier4_wrapper/ps7_cortexa9_0/standalone_ps7_cortexa9_0/bsp/system.mss
TRACE::2025-02-22.11:03:22::SCWMssOS::DEBUG:  swdes dump  C:/Travail/s4InfoAtelier4/atelier4_wrapper/ps7_cortexa9_0/standalone_ps7_cortexa9_0/bsp/system.mss|system_0||
C:/Travail/s4InfoAtelier4/atelier4_wrapper/zynq_fsbl/zynq_fsbl_bsp/system.mss|system||

TRACE::2025-02-22.11:03:22::SCWMssOS::Sw design exists and opened at  C:/Travail/s4InfoAtelier4/atelier4_wrapper/ps7_cortexa9_0/standalone_ps7_cortexa9_0/bsp/system.mss
TRACE::2025-02-22.11:03:22::SCWReader::No isolation master present  
LOG::2025-02-22.11:03:22::SCWPlatform::Started generating the artifacts platform atelier4_wrapper
TRACE::2025-02-22.11:03:22::SCWPlatform::Sanity checking of platform is completed
LOG::2025-02-22.11:03:22::SCWPlatform::Started generating the artifacts for system configuration atelier4_wrapper
LOG::2025-02-22.11:03:22::SCWSystem::Checking the domain zynq_fsbl
LOG::2025-02-22.11:03:22::SCWSystem::Doing application build for :  zynq_fsbl
TRACE::2025-02-22.11:03:22::SCWBDomain::Not a forced makefile updation, No changes are present. 
TRACE::2025-02-22.11:03:22::SCWDomain::Building the domain as part of full build :  zynq_fsbl
TRACE::2025-02-22.11:03:22::SCWPlatform::Trying to open the hw design at C:/Travail/s4InfoAtelier4/atelier4_wrapper/hw/atelier4_wrapper.xsa
TRACE::2025-02-22.11:03:22::SCWPlatform::DSA given C:/Travail/s4InfoAtelier4/atelier4_wrapper/hw/atelier4_wrapper.xsa
TRACE::2025-02-22.11:03:22::SCWPlatform::DSA absoulate path C:/Travail/s4InfoAtelier4/atelier4_wrapper/hw/atelier4_wrapper.xsa
TRACE::2025-02-22.11:03:22::SCWPlatform::DSA directory C:/Travail/s4InfoAtelier4/atelier4_wrapper/hw
TRACE::2025-02-22.11:03:22::SCWPlatform:: Platform Path C:/Travail/s4InfoAtelier4/atelier4_wrapper/hw/atelier4_wrapper.xsa
TRACE::2025-02-22.11:03:22::SCWPlatform:: Unique name xilinx:zybo-z7-10::0.0
TRACE::2025-02-22.11:03:22::SCWPlatform::Trying to set the existing hwdb with name atelier4_wrapper
TRACE::2025-02-22.11:03:22::SCWPlatform::Opened existing hwdb atelier4_wrapper
TRACE::2025-02-22.11:03:22::SCWPlatform::Found the Hw Db part of the input DSA
TRACE::2025-02-22.11:03:22::SCWMssOS::Checking the sw design at  C:/Travail/s4InfoAtelier4/atelier4_wrapper/zynq_fsbl/zynq_fsbl_bsp/system.mss
TRACE::2025-02-22.11:03:22::SCWMssOS::DEBUG:  swdes dump  C:/Travail/s4InfoAtelier4/atelier4_wrapper/ps7_cortexa9_0/standalone_ps7_cortexa9_0/bsp/system.mss|system_0||
C:/Travail/s4InfoAtelier4/atelier4_wrapper/zynq_fsbl/zynq_fsbl_bsp/system.mss|system||

TRACE::2025-02-22.11:03:22::SCWMssOS::Sw design exists and opened at  C:/Travail/s4InfoAtelier4/atelier4_wrapper/zynq_fsbl/zynq_fsbl_bsp/system.mss
TRACE::2025-02-22.11:03:22::SCWBDomain::Completed writing the mss file at C:/Travail/s4InfoAtelier4/atelier4_wrapper/zynq_fsbl/zynq_fsbl_bsp
TRACE::2025-02-22.11:03:22::SCWBDomain::bsp generated is upto date with the mss file. Skipping bsp generation.
TRACE::2025-02-22.11:03:22::SCWBDomain::Not a forced makefile updation, No changes are present. 
TRACE::2025-02-22.11:03:22::SCWBDomain::System Command Ran  C:&  cd  C:/Travail/s4InfoAtelier4/atelier4_wrapper/zynq_fsbl& make -C  zynq_fsbl_bsp & make 
TRACE::2025-02-22.11:03:22::SCWBDomain::make: Entering directory 'C:/Travail/s4InfoAtelier4/atelier4_wrapper/zynq_fsbl/zynq_fsbl_bsp'

TRACE::2025-02-22.11:03:22::SCWBDomain::make --no-print-directory seq_libs

TRACE::2025-02-22.11:03:22::SCWBDomain::"Running Make include in ps7_cortexa9_0/libsrc/axis_switch_v1_4/src"

TRACE::2025-02-22.11:03:22::SCWBDomain::make -C ps7_cortexa9_0/libsrc/axis_switch_v1_4/src -s include  "SHELL=CMD" "COMPILER=arm-none-eabi-gcc" "ASSEMBLER=arm-none-eab
TRACE::2025-02-22.11:03:22::SCWBDomain::i-as" "ARCHIVER=arm-none-eabi-ar" "COMPILER_FLAGS=  -O2 -c" "EXTRA_COMPILER_FLAGS=-mcpu=cortex-a9 -mfpu=vfpv3 -mfloat-abi=hard 
TRACE::2025-02-22.11:03:22::SCWBDomain::-nostartfiles -g -Wall -Wextra"

TRACE::2025-02-22.11:03:23::SCWBDomain::"Running Make include in ps7_cortexa9_0/libsrc/axivdma_v6_8/src"

TRACE::2025-02-22.11:03:23::SCWBDomain::make -C ps7_cortexa9_0/libsrc/axivdma_v6_8/src -s include  "SHELL=CMD" "COMPILER=arm-none-eabi-gcc" "ASSEMBLER=arm-none-eabi-as
TRACE::2025-02-22.11:03:23::SCWBDomain::" "ARCHIVER=arm-none-eabi-ar" "COMPILER_FLAGS=  -O2 -c" "EXTRA_COMPILER_FLAGS=-mcpu=cortex-a9 -mfpu=vfpv3 -mfloat-abi=hard -nos
TRACE::2025-02-22.11:03:23::SCWBDomain::tartfiles -g -Wall -Wextra"

TRACE::2025-02-22.11:03:23::SCWBDomain::"Running Make include in ps7_cortexa9_0/libsrc/coresightps_dcc_v1_8/src"

TRACE::2025-02-22.11:03:23::SCWBDomain::make -C ps7_cortexa9_0/libsrc/coresightps_dcc_v1_8/src -s include  "SHELL=CMD" "COMPILER=arm-none-eabi-gcc" "ASSEMBLER=arm-none
TRACE::2025-02-22.11:03:23::SCWBDomain::-eabi-as" "ARCHIVER=arm-none-eabi-ar" "COMPILER_FLAGS=  -O2 -c" "EXTRA_COMPILER_FLAGS=-mcpu=cortex-a9 -mfpu=vfpv3 -mfloat-abi=h
TRACE::2025-02-22.11:03:23::SCWBDomain::ard -nostartfiles -g -Wall -Wextra"

TRACE::2025-02-22.11:03:23::SCWBDomain::"Running Make include in ps7_cortexa9_0/libsrc/cpu_cortexa9_v2_10/src"

TRACE::2025-02-22.11:03:23::SCWBDomain::make -C ps7_cortexa9_0/libsrc/cpu_cortexa9_v2_10/src -s include  "SHELL=CMD" "COMPILER=arm-none-eabi-gcc" "ASSEMBLER=arm-none-e
TRACE::2025-02-22.11:03:23::SCWBDomain::abi-as" "ARCHIVER=arm-none-eabi-ar" "COMPILER_FLAGS=  -O2 -c" "EXTRA_COMPILER_FLAGS=-mcpu=cortex-a9 -mfpu=vfpv3 -mfloat-abi=har
TRACE::2025-02-22.11:03:23::SCWBDomain::d -nostartfiles -g -Wall -Wextra"

TRACE::2025-02-22.11:03:23::SCWBDomain::"Running Make include in ps7_cortexa9_0/libsrc/ddrps_v1_2/src"

TRACE::2025-02-22.11:03:23::SCWBDomain::make -C ps7_cortexa9_0/libsrc/ddrps_v1_2/src -s include  "SHELL=CMD" "COMPILER=arm-none-eabi-gcc" "ASSEMBLER=arm-none-eabi-as" 
TRACE::2025-02-22.11:03:23::SCWBDomain::"ARCHIVER=arm-none-eabi-ar" "COMPILER_FLAGS=  -O2 -c" "EXTRA_COMPILER_FLAGS=-mcpu=cortex-a9 -mfpu=vfpv3 -mfloat-abi=hard -nosta
TRACE::2025-02-22.11:03:23::SCWBDomain::rtfiles -g -Wall -Wextra"

TRACE::2025-02-22.11:03:23::SCWBDomain::"Running Make include in ps7_cortexa9_0/libsrc/devcfg_v3_7/src"

TRACE::2025-02-22.11:03:23::SCWBDomain::make -C ps7_cortexa9_0/libsrc/devcfg_v3_7/src -s include  "SHELL=CMD" "COMPILER=arm-none-eabi-gcc" "ASSEMBLER=arm-none-eabi-as"
TRACE::2025-02-22.11:03:23::SCWBDomain:: "ARCHIVER=arm-none-eabi-ar" "COMPILER_FLAGS=  -O2 -c" "EXTRA_COMPILER_FLAGS=-mcpu=cortex-a9 -mfpu=vfpv3 -mfloat-abi=hard -nost
TRACE::2025-02-22.11:03:23::SCWBDomain::artfiles -g -Wall -Wextra"

TRACE::2025-02-22.11:03:23::SCWBDomain::"Running Make include in ps7_cortexa9_0/libsrc/dmaps_v2_7/src"

TRACE::2025-02-22.11:03:23::SCWBDomain::make -C ps7_cortexa9_0/libsrc/dmaps_v2_7/src -s include  "SHELL=CMD" "COMPILER=arm-none-eabi-gcc" "ASSEMBLER=arm-none-eabi-as" 
TRACE::2025-02-22.11:03:23::SCWBDomain::"ARCHIVER=arm-none-eabi-ar" "COMPILER_FLAGS=  -O2 -c" "EXTRA_COMPILER_FLAGS=-mcpu=cortex-a9 -mfpu=vfpv3 -mfloat-abi=hard -nosta
TRACE::2025-02-22.11:03:23::SCWBDomain::rtfiles -g -Wall -Wextra"

TRACE::2025-02-22.11:03:23::SCWBDomain::"Running Make include in ps7_cortexa9_0/libsrc/emacps_v3_12/src"

TRACE::2025-02-22.11:03:23::SCWBDomain::make -C ps7_cortexa9_0/libsrc/emacps_v3_12/src -s include  "SHELL=CMD" "COMPILER=arm-none-eabi-gcc" "ASSEMBLER=arm-none-eabi-as
TRACE::2025-02-22.11:03:23::SCWBDomain::" "ARCHIVER=arm-none-eabi-ar" "COMPILER_FLAGS=  -O2 -c" "EXTRA_COMPILER_FLAGS=-mcpu=cortex-a9 -mfpu=vfpv3 -mfloat-abi=hard -nos
TRACE::2025-02-22.11:03:23::SCWBDomain::tartfiles -g -Wall -Wextra"

TRACE::2025-02-22.11:03:23::SCWBDomain::"Running Make include in ps7_cortexa9_0/libsrc/gpiops_v3_8/src"

TRACE::2025-02-22.11:03:23::SCWBDomain::make -C ps7_cortexa9_0/libsrc/gpiops_v3_8/src -s include  "SHELL=CMD" "COMPILER=arm-none-eabi-gcc" "ASSEMBLER=arm-none-eabi-as"
TRACE::2025-02-22.11:03:23::SCWBDomain:: "ARCHIVER=arm-none-eabi-ar" "COMPILER_FLAGS=  -O2 -c" "EXTRA_COMPILER_FLAGS=-mcpu=cortex-a9 -mfpu=vfpv3 -mfloat-abi=hard -nost
TRACE::2025-02-22.11:03:23::SCWBDomain::artfiles -g -Wall -Wextra"

TRACE::2025-02-22.11:03:24::SCWBDomain::"Running Make include in ps7_cortexa9_0/libsrc/gpio_v4_7/src"

TRACE::2025-02-22.11:03:24::SCWBDomain::make -C ps7_cortexa9_0/libsrc/gpio_v4_7/src -s include  "SHELL=CMD" "COMPILER=arm-none-eabi-gcc" "ASSEMBLER=arm-none-eabi-as" "
TRACE::2025-02-22.11:03:24::SCWBDomain::ARCHIVER=arm-none-eabi-ar" "COMPILER_FLAGS=  -O2 -c" "EXTRA_COMPILER_FLAGS=-mcpu=cortex-a9 -mfpu=vfpv3 -mfloat-abi=hard -nostar
TRACE::2025-02-22.11:03:24::SCWBDomain::tfiles -g -Wall -Wextra"

TRACE::2025-02-22.11:03:24::SCWBDomain::"Running Make include in ps7_cortexa9_0/libsrc/mycolorRegister_v1_0/src"

TRACE::2025-02-22.11:03:24::SCWBDomain::make -C ps7_cortexa9_0/libsrc/mycolorRegister_v1_0/src -s include  "SHELL=CMD" "COMPILER=arm-none-eabi-gcc" "ASSEMBLER=arm-none
TRACE::2025-02-22.11:03:24::SCWBDomain::-eabi-as" "ARCHIVER=arm-none-eabi-ar" "COMPILER_FLAGS=  -O2 -c" "EXTRA_COMPILER_FLAGS=-mcpu=cortex-a9 -mfpu=vfpv3 -mfloat-abi=h
TRACE::2025-02-22.11:03:24::SCWBDomain::ard -nostartfiles -g -Wall -Wextra"

TRACE::2025-02-22.11:03:24::SCWBDomain::"Running Make include in ps7_cortexa9_0/libsrc/pixelDataToVideoStream_v1_0/src"

TRACE::2025-02-22.11:03:24::SCWBDomain::make -C ps7_cortexa9_0/libsrc/pixelDataToVideoStream_v1_0/src -s include  "SHELL=CMD" "COMPILER=arm-none-eabi-gcc" "ASSEMBLER=a
TRACE::2025-02-22.11:03:24::SCWBDomain::rm-none-eabi-as" "ARCHIVER=arm-none-eabi-ar" "COMPILER_FLAGS=  -O2 -c" "EXTRA_COMPILER_FLAGS=-mcpu=cortex-a9 -mfpu=vfpv3 -mfloa
TRACE::2025-02-22.11:03:24::SCWBDomain::t-abi=hard -nostartfiles -g -Wall -Wextra"

TRACE::2025-02-22.11:03:24::SCWBDomain::"Running Make include in ps7_cortexa9_0/libsrc/qspips_v3_8/src"

TRACE::2025-02-22.11:03:24::SCWBDomain::make -C ps7_cortexa9_0/libsrc/qspips_v3_8/src -s include  "SHELL=CMD" "COMPILER=arm-none-eabi-gcc" "ASSEMBLER=arm-none-eabi-as"
TRACE::2025-02-22.11:03:24::SCWBDomain:: "ARCHIVER=arm-none-eabi-ar" "COMPILER_FLAGS=  -O2 -c" "EXTRA_COMPILER_FLAGS=-mcpu=cortex-a9 -mfpu=vfpv3 -mfloat-abi=hard -nost
TRACE::2025-02-22.11:03:24::SCWBDomain::artfiles -g -Wall -Wextra"

TRACE::2025-02-22.11:03:24::SCWBDomain::"Running Make include in ps7_cortexa9_0/libsrc/scugic_v4_3/src"

TRACE::2025-02-22.11:03:24::SCWBDomain::make -C ps7_cortexa9_0/libsrc/scugic_v4_3/src -s include  "SHELL=CMD" "COMPILER=arm-none-eabi-gcc" "ASSEMBLER=arm-none-eabi-as"
TRACE::2025-02-22.11:03:24::SCWBDomain:: "ARCHIVER=arm-none-eabi-ar" "COMPILER_FLAGS=  -O2 -c" "EXTRA_COMPILER_FLAGS=-mcpu=cortex-a9 -mfpu=vfpv3 -mfloat-abi=hard -nost
TRACE::2025-02-22.11:03:24::SCWBDomain::artfiles -g -Wall -Wextra"

TRACE::2025-02-22.11:03:24::SCWBDomain::"Running Make include in ps7_cortexa9_0/libsrc/scutimer_v2_3/src"

TRACE::2025-02-22.11:03:24::SCWBDomain::make -C ps7_cortexa9_0/libsrc/scutimer_v2_3/src -s include  "SHELL=CMD" "COMPILER=arm-none-eabi-gcc" "ASSEMBLER=arm-none-eabi-a
TRACE::2025-02-22.11:03:24::SCWBDomain::s" "ARCHIVER=arm-none-eabi-ar" "COMPILER_FLAGS=  -O2 -c" "EXTRA_COMPILER_FLAGS=-mcpu=cortex-a9 -mfpu=vfpv3 -mfloat-abi=hard -no
TRACE::2025-02-22.11:03:24::SCWBDomain::startfiles -g -Wall -Wextra"

TRACE::2025-02-22.11:03:24::SCWBDomain::"Running Make include in ps7_cortexa9_0/libsrc/scuwdt_v2_3/src"

TRACE::2025-02-22.11:03:24::SCWBDomain::make -C ps7_cortexa9_0/libsrc/scuwdt_v2_3/src -s include  "SHELL=CMD" "COMPILER=arm-none-eabi-gcc" "ASSEMBLER=arm-none-eabi-as"
TRACE::2025-02-22.11:03:24::SCWBDomain:: "ARCHIVER=arm-none-eabi-ar" "COMPILER_FLAGS=  -O2 -c" "EXTRA_COMPILER_FLAGS=-mcpu=cortex-a9 -mfpu=vfpv3 -mfloat-abi=hard -nost
TRACE::2025-02-22.11:03:24::SCWBDomain::artfiles -g -Wall -Wextra"

TRACE::2025-02-22.11:03:25::SCWBDomain::"Running Make include in ps7_cortexa9_0/libsrc/sdps_v3_10/src"

TRACE::2025-02-22.11:03:25::SCWBDomain::make -C ps7_cortexa9_0/libsrc/sdps_v3_10/src -s include  "SHELL=CMD" "COMPILER=arm-none-eabi-gcc" "ASSEMBLER=arm-none-eabi-as" 
TRACE::2025-02-22.11:03:25::SCWBDomain::"ARCHIVER=arm-none-eabi-ar" "COMPILER_FLAGS=  -O2 -c" "EXTRA_COMPILER_FLAGS=-mcpu=cortex-a9 -mfpu=vfpv3 -mfloat-abi=hard -nosta
TRACE::2025-02-22.11:03:25::SCWBDomain::rtfiles -g -Wall -Wextra"

TRACE::2025-02-22.11:03:25::SCWBDomain::"Running Make include in ps7_cortexa9_0/libsrc/standalone_v7_3/src"

TRACE::2025-02-22.11:03:25::SCWBDomain::make -C ps7_cortexa9_0/libsrc/standalone_v7_3/src -s include  "SHELL=CMD" "COMPILER=arm-none-eabi-gcc" "ASSEMBLER=arm-none-eabi
TRACE::2025-02-22.11:03:25::SCWBDomain::-as" "ARCHIVER=arm-none-eabi-ar" "COMPILER_FLAGS=  -O2 -c" "EXTRA_COMPILER_FLAGS=-mcpu=cortex-a9 -mfpu=vfpv3 -mfloat-abi=hard -
TRACE::2025-02-22.11:03:25::SCWBDomain::nostartfiles -g -Wall -Wextra"

TRACE::2025-02-22.11:03:25::SCWBDomain::"Running Make include in ps7_cortexa9_0/libsrc/uartps_v3_10/src"

TRACE::2025-02-22.11:03:25::SCWBDomain::make -C ps7_cortexa9_0/libsrc/uartps_v3_10/src -s include  "SHELL=CMD" "COMPILER=arm-none-eabi-gcc" "ASSEMBLER=arm-none-eabi-as
TRACE::2025-02-22.11:03:25::SCWBDomain::" "ARCHIVER=arm-none-eabi-ar" "COMPILER_FLAGS=  -O2 -c" "EXTRA_COMPILER_FLAGS=-mcpu=cortex-a9 -mfpu=vfpv3 -mfloat-abi=hard -nos
TRACE::2025-02-22.11:03:25::SCWBDomain::tartfiles -g -Wall -Wextra"

TRACE::2025-02-22.11:03:25::SCWBDomain::"Running Make include in ps7_cortexa9_0/libsrc/usbps_v2_6/src"

TRACE::2025-02-22.11:03:25::SCWBDomain::make -C ps7_cortexa9_0/libsrc/usbps_v2_6/src -s include  "SHELL=CMD" "COMPILER=arm-none-eabi-gcc" "ASSEMBLER=arm-none-eabi-as" 
TRACE::2025-02-22.11:03:25::SCWBDomain::"ARCHIVER=arm-none-eabi-ar" "COMPILER_FLAGS=  -O2 -c" "EXTRA_COMPILER_FLAGS=-mcpu=cortex-a9 -mfpu=vfpv3 -mfloat-abi=hard -nosta
TRACE::2025-02-22.11:03:25::SCWBDomain::rtfiles -g -Wall -Wextra"

TRACE::2025-02-22.11:03:25::SCWBDomain::"Running Make include in ps7_cortexa9_0/libsrc/video_common_v4_10/src"

TRACE::2025-02-22.11:03:25::SCWBDomain::make -C ps7_cortexa9_0/libsrc/video_common_v4_10/src -s include  "SHELL=CMD" "COMPILER=arm-none-eabi-gcc" "ASSEMBLER=arm-none-e
TRACE::2025-02-22.11:03:25::SCWBDomain::abi-as" "ARCHIVER=arm-none-eabi-ar" "COMPILER_FLAGS=  -O2 -c" "EXTRA_COMPILER_FLAGS=-mcpu=cortex-a9 -mfpu=vfpv3 -mfloat-abi=har
TRACE::2025-02-22.11:03:25::SCWBDomain::d -nostartfiles -g -Wall -Wextra"

TRACE::2025-02-22.11:03:26::SCWBDomain::"Running Make include in ps7_cortexa9_0/libsrc/vprocss_v2_8/src"

TRACE::2025-02-22.11:03:26::SCWBDomain::make -C ps7_cortexa9_0/libsrc/vprocss_v2_8/src -s include  "SHELL=CMD" "COMPILER=arm-none-eabi-gcc" "ASSEMBLER=arm-none-eabi-as
TRACE::2025-02-22.11:03:26::SCWBDomain::" "ARCHIVER=arm-none-eabi-ar" "COMPILER_FLAGS=  -O2 -c" "EXTRA_COMPILER_FLAGS=-mcpu=cortex-a9 -mfpu=vfpv3 -mfloat-abi=hard -nos
TRACE::2025-02-22.11:03:26::SCWBDomain::tartfiles -g -Wall -Wextra"

TRACE::2025-02-22.11:03:26::SCWBDomain::"Running Make include in ps7_cortexa9_0/libsrc/v_csc_v2_5/src"

TRACE::2025-02-22.11:03:26::SCWBDomain::make -C ps7_cortexa9_0/libsrc/v_csc_v2_5/src -s include  "SHELL=CMD" "COMPILER=arm-none-eabi-gcc" "ASSEMBLER=arm-none-eabi-as" 
TRACE::2025-02-22.11:03:26::SCWBDomain::"ARCHIVER=arm-none-eabi-ar" "COMPILER_FLAGS=  -O2 -c" "EXTRA_COMPILER_FLAGS=-mcpu=cortex-a9 -mfpu=vfpv3 -mfloat-abi=hard -nosta
TRACE::2025-02-22.11:03:26::SCWBDomain::rtfiles -g -Wall -Wextra"

TRACE::2025-02-22.11:03:26::SCWBDomain::"Running Make include in ps7_cortexa9_0/libsrc/v_deinterlacer_v7_2/src"

TRACE::2025-02-22.11:03:26::SCWBDomain::make -C ps7_cortexa9_0/libsrc/v_deinterlacer_v7_2/src -s include  "SHELL=CMD" "COMPILER=arm-none-eabi-gcc" "ASSEMBLER=arm-none-
TRACE::2025-02-22.11:03:26::SCWBDomain::eabi-as" "ARCHIVER=arm-none-eabi-ar" "COMPILER_FLAGS=  -O2 -c" "EXTRA_COMPILER_FLAGS=-mcpu=cortex-a9 -mfpu=vfpv3 -mfloat-abi=ha
TRACE::2025-02-22.11:03:26::SCWBDomain::rd -nostartfiles -g -Wall -Wextra"

TRACE::2025-02-22.11:03:26::SCWBDomain::"Running Make include in ps7_cortexa9_0/libsrc/v_hcresampler_v3_2/src"

TRACE::2025-02-22.11:03:26::SCWBDomain::make -C ps7_cortexa9_0/libsrc/v_hcresampler_v3_2/src -s include  "SHELL=CMD" "COMPILER=arm-none-eabi-gcc" "ASSEMBLER=arm-none-e
TRACE::2025-02-22.11:03:26::SCWBDomain::abi-as" "ARCHIVER=arm-none-eabi-ar" "COMPILER_FLAGS=  -O2 -c" "EXTRA_COMPILER_FLAGS=-mcpu=cortex-a9 -mfpu=vfpv3 -mfloat-abi=har
TRACE::2025-02-22.11:03:26::SCWBDomain::d -nostartfiles -g -Wall -Wextra"

TRACE::2025-02-22.11:03:26::SCWBDomain::"Running Make include in ps7_cortexa9_0/libsrc/v_hscaler_v3_4/src"

TRACE::2025-02-22.11:03:26::SCWBDomain::make -C ps7_cortexa9_0/libsrc/v_hscaler_v3_4/src -s include  "SHELL=CMD" "COMPILER=arm-none-eabi-gcc" "ASSEMBLER=arm-none-eabi-
TRACE::2025-02-22.11:03:26::SCWBDomain::as" "ARCHIVER=arm-none-eabi-ar" "COMPILER_FLAGS=  -O2 -c" "EXTRA_COMPILER_FLAGS=-mcpu=cortex-a9 -mfpu=vfpv3 -mfloat-abi=hard -n
TRACE::2025-02-22.11:03:26::SCWBDomain::ostartfiles -g -Wall -Wextra"

TRACE::2025-02-22.11:03:26::SCWBDomain::"Running Make include in ps7_cortexa9_0/libsrc/v_letterbox_v2_3/src"

TRACE::2025-02-22.11:03:26::SCWBDomain::make -C ps7_cortexa9_0/libsrc/v_letterbox_v2_3/src -s include  "SHELL=CMD" "COMPILER=arm-none-eabi-gcc" "ASSEMBLER=arm-none-eab
TRACE::2025-02-22.11:03:26::SCWBDomain::i-as" "ARCHIVER=arm-none-eabi-ar" "COMPILER_FLAGS=  -O2 -c" "EXTRA_COMPILER_FLAGS=-mcpu=cortex-a9 -mfpu=vfpv3 -mfloat-abi=hard 
TRACE::2025-02-22.11:03:26::SCWBDomain::-nostartfiles -g -Wall -Wextra"

TRACE::2025-02-22.11:03:26::SCWBDomain::"Running Make include in ps7_cortexa9_0/libsrc/v_vcresampler_v3_2/src"

TRACE::2025-02-22.11:03:26::SCWBDomain::make -C ps7_cortexa9_0/libsrc/v_vcresampler_v3_2/src -s include  "SHELL=CMD" "COMPILER=arm-none-eabi-gcc" "ASSEMBLER=arm-none-e
TRACE::2025-02-22.11:03:26::SCWBDomain::abi-as" "ARCHIVER=arm-none-eabi-ar" "COMPILER_FLAGS=  -O2 -c" "EXTRA_COMPILER_FLAGS=-mcpu=cortex-a9 -mfpu=vfpv3 -mfloat-abi=har
TRACE::2025-02-22.11:03:26::SCWBDomain::d -nostartfiles -g -Wall -Wextra"

TRACE::2025-02-22.11:03:26::SCWBDomain::"Running Make include in ps7_cortexa9_0/libsrc/v_vscaler_v3_2/src"

TRACE::2025-02-22.11:03:26::SCWBDomain::make -C ps7_cortexa9_0/libsrc/v_vscaler_v3_2/src -s include  "SHELL=CMD" "COMPILER=arm-none-eabi-gcc" "ASSEMBLER=arm-none-eabi-
TRACE::2025-02-22.11:03:26::SCWBDomain::as" "ARCHIVER=arm-none-eabi-ar" "COMPILER_FLAGS=  -O2 -c" "EXTRA_COMPILER_FLAGS=-mcpu=cortex-a9 -mfpu=vfpv3 -mfloat-abi=hard -n
TRACE::2025-02-22.11:03:26::SCWBDomain::ostartfiles -g -Wall -Wextra"

TRACE::2025-02-22.11:03:27::SCWBDomain::"Running Make include in ps7_cortexa9_0/libsrc/xadcps_v2_5/src"

TRACE::2025-02-22.11:03:27::SCWBDomain::make -C ps7_cortexa9_0/libsrc/xadcps_v2_5/src -s include  "SHELL=CMD" "COMPILER=arm-none-eabi-gcc" "ASSEMBLER=arm-none-eabi-as"
TRACE::2025-02-22.11:03:27::SCWBDomain:: "ARCHIVER=arm-none-eabi-ar" "COMPILER_FLAGS=  -O2 -c" "EXTRA_COMPILER_FLAGS=-mcpu=cortex-a9 -mfpu=vfpv3 -mfloat-abi=hard -nost
TRACE::2025-02-22.11:03:27::SCWBDomain::artfiles -g -Wall -Wextra"

TRACE::2025-02-22.11:03:27::SCWBDomain::"Running Make include in ps7_cortexa9_0/libsrc/xilffs_v4_4/src"

TRACE::2025-02-22.11:03:27::SCWBDomain::make -C ps7_cortexa9_0/libsrc/xilffs_v4_4/src -s include  "SHELL=CMD" "COMPILER=arm-none-eabi-gcc" "ASSEMBLER=arm-none-eabi-as"
TRACE::2025-02-22.11:03:27::SCWBDomain:: "ARCHIVER=arm-none-eabi-ar" "COMPILER_FLAGS=  -O2 -c" "EXTRA_COMPILER_FLAGS=-mcpu=cortex-a9 -mfpu=vfpv3 -mfloat-abi=hard -nost
TRACE::2025-02-22.11:03:27::SCWBDomain::artfiles -g -Wall -Wextra"

TRACE::2025-02-22.11:03:27::SCWBDomain::"Running Make include in ps7_cortexa9_0/libsrc/xilrsa_v1_6/src"

TRACE::2025-02-22.11:03:27::SCWBDomain::make -C ps7_cortexa9_0/libsrc/xilrsa_v1_6/src -s include  "SHELL=CMD" "COMPILER=arm-none-eabi-gcc" "ASSEMBLER=arm-none-eabi-as"
TRACE::2025-02-22.11:03:27::SCWBDomain:: "ARCHIVER=arm-none-eabi-ar" "COMPILER_FLAGS=  -O2 -c" "EXTRA_COMPILER_FLAGS=-mcpu=cortex-a9 -mfpu=vfpv3 -mfloat-abi=hard -nost
TRACE::2025-02-22.11:03:27::SCWBDomain::artfiles -g -Wall -Wextra"

TRACE::2025-02-22.11:03:27::SCWBDomain::"Running Make libs in ps7_cortexa9_0/libsrc/mycolorRegister_v1_0/src"

TRACE::2025-02-22.11:03:27::SCWBDomain::make -C ps7_cortexa9_0/libsrc/mycolorRegister_v1_0/src -s libs  "SHELL=CMD" "COMPILER=arm-none-eabi-gcc" "ASSEMBLER=arm-none-ea
TRACE::2025-02-22.11:03:27::SCWBDomain::bi-as" "ARCHIVER=arm-none-eabi-ar" "COMPILER_FLAGS=  -O2 -c" "EXTRA_COMPILER_FLAGS=-mcpu=cortex-a9 -mfpu=vfpv3 -mfloat-abi=hard
TRACE::2025-02-22.11:03:27::SCWBDomain:: -nostartfiles -g -Wall -Wextra"

TRACE::2025-02-22.11:03:27::SCWBDomain::"Compiling mycolorRegister..."

TRACE::2025-02-22.11:03:29::SCWBDomain::"Running Make libs in ps7_cortexa9_0/libsrc/pixelDataToVideoStream_v1_0/src"

TRACE::2025-02-22.11:03:29::SCWBDomain::make -C ps7_cortexa9_0/libsrc/pixelDataToVideoStream_v1_0/src -s libs  "SHELL=CMD" "COMPILER=arm-none-eabi-gcc" "ASSEMBLER=arm-
TRACE::2025-02-22.11:03:29::SCWBDomain::none-eabi-as" "ARCHIVER=arm-none-eabi-ar" "COMPILER_FLAGS=  -O2 -c" "EXTRA_COMPILER_FLAGS=-mcpu=cortex-a9 -mfpu=vfpv3 -mfloat-a
TRACE::2025-02-22.11:03:29::SCWBDomain::bi=hard -nostartfiles -g -Wall -Wextra"

TRACE::2025-02-22.11:03:29::SCWBDomain::"Compiling pixelDataToVideoStream..."

TRACE::2025-02-22.11:03:30::SCWBDomain::"Running Make libs in ps7_cortexa9_0/libsrc/xilrsa_v1_6/src"

TRACE::2025-02-22.11:03:30::SCWBDomain::make -C ps7_cortexa9_0/libsrc/xilrsa_v1_6/src -s libs  "SHELL=CMD" "COMPILER=arm-none-eabi-gcc" "ASSEMBLER=arm-none-eabi-as" "A
TRACE::2025-02-22.11:03:30::SCWBDomain::RCHIVER=arm-none-eabi-ar" "COMPILER_FLAGS=  -O2 -c" "EXTRA_COMPILER_FLAGS=-mcpu=cortex-a9 -mfpu=vfpv3 -mfloat-abi=hard -nostart
TRACE::2025-02-22.11:03:30::SCWBDomain::files -g -Wall -Wextra"

TRACE::2025-02-22.11:03:30::SCWBDomain::'Finished building libraries sequentially.'

TRACE::2025-02-22.11:03:30::SCWBDomain::make -j --no-print-directory par_libs

TRACE::2025-02-22.11:03:30::SCWBDomain::"Running Make include in ps7_cortexa9_0/libsrc/axis_switch_v1_4/src"

TRACE::2025-02-22.11:03:30::SCWBDomain::make -C ps7_cortexa9_0/libsrc/axis_switch_v1_4/src -s include  "SHELL=CMD" "COMPILER=arm-none-eabi-gcc" "ASSEMBLER=arm-none-eab
TRACE::2025-02-22.11:03:30::SCWBDomain::i-as" "ARCHIVER=arm-none-eabi-ar" "COMPILER_FLAGS=  -O2 -c" "EXTRA_COMPILER_FLAGS=-mcpu=cortex-a9 -mfpu=vfpv3 -mfloat-abi=hard 
TRACE::2025-02-22.11:03:30::SCWBDomain::-nostartfiles -g -Wall -Wextra"

TRACE::2025-02-22.11:03:30::SCWBDomain::"Running Make include in ps7_cortexa9_0/libsrc/axivdma_v6_8/src"

TRACE::2025-02-22.11:03:30::SCWBDomain::make -C ps7_cortexa9_0/libsrc/axivdma_v6_8/src -s include  "SHELL=CMD" "COMPILER=arm-none-eabi-gcc" "ASSEMBLER=arm-none-eabi-as
TRACE::2025-02-22.11:03:30::SCWBDomain::" "ARCHIVER=arm-none-eabi-ar" "COMPILER_FLAGS=  -O2 -c" "EXTRA_COMPILER_FLAGS=-mcpu=cortex-a9 -mfpu=vfpv3 -mfloat-abi=hard -nos
TRACE::2025-02-22.11:03:30::SCWBDomain::tartfiles -g -Wall -Wextra"

TRACE::2025-02-22.11:03:30::SCWBDomain::"Running Make include in ps7_cortexa9_0/libsrc/coresightps_dcc_v1_8/src"

TRACE::2025-02-22.11:03:30::SCWBDomain::make -C ps7_cortexa9_0/libsrc/coresightps_dcc_v1_8/src -s include  "SHELL=CMD" "COMPILER=arm-none-eabi-gcc" "ASSEMBLER=arm-none
TRACE::2025-02-22.11:03:30::SCWBDomain::-eabi-as" "ARCHIVER=arm-none-eabi-ar" "COMPILER_FLAGS=  -O2 -c" "EXTRA_COMPILER_FLAGS=-mcpu=cortex-a9 -mfpu=vfpv3 -mfloat-abi=h
TRACE::2025-02-22.11:03:30::SCWBDomain::ard -nostartfiles -g -Wall -Wextra"

TRACE::2025-02-22.11:03:30::SCWBDomain::"Running Make include in ps7_cortexa9_0/libsrc/cpu_cortexa9_v2_10/src"

TRACE::2025-02-22.11:03:30::SCWBDomain::make -C ps7_cortexa9_0/libsrc/cpu_cortexa9_v2_10/src -s include  "SHELL=CMD" "COMPILER=arm-none-eabi-gcc" "ASSEMBLER=arm-none-e
TRACE::2025-02-22.11:03:30::SCWBDomain::abi-as" "ARCHIVER=arm-none-eabi-ar" "COMPILER_FLAGS=  -O2 -c" "EXTRA_COMPILER_FLAGS=-mcpu=cortex-a9 -mfpu=vfpv3 -mfloat-abi=har
TRACE::2025-02-22.11:03:30::SCWBDomain::d -nostartfiles -g -Wall -Wextra"

TRACE::2025-02-22.11:03:30::SCWBDomain::"Running Make include in ps7_cortexa9_0/libsrc/ddrps_v1_2/src"

TRACE::2025-02-22.11:03:30::SCWBDomain::make -C ps7_cortexa9_0/libsrc/ddrps_v1_2/src -s include  "SHELL=CMD" "COMPILER=arm-none-eabi-gcc" "ASSEMBLER=arm-none-eabi-as" 
TRACE::2025-02-22.11:03:30::SCWBDomain::"ARCHIVER=arm-none-eabi-ar" "COMPILER_FLAGS=  -O2 -c" "EXTRA_COMPILER_FLAGS=-mcpu=cortex-a9 -mfpu=vfpv3 -mfloat-abi=hard -nosta
TRACE::2025-02-22.11:03:30::SCWBDomain::rtfiles -g -Wall -Wextra"

TRACE::2025-02-22.11:03:30::SCWBDomain::"Running Make include in ps7_cortexa9_0/libsrc/devcfg_v3_7/src"

TRACE::2025-02-22.11:03:30::SCWBDomain::make -C ps7_cortexa9_0/libsrc/devcfg_v3_7/src -s include  "SHELL=CMD" "COMPILER=arm-none-eabi-gcc" "ASSEMBLER=arm-none-eabi-as"
TRACE::2025-02-22.11:03:30::SCWBDomain:: "ARCHIVER=arm-none-eabi-ar" "COMPILER_FLAGS=  -O2 -c" "EXTRA_COMPILER_FLAGS=-mcpu=cortex-a9 -mfpu=vfpv3 -mfloat-abi=hard -nost
TRACE::2025-02-22.11:03:30::SCWBDomain::artfiles -g -Wall -Wextra"

TRACE::2025-02-22.11:03:30::SCWBDomain::"Running Make include in ps7_cortexa9_0/libsrc/dmaps_v2_7/src"

TRACE::2025-02-22.11:03:30::SCWBDomain::make -C ps7_cortexa9_0/libsrc/dmaps_v2_7/src -s include  "SHELL=CMD" "COMPILER=arm-none-eabi-gcc" "ASSEMBLER=arm-none-eabi-as" 
TRACE::2025-02-22.11:03:30::SCWBDomain::"ARCHIVER=arm-none-eabi-ar" "COMPILER_FLAGS=  -O2 -c" "EXTRA_COMPILER_FLAGS=-mcpu=cortex-a9 -mfpu=vfpv3 -mfloat-abi=hard -nosta
TRACE::2025-02-22.11:03:30::SCWBDomain::rtfiles -g -Wall -Wextra"

TRACE::2025-02-22.11:03:30::SCWBDomain::"Running Make include in ps7_cortexa9_0/libsrc/emacps_v3_12/src"

TRACE::2025-02-22.11:03:30::SCWBDomain::make -C ps7_cortexa9_0/libsrc/emacps_v3_12/src -s include  "SHELL=CMD" "COMPILER=arm-none-eabi-gcc" "ASSEMBLER=arm-none-eabi-as
TRACE::2025-02-22.11:03:30::SCWBDomain::" "ARCHIVER=arm-none-eabi-ar" "COMPILER_FLAGS=  -O2 -c" "EXTRA_COMPILER_FLAGS=-mcpu=cortex-a9 -mfpu=vfpv3 -mfloat-abi=hard -nos
TRACE::2025-02-22.11:03:30::SCWBDomain::tartfiles -g -Wall -Wextra"

TRACE::2025-02-22.11:03:30::SCWBDomain::"Running Make include in ps7_cortexa9_0/libsrc/gpiops_v3_8/src"

TRACE::2025-02-22.11:03:30::SCWBDomain::make -C ps7_cortexa9_0/libsrc/gpiops_v3_8/src -s include  "SHELL=CMD" "COMPILER=arm-none-eabi-gcc" "ASSEMBLER=arm-none-eabi-as"
TRACE::2025-02-22.11:03:30::SCWBDomain:: "ARCHIVER=arm-none-eabi-ar" "COMPILER_FLAGS=  -O2 -c" "EXTRA_COMPILER_FLAGS=-mcpu=cortex-a9 -mfpu=vfpv3 -mfloat-abi=hard -nost
TRACE::2025-02-22.11:03:30::SCWBDomain::artfiles -g -Wall -Wextra"

TRACE::2025-02-22.11:03:30::SCWBDomain::"Running Make include in ps7_cortexa9_0/libsrc/gpio_v4_7/src"

TRACE::2025-02-22.11:03:30::SCWBDomain::make -C ps7_cortexa9_0/libsrc/gpio_v4_7/src -s include  "SHELL=CMD" "COMPILER=arm-none-eabi-gcc" "ASSEMBLER=arm-none-eabi-as" "
TRACE::2025-02-22.11:03:30::SCWBDomain::ARCHIVER=arm-none-eabi-ar" "COMPILER_FLAGS=  -O2 -c" "EXTRA_COMPILER_FLAGS=-mcpu=cortex-a9 -mfpu=vfpv3 -mfloat-abi=hard -nostar
TRACE::2025-02-22.11:03:30::SCWBDomain::tfiles -g -Wall -Wextra"

TRACE::2025-02-22.11:03:30::SCWBDomain::"Running Make include in ps7_cortexa9_0/libsrc/mycolorRegister_v1_0/src"

TRACE::2025-02-22.11:03:30::SCWBDomain::make -C ps7_cortexa9_0/libsrc/mycolorRegister_v1_0/src -s include  "SHELL=CMD" "COMPILER=arm-none-eabi-gcc" "ASSEMBLER=arm-none
TRACE::2025-02-22.11:03:30::SCWBDomain::-eabi-as" "ARCHIVER=arm-none-eabi-ar" "COMPILER_FLAGS=  -O2 -c" "EXTRA_COMPILER_FLAGS=-mcpu=cortex-a9 -mfpu=vfpv3 -mfloat-abi=h
TRACE::2025-02-22.11:03:30::SCWBDomain::ard -nostartfiles -g -Wall -Wextra"

TRACE::2025-02-22.11:03:30::SCWBDomain::"Running Make include in ps7_cortexa9_0/libsrc/pixelDataToVideoStream_v1_0/src"

TRACE::2025-02-22.11:03:30::SCWBDomain::make -C ps7_cortexa9_0/libsrc/pixelDataToVideoStream_v1_0/src -s include  "SHELL=CMD" "COMPILER=arm-none-eabi-gcc" "ASSEMBLER=a
TRACE::2025-02-22.11:03:30::SCWBDomain::rm-none-eabi-as" "ARCHIVER=arm-none-eabi-ar" "COMPILER_FLAGS=  -O2 -c" "EXTRA_COMPILER_FLAGS=-mcpu=cortex-a9 -mfpu=vfpv3 -mfloa
TRACE::2025-02-22.11:03:30::SCWBDomain::t-abi=hard -nostartfiles -g -Wall -Wextra"

TRACE::2025-02-22.11:03:30::SCWBDomain::"Running Make include in ps7_cortexa9_0/libsrc/qspips_v3_8/src"

TRACE::2025-02-22.11:03:30::SCWBDomain::make -C ps7_cortexa9_0/libsrc/qspips_v3_8/src -s include  "SHELL=CMD" "COMPILER=arm-none-eabi-gcc" "ASSEMBLER=arm-none-eabi-as"
TRACE::2025-02-22.11:03:30::SCWBDomain:: "ARCHIVER=arm-none-eabi-ar" "COMPILER_FLAGS=  -O2 -c" "EXTRA_COMPILER_FLAGS=-mcpu=cortex-a9 -mfpu=vfpv3 -mfloat-abi=hard -nost
TRACE::2025-02-22.11:03:30::SCWBDomain::artfiles -g -Wall -Wextra"

TRACE::2025-02-22.11:03:30::SCWBDomain::"Running Make include in ps7_cortexa9_0/libsrc/scugic_v4_3/src"

TRACE::2025-02-22.11:03:30::SCWBDomain::make -C ps7_cortexa9_0/libsrc/scugic_v4_3/src -s include  "SHELL=CMD" "COMPILER=arm-none-eabi-gcc" "ASSEMBLER=arm-none-eabi-as"
TRACE::2025-02-22.11:03:30::SCWBDomain:: "ARCHIVER=arm-none-eabi-ar" "COMPILER_FLAGS=  -O2 -c" "EXTRA_COMPILER_FLAGS=-mcpu=cortex-a9 -mfpu=vfpv3 -mfloat-abi=hard -nost
TRACE::2025-02-22.11:03:30::SCWBDomain::artfiles -g -Wall -Wextra"

TRACE::2025-02-22.11:03:31::SCWBDomain::"Running Make include in ps7_cortexa9_0/libsrc/scutimer_v2_3/src"

TRACE::2025-02-22.11:03:31::SCWBDomain::make -C ps7_cortexa9_0/libsrc/scutimer_v2_3/src -s include  "SHELL=CMD" "COMPILER=arm-none-eabi-gcc" "ASSEMBLER=arm-none-eabi-a
TRACE::2025-02-22.11:03:31::SCWBDomain::s" "ARCHIVER=arm-none-eabi-ar" "COMPILER_FLAGS=  -O2 -c" "EXTRA_COMPILER_FLAGS=-mcpu=cortex-a9 -mfpu=vfpv3 -mfloat-abi=hard -no
TRACE::2025-02-22.11:03:31::SCWBDomain::startfiles -g -Wall -Wextra"

TRACE::2025-02-22.11:03:31::SCWBDomain::"Running Make include in ps7_cortexa9_0/libsrc/scuwdt_v2_3/src"

TRACE::2025-02-22.11:03:31::SCWBDomain::make -C ps7_cortexa9_0/libsrc/scuwdt_v2_3/src -s include  "SHELL=CMD" "COMPILER=arm-none-eabi-gcc" "ASSEMBLER=arm-none-eabi-as"
TRACE::2025-02-22.11:03:31::SCWBDomain:: "ARCHIVER=arm-none-eabi-ar" "COMPILER_FLAGS=  -O2 -c" "EXTRA_COMPILER_FLAGS=-mcpu=cortex-a9 -mfpu=vfpv3 -mfloat-abi=hard -nost
TRACE::2025-02-22.11:03:31::SCWBDomain::artfiles -g -Wall -Wextra"

TRACE::2025-02-22.11:03:31::SCWBDomain::"Running Make include in ps7_cortexa9_0/libsrc/sdps_v3_10/src"

TRACE::2025-02-22.11:03:31::SCWBDomain::make -C ps7_cortexa9_0/libsrc/sdps_v3_10/src -s include  "SHELL=CMD" "COMPILER=arm-none-eabi-gcc" "ASSEMBLER=arm-none-eabi-as" 
TRACE::2025-02-22.11:03:31::SCWBDomain::"ARCHIVER=arm-none-eabi-ar" "COMPILER_FLAGS=  -O2 -c" "EXTRA_COMPILER_FLAGS=-mcpu=cortex-a9 -mfpu=vfpv3 -mfloat-abi=hard -nosta
TRACE::2025-02-22.11:03:31::SCWBDomain::rtfiles -g -Wall -Wextra"

TRACE::2025-02-22.11:03:31::SCWBDomain::"Running Make include in ps7_cortexa9_0/libsrc/standalone_v7_3/src"

TRACE::2025-02-22.11:03:31::SCWBDomain::make -C ps7_cortexa9_0/libsrc/standalone_v7_3/src -s include  "SHELL=CMD" "COMPILER=arm-none-eabi-gcc" "ASSEMBLER=arm-none-eabi
TRACE::2025-02-22.11:03:31::SCWBDomain::-as" "ARCHIVER=arm-none-eabi-ar" "COMPILER_FLAGS=  -O2 -c" "EXTRA_COMPILER_FLAGS=-mcpu=cortex-a9 -mfpu=vfpv3 -mfloat-abi=hard -
TRACE::2025-02-22.11:03:31::SCWBDomain::nostartfiles -g -Wall -Wextra"

TRACE::2025-02-22.11:03:31::SCWBDomain::"Running Make include in ps7_cortexa9_0/libsrc/uartps_v3_10/src"

TRACE::2025-02-22.11:03:31::SCWBDomain::make -C ps7_cortexa9_0/libsrc/uartps_v3_10/src -s include  "SHELL=CMD" "COMPILER=arm-none-eabi-gcc" "ASSEMBLER=arm-none-eabi-as
TRACE::2025-02-22.11:03:31::SCWBDomain::" "ARCHIVER=arm-none-eabi-ar" "COMPILER_FLAGS=  -O2 -c" "EXTRA_COMPILER_FLAGS=-mcpu=cortex-a9 -mfpu=vfpv3 -mfloat-abi=hard -nos
TRACE::2025-02-22.11:03:31::SCWBDomain::tartfiles -g -Wall -Wextra"

TRACE::2025-02-22.11:03:31::SCWBDomain::"Running Make include in ps7_cortexa9_0/libsrc/usbps_v2_6/src"

TRACE::2025-02-22.11:03:31::SCWBDomain::make -C ps7_cortexa9_0/libsrc/usbps_v2_6/src -s include  "SHELL=CMD" "COMPILER=arm-none-eabi-gcc" "ASSEMBLER=arm-none-eabi-as" 
TRACE::2025-02-22.11:03:31::SCWBDomain::"ARCHIVER=arm-none-eabi-ar" "COMPILER_FLAGS=  -O2 -c" "EXTRA_COMPILER_FLAGS=-mcpu=cortex-a9 -mfpu=vfpv3 -mfloat-abi=hard -nosta
TRACE::2025-02-22.11:03:31::SCWBDomain::rtfiles -g -Wall -Wextra"

TRACE::2025-02-22.11:03:31::SCWBDomain::"Running Make include in ps7_cortexa9_0/libsrc/video_common_v4_10/src"

TRACE::2025-02-22.11:03:31::SCWBDomain::make -C ps7_cortexa9_0/libsrc/video_common_v4_10/src -s include  "SHELL=CMD" "COMPILER=arm-none-eabi-gcc" "ASSEMBLER=arm-none-e
TRACE::2025-02-22.11:03:31::SCWBDomain::abi-as" "ARCHIVER=arm-none-eabi-ar" "COMPILER_FLAGS=  -O2 -c" "EXTRA_COMPILER_FLAGS=-mcpu=cortex-a9 -mfpu=vfpv3 -mfloat-abi=har
TRACE::2025-02-22.11:03:31::SCWBDomain::d -nostartfiles -g -Wall -Wextra"

TRACE::2025-02-22.11:03:31::SCWBDomain::"Running Make include in ps7_cortexa9_0/libsrc/vprocss_v2_8/src"

TRACE::2025-02-22.11:03:31::SCWBDomain::make -C ps7_cortexa9_0/libsrc/vprocss_v2_8/src -s include  "SHELL=CMD" "COMPILER=arm-none-eabi-gcc" "ASSEMBLER=arm-none-eabi-as
TRACE::2025-02-22.11:03:31::SCWBDomain::" "ARCHIVER=arm-none-eabi-ar" "COMPILER_FLAGS=  -O2 -c" "EXTRA_COMPILER_FLAGS=-mcpu=cortex-a9 -mfpu=vfpv3 -mfloat-abi=hard -nos
TRACE::2025-02-22.11:03:31::SCWBDomain::tartfiles -g -Wall -Wextra"

TRACE::2025-02-22.11:03:31::SCWBDomain::"Running Make include in ps7_cortexa9_0/libsrc/v_csc_v2_5/src"

TRACE::2025-02-22.11:03:31::SCWBDomain::make -C ps7_cortexa9_0/libsrc/v_csc_v2_5/src -s include  "SHELL=CMD" "COMPILER=arm-none-eabi-gcc" "ASSEMBLER=arm-none-eabi-as" 
TRACE::2025-02-22.11:03:31::SCWBDomain::"ARCHIVER=arm-none-eabi-ar" "COMPILER_FLAGS=  -O2 -c" "EXTRA_COMPILER_FLAGS=-mcpu=cortex-a9 -mfpu=vfpv3 -mfloat-abi=hard -nosta
TRACE::2025-02-22.11:03:31::SCWBDomain::rtfiles -g -Wall -Wextra"

TRACE::2025-02-22.11:03:31::SCWBDomain::"Running Make include in ps7_cortexa9_0/libsrc/v_deinterlacer_v7_2/src"

TRACE::2025-02-22.11:03:31::SCWBDomain::make -C ps7_cortexa9_0/libsrc/v_deinterlacer_v7_2/src -s include  "SHELL=CMD" "COMPILER=arm-none-eabi-gcc" "ASSEMBLER=arm-none-
TRACE::2025-02-22.11:03:31::SCWBDomain::eabi-as" "ARCHIVER=arm-none-eabi-ar" "COMPILER_FLAGS=  -O2 -c" "EXTRA_COMPILER_FLAGS=-mcpu=cortex-a9 -mfpu=vfpv3 -mfloat-abi=ha
TRACE::2025-02-22.11:03:31::SCWBDomain::rd -nostartfiles -g -Wall -Wextra"

TRACE::2025-02-22.11:03:31::SCWBDomain::"Running Make include in ps7_cortexa9_0/libsrc/v_hcresampler_v3_2/src"

TRACE::2025-02-22.11:03:31::SCWBDomain::make -C ps7_cortexa9_0/libsrc/v_hcresampler_v3_2/src -s include  "SHELL=CMD" "COMPILER=arm-none-eabi-gcc" "ASSEMBLER=arm-none-e
TRACE::2025-02-22.11:03:31::SCWBDomain::abi-as" "ARCHIVER=arm-none-eabi-ar" "COMPILER_FLAGS=  -O2 -c" "EXTRA_COMPILER_FLAGS=-mcpu=cortex-a9 -mfpu=vfpv3 -mfloat-abi=har
TRACE::2025-02-22.11:03:31::SCWBDomain::d -nostartfiles -g -Wall -Wextra"

TRACE::2025-02-22.11:03:31::SCWBDomain::"Running Make include in ps7_cortexa9_0/libsrc/v_hscaler_v3_4/src"

TRACE::2025-02-22.11:03:31::SCWBDomain::make -C ps7_cortexa9_0/libsrc/v_hscaler_v3_4/src -s include  "SHELL=CMD" "COMPILER=arm-none-eabi-gcc" "ASSEMBLER=arm-none-eabi-
TRACE::2025-02-22.11:03:31::SCWBDomain::as" "ARCHIVER=arm-none-eabi-ar" "COMPILER_FLAGS=  -O2 -c" "EXTRA_COMPILER_FLAGS=-mcpu=cortex-a9 -mfpu=vfpv3 -mfloat-abi=hard -n
TRACE::2025-02-22.11:03:31::SCWBDomain::ostartfiles -g -Wall -Wextra"

TRACE::2025-02-22.11:03:31::SCWBDomain::"Running Make include in ps7_cortexa9_0/libsrc/v_letterbox_v2_3/src"

TRACE::2025-02-22.11:03:31::SCWBDomain::make -C ps7_cortexa9_0/libsrc/v_letterbox_v2_3/src -s include  "SHELL=CMD" "COMPILER=arm-none-eabi-gcc" "ASSEMBLER=arm-none-eab
TRACE::2025-02-22.11:03:31::SCWBDomain::i-as" "ARCHIVER=arm-none-eabi-ar" "COMPILER_FLAGS=  -O2 -c" "EXTRA_COMPILER_FLAGS=-mcpu=cortex-a9 -mfpu=vfpv3 -mfloat-abi=hard 
TRACE::2025-02-22.11:03:31::SCWBDomain::-nostartfiles -g -Wall -Wextra"

TRACE::2025-02-22.11:03:31::SCWBDomain::"Running Make include in ps7_cortexa9_0/libsrc/v_vcresampler_v3_2/src"

TRACE::2025-02-22.11:03:31::SCWBDomain::make -C ps7_cortexa9_0/libsrc/v_vcresampler_v3_2/src -s include  "SHELL=CMD" "COMPILER=arm-none-eabi-gcc" "ASSEMBLER=arm-none-e
TRACE::2025-02-22.11:03:31::SCWBDomain::abi-as" "ARCHIVER=arm-none-eabi-ar" "COMPILER_FLAGS=  -O2 -c" "EXTRA_COMPILER_FLAGS=-mcpu=cortex-a9 -mfpu=vfpv3 -mfloat-abi=har
TRACE::2025-02-22.11:03:31::SCWBDomain::d -nostartfiles -g -Wall -Wextra"

TRACE::2025-02-22.11:03:31::SCWBDomain::"Running Make include in ps7_cortexa9_0/libsrc/v_vscaler_v3_2/src"

TRACE::2025-02-22.11:03:31::SCWBDomain::make -C ps7_cortexa9_0/libsrc/v_vscaler_v3_2/src -s include  "SHELL=CMD" "COMPILER=arm-none-eabi-gcc" "ASSEMBLER=arm-none-eabi-
TRACE::2025-02-22.11:03:31::SCWBDomain::as" "ARCHIVER=arm-none-eabi-ar" "COMPILER_FLAGS=  -O2 -c" "EXTRA_COMPILER_FLAGS=-mcpu=cortex-a9 -mfpu=vfpv3 -mfloat-abi=hard -n
TRACE::2025-02-22.11:03:31::SCWBDomain::ostartfiles -g -Wall -Wextra"

TRACE::2025-02-22.11:03:31::SCWBDomain::"Running Make include in ps7_cortexa9_0/libsrc/xadcps_v2_5/src"

TRACE::2025-02-22.11:03:31::SCWBDomain::make -C ps7_cortexa9_0/libsrc/xadcps_v2_5/src -s include  "SHELL=CMD" "COMPILER=arm-none-eabi-gcc" "ASSEMBLER=arm-none-eabi-as"
TRACE::2025-02-22.11:03:31::SCWBDomain:: "ARCHIVER=arm-none-eabi-ar" "COMPILER_FLAGS=  -O2 -c" "EXTRA_COMPILER_FLAGS=-mcpu=cortex-a9 -mfpu=vfpv3 -mfloat-abi=hard -nost
TRACE::2025-02-22.11:03:31::SCWBDomain::artfiles -g -Wall -Wextra"

TRACE::2025-02-22.11:03:31::SCWBDomain::"Running Make include in ps7_cortexa9_0/libsrc/xilffs_v4_4/src"

TRACE::2025-02-22.11:03:31::SCWBDomain::make -C ps7_cortexa9_0/libsrc/xilffs_v4_4/src -s include  "SHELL=CMD" "COMPILER=arm-none-eabi-gcc" "ASSEMBLER=arm-none-eabi-as"
TRACE::2025-02-22.11:03:31::SCWBDomain:: "ARCHIVER=arm-none-eabi-ar" "COMPILER_FLAGS=  -O2 -c" "EXTRA_COMPILER_FLAGS=-mcpu=cortex-a9 -mfpu=vfpv3 -mfloat-abi=hard -nost
TRACE::2025-02-22.11:03:31::SCWBDomain::artfiles -g -Wall -Wextra"

TRACE::2025-02-22.11:03:31::SCWBDomain::"Running Make include in ps7_cortexa9_0/libsrc/xilrsa_v1_6/src"

TRACE::2025-02-22.11:03:31::SCWBDomain::make -C ps7_cortexa9_0/libsrc/xilrsa_v1_6/src -s include  "SHELL=CMD" "COMPILER=arm-none-eabi-gcc" "ASSEMBLER=arm-none-eabi-as"
TRACE::2025-02-22.11:03:31::SCWBDomain:: "ARCHIVER=arm-none-eabi-ar" "COMPILER_FLAGS=  -O2 -c" "EXTRA_COMPILER_FLAGS=-mcpu=cortex-a9 -mfpu=vfpv3 -mfloat-abi=hard -nost
TRACE::2025-02-22.11:03:31::SCWBDomain::artfiles -g -Wall -Wextra"

TRACE::2025-02-22.11:03:32::SCWBDomain::"Running Make libs in ps7_cortexa9_0/libsrc/axis_switch_v1_4/src"

TRACE::2025-02-22.11:03:32::SCWBDomain::make -C ps7_cortexa9_0/libsrc/axis_switch_v1_4/src -s libs  "SHELL=CMD" "COMPILER=arm-none-eabi-gcc" "ASSEMBLER=arm-none-eabi-a
TRACE::2025-02-22.11:03:32::SCWBDomain::s" "ARCHIVER=arm-none-eabi-ar" "COMPILER_FLAGS=  -O2 -c" "EXTRA_COMPILER_FLAGS=-mcpu=cortex-a9 -mfpu=vfpv3 -mfloat-abi=hard -no
TRACE::2025-02-22.11:03:32::SCWBDomain::startfiles -g -Wall -Wextra"

TRACE::2025-02-22.11:03:32::SCWBDomain::"Running Make libs in ps7_cortexa9_0/libsrc/axivdma_v6_8/src"

TRACE::2025-02-22.11:03:32::SCWBDomain::make -C ps7_cortexa9_0/libsrc/axivdma_v6_8/src -s libs  "SHELL=CMD" "COMPILER=arm-none-eabi-gcc" "ASSEMBLER=arm-none-eabi-as" "
TRACE::2025-02-22.11:03:32::SCWBDomain::ARCHIVER=arm-none-eabi-ar" "COMPILER_FLAGS=  -O2 -c" "EXTRA_COMPILER_FLAGS=-mcpu=cortex-a9 -mfpu=vfpv3 -mfloat-abi=hard -nostar
TRACE::2025-02-22.11:03:32::SCWBDomain::tfiles -g -Wall -Wextra"

TRACE::2025-02-22.11:03:32::SCWBDomain::"Running Make libs in ps7_cortexa9_0/libsrc/coresightps_dcc_v1_8/src"

TRACE::2025-02-22.11:03:32::SCWBDomain::make -C ps7_cortexa9_0/libsrc/coresightps_dcc_v1_8/src -s libs  "SHELL=CMD" "COMPILER=arm-none-eabi-gcc" "ASSEMBLER=arm-none-ea
TRACE::2025-02-22.11:03:32::SCWBDomain::bi-as" "ARCHIVER=arm-none-eabi-ar" "COMPILER_FLAGS=  -O2 -c" "EXTRA_COMPILER_FLAGS=-mcpu=cortex-a9 -mfpu=vfpv3 -mfloat-abi=hard
TRACE::2025-02-22.11:03:32::SCWBDomain:: -nostartfiles -g -Wall -Wextra"

TRACE::2025-02-22.11:03:32::SCWBDomain::"Running Make libs in ps7_cortexa9_0/libsrc/cpu_cortexa9_v2_10/src"

TRACE::2025-02-22.11:03:32::SCWBDomain::make -C ps7_cortexa9_0/libsrc/cpu_cortexa9_v2_10/src -s libs  "SHELL=CMD" "COMPILER=arm-none-eabi-gcc" "ASSEMBLER=arm-none-eabi
TRACE::2025-02-22.11:03:32::SCWBDomain::-as" "ARCHIVER=arm-none-eabi-ar" "COMPILER_FLAGS=  -O2 -c" "EXTRA_COMPILER_FLAGS=-mcpu=cortex-a9 -mfpu=vfpv3 -mfloat-abi=hard -
TRACE::2025-02-22.11:03:32::SCWBDomain::nostartfiles -g -Wall -Wextra"

TRACE::2025-02-22.11:03:32::SCWBDomain::"Running Make libs in ps7_cortexa9_0/libsrc/ddrps_v1_2/src"

TRACE::2025-02-22.11:03:32::SCWBDomain::make -C ps7_cortexa9_0/libsrc/ddrps_v1_2/src -s libs  "SHELL=CMD" "COMPILER=arm-none-eabi-gcc" "ASSEMBLER=arm-none-eabi-as" "AR
TRACE::2025-02-22.11:03:32::SCWBDomain::CHIVER=arm-none-eabi-ar" "COMPILER_FLAGS=  -O2 -c" "EXTRA_COMPILER_FLAGS=-mcpu=cortex-a9 -mfpu=vfpv3 -mfloat-abi=hard -nostartf
TRACE::2025-02-22.11:03:32::SCWBDomain::iles -g -Wall -Wextra"

TRACE::2025-02-22.11:03:32::SCWBDomain::"Running Make libs in ps7_cortexa9_0/libsrc/devcfg_v3_7/src"

TRACE::2025-02-22.11:03:32::SCWBDomain::make -C ps7_cortexa9_0/libsrc/devcfg_v3_7/src -s libs  "SHELL=CMD" "COMPILER=arm-none-eabi-gcc" "ASSEMBLER=arm-none-eabi-as" "A
TRACE::2025-02-22.11:03:32::SCWBDomain::RCHIVER=arm-none-eabi-ar" "COMPILER_FLAGS=  -O2 -c" "EXTRA_COMPILER_FLAGS=-mcpu=cortex-a9 -mfpu=vfpv3 -mfloat-abi=hard -nostart
TRACE::2025-02-22.11:03:32::SCWBDomain::files -g -Wall -Wextra"

TRACE::2025-02-22.11:03:32::SCWBDomain::"Running Make libs in ps7_cortexa9_0/libsrc/dmaps_v2_7/src"

TRACE::2025-02-22.11:03:32::SCWBDomain::make -C ps7_cortexa9_0/libsrc/dmaps_v2_7/src -s libs  "SHELL=CMD" "COMPILER=arm-none-eabi-gcc" "ASSEMBLER=arm-none-eabi-as" "AR
TRACE::2025-02-22.11:03:32::SCWBDomain::CHIVER=arm-none-eabi-ar" "COMPILER_FLAGS=  -O2 -c" "EXTRA_COMPILER_FLAGS=-mcpu=cortex-a9 -mfpu=vfpv3 -mfloat-abi=hard -nostartf
TRACE::2025-02-22.11:03:32::SCWBDomain::iles -g -Wall -Wextra"

TRACE::2025-02-22.11:03:32::SCWBDomain::"Running Make libs in ps7_cortexa9_0/libsrc/emacps_v3_12/src"

TRACE::2025-02-22.11:03:32::SCWBDomain::make -C ps7_cortexa9_0/libsrc/emacps_v3_12/src -s libs  "SHELL=CMD" "COMPILER=arm-none-eabi-gcc" "ASSEMBLER=arm-none-eabi-as" "
TRACE::2025-02-22.11:03:32::SCWBDomain::ARCHIVER=arm-none-eabi-ar" "COMPILER_FLAGS=  -O2 -c" "EXTRA_COMPILER_FLAGS=-mcpu=cortex-a9 -mfpu=vfpv3 -mfloat-abi=hard -nostar
TRACE::2025-02-22.11:03:32::SCWBDomain::tfiles -g -Wall -Wextra"

TRACE::2025-02-22.11:03:32::SCWBDomain::"Running Make libs in ps7_cortexa9_0/libsrc/gpiops_v3_8/src"

TRACE::2025-02-22.11:03:32::SCWBDomain::make -C ps7_cortexa9_0/libsrc/gpiops_v3_8/src -s libs  "SHELL=CMD" "COMPILER=arm-none-eabi-gcc" "ASSEMBLER=arm-none-eabi-as" "A
TRACE::2025-02-22.11:03:32::SCWBDomain::RCHIVER=arm-none-eabi-ar" "COMPILER_FLAGS=  -O2 -c" "EXTRA_COMPILER_FLAGS=-mcpu=cortex-a9 -mfpu=vfpv3 -mfloat-abi=hard -nostart
TRACE::2025-02-22.11:03:32::SCWBDomain::files -g -Wall -Wextra"

TRACE::2025-02-22.11:03:32::SCWBDomain::"Running Make libs in ps7_cortexa9_0/libsrc/gpio_v4_7/src"

TRACE::2025-02-22.11:03:32::SCWBDomain::make -C ps7_cortexa9_0/libsrc/gpio_v4_7/src -s libs  "SHELL=CMD" "COMPILER=arm-none-eabi-gcc" "ASSEMBLER=arm-none-eabi-as" "ARC
TRACE::2025-02-22.11:03:32::SCWBDomain::HIVER=arm-none-eabi-ar" "COMPILER_FLAGS=  -O2 -c" "EXTRA_COMPILER_FLAGS=-mcpu=cortex-a9 -mfpu=vfpv3 -mfloat-abi=hard -nostartfi
TRACE::2025-02-22.11:03:32::SCWBDomain::les -g -Wall -Wextra"

TRACE::2025-02-22.11:03:32::SCWBDomain::"Running Make libs in ps7_cortexa9_0/libsrc/qspips_v3_8/src"

TRACE::2025-02-22.11:03:32::SCWBDomain::make -C ps7_cortexa9_0/libsrc/qspips_v3_8/src -s libs  "SHELL=CMD" "COMPILER=arm-none-eabi-gcc" "ASSEMBLER=arm-none-eabi-as" "A
TRACE::2025-02-22.11:03:32::SCWBDomain::RCHIVER=arm-none-eabi-ar" "COMPILER_FLAGS=  -O2 -c" "EXTRA_COMPILER_FLAGS=-mcpu=cortex-a9 -mfpu=vfpv3 -mfloat-abi=hard -nostart
TRACE::2025-02-22.11:03:32::SCWBDomain::files -g -Wall -Wextra"

TRACE::2025-02-22.11:03:32::SCWBDomain::"Running Make libs in ps7_cortexa9_0/libsrc/scugic_v4_3/src"

TRACE::2025-02-22.11:03:32::SCWBDomain::make -C ps7_cortexa9_0/libsrc/scugic_v4_3/src -s libs  "SHELL=CMD" "COMPILER=arm-none-eabi-gcc" "ASSEMBLER=arm-none-eabi-as" "A
TRACE::2025-02-22.11:03:32::SCWBDomain::RCHIVER=arm-none-eabi-ar" "COMPILER_FLAGS=  -O2 -c" "EXTRA_COMPILER_FLAGS=-mcpu=cortex-a9 -mfpu=vfpv3 -mfloat-abi=hard -nostart
TRACE::2025-02-22.11:03:32::SCWBDomain::files -g -Wall -Wextra"

TRACE::2025-02-22.11:03:32::SCWBDomain::"Running Make libs in ps7_cortexa9_0/libsrc/scutimer_v2_3/src"

TRACE::2025-02-22.11:03:32::SCWBDomain::make -C ps7_cortexa9_0/libsrc/scutimer_v2_3/src -s libs  "SHELL=CMD" "COMPILER=arm-none-eabi-gcc" "ASSEMBLER=arm-none-eabi-as" 
TRACE::2025-02-22.11:03:32::SCWBDomain::"ARCHIVER=arm-none-eabi-ar" "COMPILER_FLAGS=  -O2 -c" "EXTRA_COMPILER_FLAGS=-mcpu=cortex-a9 -mfpu=vfpv3 -mfloat-abi=hard -nosta
TRACE::2025-02-22.11:03:32::SCWBDomain::rtfiles -g -Wall -Wextra"

TRACE::2025-02-22.11:03:32::SCWBDomain::"Running Make libs in ps7_cortexa9_0/libsrc/scuwdt_v2_3/src"

TRACE::2025-02-22.11:03:32::SCWBDomain::make -C ps7_cortexa9_0/libsrc/scuwdt_v2_3/src -s libs  "SHELL=CMD" "COMPILER=arm-none-eabi-gcc" "ASSEMBLER=arm-none-eabi-as" "A
TRACE::2025-02-22.11:03:32::SCWBDomain::RCHIVER=arm-none-eabi-ar" "COMPILER_FLAGS=  -O2 -c" "EXTRA_COMPILER_FLAGS=-mcpu=cortex-a9 -mfpu=vfpv3 -mfloat-abi=hard -nostart
TRACE::2025-02-22.11:03:32::SCWBDomain::files -g -Wall -Wextra"

TRACE::2025-02-22.11:03:32::SCWBDomain::"Running Make libs in ps7_cortexa9_0/libsrc/sdps_v3_10/src"

TRACE::2025-02-22.11:03:32::SCWBDomain::make -C ps7_cortexa9_0/libsrc/sdps_v3_10/src -s libs  "SHELL=CMD" "COMPILER=arm-none-eabi-gcc" "ASSEMBLER=arm-none-eabi-as" "AR
TRACE::2025-02-22.11:03:32::SCWBDomain::CHIVER=arm-none-eabi-ar" "COMPILER_FLAGS=  -O2 -c" "EXTRA_COMPILER_FLAGS=-mcpu=cortex-a9 -mfpu=vfpv3 -mfloat-abi=hard -nostartf
TRACE::2025-02-22.11:03:32::SCWBDomain::iles -g -Wall -Wextra"

TRACE::2025-02-22.11:03:33::SCWBDomain::"Running Make libs in ps7_cortexa9_0/libsrc/standalone_v7_3/src"

TRACE::2025-02-22.11:03:33::SCWBDomain::make -C ps7_cortexa9_0/libsrc/standalone_v7_3/src -s libs  "SHELL=CMD" "COMPILER=arm-none-eabi-gcc" "ASSEMBLER=arm-none-eabi-as
TRACE::2025-02-22.11:03:33::SCWBDomain::" "ARCHIVER=arm-none-eabi-ar" "COMPILER_FLAGS=  -O2 -c" "EXTRA_COMPILER_FLAGS=-mcpu=cortex-a9 -mfpu=vfpv3 -mfloat-abi=hard -nos
TRACE::2025-02-22.11:03:33::SCWBDomain::tartfiles -g -Wall -Wextra"

TRACE::2025-02-22.11:03:33::SCWBDomain::"Running Make libs in ps7_cortexa9_0/libsrc/uartps_v3_10/src"

TRACE::2025-02-22.11:03:33::SCWBDomain::make -C ps7_cortexa9_0/libsrc/uartps_v3_10/src -s libs  "SHELL=CMD" "COMPILER=arm-none-eabi-gcc" "ASSEMBLER=arm-none-eabi-as" "
TRACE::2025-02-22.11:03:33::SCWBDomain::ARCHIVER=arm-none-eabi-ar" "COMPILER_FLAGS=  -O2 -c" "EXTRA_COMPILER_FLAGS=-mcpu=cortex-a9 -mfpu=vfpv3 -mfloat-abi=hard -nostar
TRACE::2025-02-22.11:03:33::SCWBDomain::tfiles -g -Wall -Wextra"

TRACE::2025-02-22.11:03:33::SCWBDomain::"Running Make libs in ps7_cortexa9_0/libsrc/usbps_v2_6/src"

TRACE::2025-02-22.11:03:33::SCWBDomain::make -C ps7_cortexa9_0/libsrc/usbps_v2_6/src -s libs  "SHELL=CMD" "COMPILER=arm-none-eabi-gcc" "ASSEMBLER=arm-none-eabi-as" "AR
TRACE::2025-02-22.11:03:33::SCWBDomain::CHIVER=arm-none-eabi-ar" "COMPILER_FLAGS=  -O2 -c" "EXTRA_COMPILER_FLAGS=-mcpu=cortex-a9 -mfpu=vfpv3 -mfloat-abi=hard -nostartf
TRACE::2025-02-22.11:03:33::SCWBDomain::iles -g -Wall -Wextra"

TRACE::2025-02-22.11:03:33::SCWBDomain::"Running Make libs in ps7_cortexa9_0/libsrc/video_common_v4_10/src"

TRACE::2025-02-22.11:03:33::SCWBDomain::make -C ps7_cortexa9_0/libsrc/video_common_v4_10/src -s libs  "SHELL=CMD" "COMPILER=arm-none-eabi-gcc" "ASSEMBLER=arm-none-eabi
TRACE::2025-02-22.11:03:33::SCWBDomain::-as" "ARCHIVER=arm-none-eabi-ar" "COMPILER_FLAGS=  -O2 -c" "EXTRA_COMPILER_FLAGS=-mcpu=cortex-a9 -mfpu=vfpv3 -mfloat-abi=hard -
TRACE::2025-02-22.11:03:33::SCWBDomain::nostartfiles -g -Wall -Wextra"

TRACE::2025-02-22.11:03:33::SCWBDomain::"Running Make libs in ps7_cortexa9_0/libsrc/vprocss_v2_8/src"

TRACE::2025-02-22.11:03:33::SCWBDomain::make -C ps7_cortexa9_0/libsrc/vprocss_v2_8/src -s libs  "SHELL=CMD" "COMPILER=arm-none-eabi-gcc" "ASSEMBLER=arm-none-eabi-as" "
TRACE::2025-02-22.11:03:33::SCWBDomain::ARCHIVER=arm-none-eabi-ar" "COMPILER_FLAGS=  -O2 -c" "EXTRA_COMPILER_FLAGS=-mcpu=cortex-a9 -mfpu=vfpv3 -mfloat-abi=hard -nostar
TRACE::2025-02-22.11:03:33::SCWBDomain::tfiles -g -Wall -Wextra"

TRACE::2025-02-22.11:03:33::SCWBDomain::"Running Make libs in ps7_cortexa9_0/libsrc/v_csc_v2_5/src"

TRACE::2025-02-22.11:03:33::SCWBDomain::make -C ps7_cortexa9_0/libsrc/v_csc_v2_5/src -s libs  "SHELL=CMD" "COMPILER=arm-none-eabi-gcc" "ASSEMBLER=arm-none-eabi-as" "AR
TRACE::2025-02-22.11:03:33::SCWBDomain::CHIVER=arm-none-eabi-ar" "COMPILER_FLAGS=  -O2 -c" "EXTRA_COMPILER_FLAGS=-mcpu=cortex-a9 -mfpu=vfpv3 -mfloat-abi=hard -nostartf
TRACE::2025-02-22.11:03:33::SCWBDomain::iles -g -Wall -Wextra"

TRACE::2025-02-22.11:03:33::SCWBDomain::"Running Make libs in ps7_cortexa9_0/libsrc/v_deinterlacer_v7_2/src"

TRACE::2025-02-22.11:03:33::SCWBDomain::make -C ps7_cortexa9_0/libsrc/v_deinterlacer_v7_2/src -s libs  "SHELL=CMD" "COMPILER=arm-none-eabi-gcc" "ASSEMBLER=arm-none-eab
TRACE::2025-02-22.11:03:33::SCWBDomain::i-as" "ARCHIVER=arm-none-eabi-ar" "COMPILER_FLAGS=  -O2 -c" "EXTRA_COMPILER_FLAGS=-mcpu=cortex-a9 -mfpu=vfpv3 -mfloat-abi=hard 
TRACE::2025-02-22.11:03:33::SCWBDomain::-nostartfiles -g -Wall -Wextra"

TRACE::2025-02-22.11:03:33::SCWBDomain::"Running Make libs in ps7_cortexa9_0/libsrc/v_hcresampler_v3_2/src"

TRACE::2025-02-22.11:03:33::SCWBDomain::make -C ps7_cortexa9_0/libsrc/v_hcresampler_v3_2/src -s libs  "SHELL=CMD" "COMPILER=arm-none-eabi-gcc" "ASSEMBLER=arm-none-eabi
TRACE::2025-02-22.11:03:33::SCWBDomain::-as" "ARCHIVER=arm-none-eabi-ar" "COMPILER_FLAGS=  -O2 -c" "EXTRA_COMPILER_FLAGS=-mcpu=cortex-a9 -mfpu=vfpv3 -mfloat-abi=hard -
TRACE::2025-02-22.11:03:33::SCWBDomain::nostartfiles -g -Wall -Wextra"

TRACE::2025-02-22.11:03:33::SCWBDomain::"Running Make libs in ps7_cortexa9_0/libsrc/v_hscaler_v3_4/src"

TRACE::2025-02-22.11:03:33::SCWBDomain::make -C ps7_cortexa9_0/libsrc/v_hscaler_v3_4/src -s libs  "SHELL=CMD" "COMPILER=arm-none-eabi-gcc" "ASSEMBLER=arm-none-eabi-as"
TRACE::2025-02-22.11:03:33::SCWBDomain:: "ARCHIVER=arm-none-eabi-ar" "COMPILER_FLAGS=  -O2 -c" "EXTRA_COMPILER_FLAGS=-mcpu=cortex-a9 -mfpu=vfpv3 -mfloat-abi=hard -nost
TRACE::2025-02-22.11:03:33::SCWBDomain::artfiles -g -Wall -Wextra"

TRACE::2025-02-22.11:03:33::SCWBDomain::"Running Make libs in ps7_cortexa9_0/libsrc/v_letterbox_v2_3/src"

TRACE::2025-02-22.11:03:33::SCWBDomain::make -C ps7_cortexa9_0/libsrc/v_letterbox_v2_3/src -s libs  "SHELL=CMD" "COMPILER=arm-none-eabi-gcc" "ASSEMBLER=arm-none-eabi-a
TRACE::2025-02-22.11:03:33::SCWBDomain::s" "ARCHIVER=arm-none-eabi-ar" "COMPILER_FLAGS=  -O2 -c" "EXTRA_COMPILER_FLAGS=-mcpu=cortex-a9 -mfpu=vfpv3 -mfloat-abi=hard -no
TRACE::2025-02-22.11:03:33::SCWBDomain::startfiles -g -Wall -Wextra"

TRACE::2025-02-22.11:03:33::SCWBDomain::"Running Make libs in ps7_cortexa9_0/libsrc/v_vcresampler_v3_2/src"

TRACE::2025-02-22.11:03:33::SCWBDomain::make -C ps7_cortexa9_0/libsrc/v_vcresampler_v3_2/src -s libs  "SHELL=CMD" "COMPILER=arm-none-eabi-gcc" "ASSEMBLER=arm-none-eabi
TRACE::2025-02-22.11:03:33::SCWBDomain::-as" "ARCHIVER=arm-none-eabi-ar" "COMPILER_FLAGS=  -O2 -c" "EXTRA_COMPILER_FLAGS=-mcpu=cortex-a9 -mfpu=vfpv3 -mfloat-abi=hard -
TRACE::2025-02-22.11:03:33::SCWBDomain::nostartfiles -g -Wall -Wextra"

TRACE::2025-02-22.11:03:33::SCWBDomain::"Running Make libs in ps7_cortexa9_0/libsrc/v_vscaler_v3_2/src"

TRACE::2025-02-22.11:03:33::SCWBDomain::make -C ps7_cortexa9_0/libsrc/v_vscaler_v3_2/src -s libs  "SHELL=CMD" "COMPILER=arm-none-eabi-gcc" "ASSEMBLER=arm-none-eabi-as"
TRACE::2025-02-22.11:03:33::SCWBDomain:: "ARCHIVER=arm-none-eabi-ar" "COMPILER_FLAGS=  -O2 -c" "EXTRA_COMPILER_FLAGS=-mcpu=cortex-a9 -mfpu=vfpv3 -mfloat-abi=hard -nost
TRACE::2025-02-22.11:03:33::SCWBDomain::artfiles -g -Wall -Wextra"

TRACE::2025-02-22.11:03:33::SCWBDomain::"Running Make libs in ps7_cortexa9_0/libsrc/xadcps_v2_5/src"

TRACE::2025-02-22.11:03:33::SCWBDomain::make -C ps7_cortexa9_0/libsrc/xadcps_v2_5/src -s libs  "SHELL=CMD" "COMPILER=arm-none-eabi-gcc" "ASSEMBLER=arm-none-eabi-as" "A
TRACE::2025-02-22.11:03:33::SCWBDomain::RCHIVER=arm-none-eabi-ar" "COMPILER_FLAGS=  -O2 -c" "EXTRA_COMPILER_FLAGS=-mcpu=cortex-a9 -mfpu=vfpv3 -mfloat-abi=hard -nostart
TRACE::2025-02-22.11:03:33::SCWBDomain::files -g -Wall -Wextra"

TRACE::2025-02-22.11:03:33::SCWBDomain::"Running Make libs in ps7_cortexa9_0/libsrc/xilffs_v4_4/src"

TRACE::2025-02-22.11:03:33::SCWBDomain::make -C ps7_cortexa9_0/libsrc/xilffs_v4_4/src -s libs  "SHELL=CMD" "COMPILER=arm-none-eabi-gcc" "ASSEMBLER=arm-none-eabi-as" "A
TRACE::2025-02-22.11:03:33::SCWBDomain::RCHIVER=arm-none-eabi-ar" "COMPILER_FLAGS=  -O2 -c" "EXTRA_COMPILER_FLAGS=-mcpu=cortex-a9 -mfpu=vfpv3 -mfloat-abi=hard -nostart
TRACE::2025-02-22.11:03:33::SCWBDomain::files -g -Wall -Wextra"

TRACE::2025-02-22.11:03:34::SCWBDomain::'Finished building libraries parallelly.'

TRACE::2025-02-22.11:03:34::SCWBDomain::make --no-print-directory archive

TRACE::2025-02-22.11:03:34::SCWBDomain::arm-none-eabi-ar -r  ps7_cortexa9_0/lib/libxil.a ps7_cortexa9_0/lib/xadcps_selftest.o ps7_cortexa9_0/lib/xvprocss_sinit.o ps7_c
TRACE::2025-02-22.11:03:34::SCWBDomain::ortexa9_0/lib/xv_hcresampler_coeff.o ps7_cortexa9_0/lib/xv_vscaler_sinit.o ps7_cortexa9_0/lib/xplatform_info.o ps7_cortexa9_0/l
TRACE::2025-02-22.11:03:34::SCWBDomain::ib/xil_mmu.o ps7_cortexa9_0/lib/xv_hscaler_sinit.o ps7_cortexa9_0/lib/isatty.o ps7_cortexa9_0/lib/xusbps_sinit.o ps7_cortexa9_0
TRACE::2025-02-22.11:03:34::SCWBDomain::/lib/xdevcfg_hw.o ps7_cortexa9_0/lib/xil_sleeptimer.o ps7_cortexa9_0/lib/xgpio_sinit.o ps7_cortexa9_0/lib/xqspips_options.o ps7
TRACE::2025-02-22.11:03:34::SCWBDomain::_cortexa9_0/lib/xvidc_timings_table.o ps7_cortexa9_0/lib/xdmaps_g.o ps7_cortexa9_0/lib/xscutimer_g.o ps7_cortexa9_0/lib/xsdps_o
TRACE::2025-02-22.11:03:34::SCWBDomain::ptions.o ps7_cortexa9_0/lib/xv_deinterlacer.o ps7_cortexa9_0/lib/xil_misc_psreset_api.o ps7_cortexa9_0/lib/xdmaps_sinit.o ps7_c
TRACE::2025-02-22.11:03:34::SCWBDomain::ortexa9_0/lib/xscutimer_sinit.o ps7_cortexa9_0/lib/xemacps_hw.o ps7_cortexa9_0/lib/inbyte.o ps7_cortexa9_0/lib/xdmaps_selftest.
TRACE::2025-02-22.11:03:34::SCWBDomain::o ps7_cortexa9_0/lib/xscutimer_selftest.o ps7_cortexa9_0/lib/putnum.o ps7_cortexa9_0/lib/xqspips_hw.o ps7_cortexa9_0/lib/xgpiop
TRACE::2025-02-22.11:03:34::SCWBDomain::s_g.o ps7_cortexa9_0/lib/xsdps.o ps7_cortexa9_0/lib/close.o ps7_cortexa9_0/lib/xv_deinterlacer_l2.o ps7_cortexa9_0/lib/xemacps_
TRACE::2025-02-22.11:03:34::SCWBDomain::g.o ps7_cortexa9_0/lib/xgpiops_sinit.o ps7_cortexa9_0/lib/xvprocss_coreinit.o ps7_cortexa9_0/lib/xgpiops_selftest.o ps7_cortexa
TRACE::2025-02-22.11:03:34::SCWBDomain::9_0/lib/xgpio_g.o ps7_cortexa9_0/lib/xscuwdt.o ps7_cortexa9_0/lib/xv_hcresampler_linux.o ps7_cortexa9_0/lib/xaxivdma_g.o ps7_co
TRACE::2025-02-22.11:03:34::SCWBDomain::rtexa9_0/lib/xv_csc_l2.o ps7_cortexa9_0/lib/xil_mem.o ps7_cortexa9_0/lib/xaxivdma_sinit.o ps7_cortexa9_0/lib/xv_hscaler.o ps7_c
TRACE::2025-02-22.11:03:34::SCWBDomain::ortexa9_0/lib/xgpio_selftest.o ps7_cortexa9_0/lib/xaxivdma_selftest.o ps7_cortexa9_0/lib/xil_printf.o ps7_cortexa9_0/lib/kill.o
TRACE::2025-02-22.11:03:34::SCWBDomain:: ps7_cortexa9_0/lib/xadcps.o ps7_cortexa9_0/lib/xuartps_sinit.o ps7_cortexa9_0/lib/xaxis_switch_g.o ps7_cortexa9_0/lib/xuartps_
TRACE::2025-02-22.11:03:34::SCWBDomain::selftest.o ps7_cortexa9_0/lib/xuartps_g.o ps7_cortexa9_0/lib/outbyte.o ps7_cortexa9_0/lib/lseek.o ps7_cortexa9_0/lib/xv_vcresam
TRACE::2025-02-22.11:03:34::SCWBDomain::pler_sinit.o ps7_cortexa9_0/lib/xusbps_hw.o ps7_cortexa9_0/lib/xv_vcresampler_linux.o ps7_cortexa9_0/lib/xl2cc_counter.o ps7_co
TRACE::2025-02-22.11:03:34::SCWBDomain::rtexa9_0/lib/xv_deinterlacer_linux.o ps7_cortexa9_0/lib/asm_vectors.o ps7_cortexa9_0/lib/usleep.o ps7_cortexa9_0/lib/abort.o ps
TRACE::2025-02-22.11:03:34::SCWBDomain::7_cortexa9_0/lib/xscugic_intr.o ps7_cortexa9_0/lib/getpid.o ps7_cortexa9_0/lib/xil_testcache.o ps7_cortexa9_0/lib/xdevcfg_sinit
TRACE::2025-02-22.11:03:34::SCWBDomain::.o ps7_cortexa9_0/lib/xdmaps.o ps7_cortexa9_0/lib/xscutimer.o ps7_cortexa9_0/lib/xv_hscaler_linux.o ps7_cortexa9_0/lib/xdevcfg_
TRACE::2025-02-22.11:03:34::SCWBDomain::selftest.o ps7_cortexa9_0/lib/xpm_counter.o ps7_cortexa9_0/lib/xv_vcresampler_g.o ps7_cortexa9_0/lib/_sbrk.o ps7_cortexa9_0/lib
TRACE::2025-02-22.11:03:34::SCWBDomain::/xemacps_sinit.o ps7_cortexa9_0/lib/xusbps_endpoint.o ps7_cortexa9_0/lib/xqspips_g.o ps7_cortexa9_0/lib/xgpiops.o ps7_cortexa9_
TRACE::2025-02-22.11:03:34::SCWBDomain::0/lib/xusbps_g.o ps7_cortexa9_0/lib/xsdps_sinit.o ps7_cortexa9_0/lib/xvprocss.o ps7_cortexa9_0/lib/xv_vscaler_g.o ps7_cortexa9_
TRACE::2025-02-22.11:03:34::SCWBDomain::0/lib/xv_vcresampler_coeff.o ps7_cortexa9_0/lib/xqspips_selftest.o ps7_cortexa9_0/lib/xil_exception.o ps7_cortexa9_0/lib/xsdps_
TRACE::2025-02-22.11:03:34::SCWBDomain::g.o ps7_cortexa9_0/lib/xgpio.o ps7_cortexa9_0/lib/xil_testmem.o ps7_cortexa9_0/lib/xaxivdma.o ps7_cortexa9_0/lib/xemacps_contro
TRACE::2025-02-22.11:03:34::SCWBDomain::l.o ps7_cortexa9_0/lib/open.o ps7_cortexa9_0/lib/xaxis_switch_selftest.o ps7_cortexa9_0/lib/xil_assert.o ps7_cortexa9_0/lib/xax
TRACE::2025-02-22.11:03:34::SCWBDomain::ivdma_intr.o ps7_cortexa9_0/lib/xv_letterbox_linux.o ps7_cortexa9_0/lib/xusbps_intr.o ps7_cortexa9_0/lib/xv_vscaler_coeff.o ps7
TRACE::2025-02-22.11:03:34::SCWBDomain::_cortexa9_0/lib/xvidc.o ps7_cortexa9_0/lib/xsdps_host.o ps7_cortexa9_0/lib/xcoresightpsdcc.o ps7_cortexa9_0/lib/xv_csc.o ps7_co
TRACE::2025-02-22.11:03:34::SCWBDomain::rtexa9_0/lib/xscugic_hw.o ps7_cortexa9_0/lib/xuartps.o ps7_cortexa9_0/lib/sleep.o ps7_cortexa9_0/lib/cpputest_time.o ps7_cortex
TRACE::2025-02-22.11:03:34::SCWBDomain::a9_0/lib/_open.o ps7_cortexa9_0/lib/fcntl.o ps7_cortexa9_0/lib/xv_vscaler_l2.o ps7_cortexa9_0/lib/xvidc_edid.o ps7_cortexa9_0/l
TRACE::2025-02-22.11:03:34::SCWBDomain::ib/print.o ps7_cortexa9_0/lib/read.o ps7_cortexa9_0/lib/xv_hcresampler.o ps7_cortexa9_0/lib/xv_letterbox.o ps7_cortexa9_0/lib/x
TRACE::2025-02-22.11:03:34::SCWBDomain::devcfg.o ps7_cortexa9_0/lib/xadcps_intr.o ps7_cortexa9_0/lib/xqspips.o ps7_cortexa9_0/lib/xv_deinterlacer_g.o ps7_cortexa9_0/li
TRACE::2025-02-22.11:03:34::SCWBDomain::b/xv_deinterlacer_sinit.o ps7_cortexa9_0/lib/xemacps.o ps7_cortexa9_0/lib/xil_cache.o ps7_cortexa9_0/lib/xil_testio.o ps7_corte
TRACE::2025-02-22.11:03:34::SCWBDomain::xa9_0/lib/xv_vcresampler.o ps7_cortexa9_0/lib/xvidc_edid_ext.o ps7_cortexa9_0/lib/xuartps_intr.o ps7_cortexa9_0/lib/unlink.o ps
TRACE::2025-02-22.11:03:34::SCWBDomain::7_cortexa9_0/lib/xusbps.o ps7_cortexa9_0/lib/xaxis_switch.o ps7_cortexa9_0/lib/xv_vscaler.o ps7_cortexa9_0/lib/_exit.o ps7_cort
TRACE::2025-02-22.11:03:34::SCWBDomain::exa9_0/lib/translation_table.o ps7_cortexa9_0/lib/write.o ps7_cortexa9_0/lib/boot.o ps7_cortexa9_0/lib/xemacps_bdring.o ps7_cor
TRACE::2025-02-22.11:03:34::SCWBDomain::texa9_0/lib/xaxivdma_channel.o ps7_cortexa9_0/lib/cpu_init.o ps7_cortexa9_0/lib/xv_vscaler_linux.o ps7_cortexa9_0/lib/xil_sleep
TRACE::2025-02-22.11:03:34::SCWBDomain::common.o ps7_cortexa9_0/lib/xscugic_g.o ps7_cortexa9_0/lib/xv_hscaler_g.o ps7_cortexa9_0/lib/xgpiops_intr.o ps7_cortexa9_0/lib/
TRACE::2025-02-22.11:03:34::SCWBDomain::xscugic_sinit.o ps7_cortexa9_0/lib/xdevcfg_g.o ps7_cortexa9_0/lib/xuartps_hw.o ps7_cortexa9_0/lib/xgpio_intr.o ps7_cortexa9_0/l
TRACE::2025-02-22.11:03:34::SCWBDomain::ib/xv_hcresampler_g.o ps7_cortexa9_0/lib/xvprocss_router.o ps7_cortexa9_0/lib/xtime_l.o ps7_cortexa9_0/lib/xvidc_parse_edid.o p
TRACE::2025-02-22.11:03:34::SCWBDomain::s7_cortexa9_0/lib/xv_csc_g.o ps7_cortexa9_0/lib/xscugic_selftest.o ps7_cortexa9_0/lib/xil_util.o ps7_cortexa9_0/lib/xscuwdt_sin
TRACE::2025-02-22.11:03:34::SCWBDomain::it.o ps7_cortexa9_0/lib/xsdps_card.o ps7_cortexa9_0/lib/xdmaps_hw.o ps7_cortexa9_0/lib/xv_hcresampler_sinit.o ps7_cortexa9_0/li
TRACE::2025-02-22.11:03:34::SCWBDomain::b/xv_hscaler_coeff.o ps7_cortexa9_0/lib/xv_hcresampler_l2.o ps7_cortexa9_0/lib/xvprocss_log.o ps7_cortexa9_0/lib/xv_letterbox_l
TRACE::2025-02-22.11:03:34::SCWBDomain::2.o ps7_cortexa9_0/lib/sbrk.o ps7_cortexa9_0/lib/xgpiops_hw.o ps7_cortexa9_0/lib/fstat.o ps7_cortexa9_0/lib/errno.o ps7_cortexa
TRACE::2025-02-22.11:03:34::SCWBDomain::9_0/lib/xvprocss_vdma.o ps7_cortexa9_0/lib/xdevcfg_intr.o ps7_cortexa9_0/lib/xuartps_options.o ps7_cortexa9_0/lib/xv_hscaler_l2
TRACE::2025-02-22.11:03:34::SCWBDomain::.o ps7_cortexa9_0/lib/xaxis_switch_sinit.o ps7_cortexa9_0/lib/vectors.o ps7_cortexa9_0/lib/xv_csc_linux.o ps7_cortexa9_0/lib/xs
TRACE::2025-02-22.11:03:34::SCWBDomain::cuwdt_g.o ps7_cortexa9_0/lib/xvprocss_g.o ps7_cortexa9_0/lib/xv_letterbox_g.o ps7_cortexa9_0/lib/xil_clocking.o ps7_cortexa9_0/
TRACE::2025-02-22.11:03:34::SCWBDomain::lib/xv_vcresampler_l2.o ps7_cortexa9_0/lib/xv_csc_sinit.o ps7_cortexa9_0/lib/xv_letterbox_sinit.o ps7_cortexa9_0/lib/xemacps_in
TRACE::2025-02-22.11:03:34::SCWBDomain::tr.o ps7_cortexa9_0/lib/xscuwdt_selftest.o ps7_cortexa9_0/lib/xgpio_extra.o ps7_cortexa9_0/lib/xil-crt0.o ps7_cortexa9_0/lib/xs
TRACE::2025-02-22.11:03:34::SCWBDomain::cugic.o ps7_cortexa9_0/lib/xadcps_g.o ps7_cortexa9_0/lib/xqspips_sinit.o ps7_cortexa9_0/lib/xadcps_sinit.o

TRACE::2025-02-22.11:03:34::SCWBDomain::'Finished building libraries'

TRACE::2025-02-22.11:03:34::SCWBDomain::make: Leaving directory 'C:/Travail/s4InfoAtelier4/atelier4_wrapper/zynq_fsbl/zynq_fsbl_bsp'

TRACE::2025-02-22.11:03:34::SCWBDomain::arm-none-eabi-gcc -o fsbl.elf  sd.o  nand.o  image_mover.o  md5.o  fsbl_hooks.o  main.o  nor.o  qspi.o  rsa.o  ps7_init.o  pcap
TRACE::2025-02-22.11:03:34::SCWBDomain::.o  fsbl_handoff.o -MMD -MP       -mcpu=cortex-a9 -mfpu=vfpv3 -mfloat-abi=hard   -mcpu=cortex-a9 -mfpu=vfpv3 -mfloat-abi=hard -
TRACE::2025-02-22.11:03:34::SCWBDomain::Wl,-build-id=none -specs=Xilinx.spec  -lrsa -Wl,--start-group,-lxil,-lgcc,-lc,--end-group -Wl,--start-group,-lxilffs,-lxil,-lgc
TRACE::2025-02-22.11:03:34::SCWBDomain::c,-lc,--end-group -Wl,--start-group,-lrsa,-lxil,-lgcc,-lc,--end-group                                       -Wl,--gc-sections -
TRACE::2025-02-22.11:03:34::SCWBDomain::Lzynq_fsbl_bsp/ps7_cortexa9_0/lib -L./ -Tlscript.ld

LOG::2025-02-22.11:03:35::SCWSystem::Checking the domain standalone_ps7_cortexa9_0
LOG::2025-02-22.11:03:35::SCWSystem::Not a boot domain 
LOG::2025-02-22.11:03:35::SCWSystem::Started Processing the domain standalone_ps7_cortexa9_0
TRACE::2025-02-22.11:03:35::SCWDomain::Generating domain artifcats
TRACE::2025-02-22.11:03:35::SCWMssOS::Generating standalone artifcats
TRACE::2025-02-22.11:03:35::SCWMssOS::Copying the qemu file from  C:/Xilinx/Vitis/2020.2/data/emulation/platforms/zynq/sw/a9_standalone/qemu/qemu_args.txt To C:/Travail/s4InfoAtelier4/atelier4_wrapper/export/atelier4_wrapper/sw/atelier4_wrapper/qemu/
TRACE::2025-02-22.11:03:35::SCWMssOS::Copying the qemu file from  C:/Xilinx/Vitis/2020.2/data/emulation/platforms/zynq/sw/a9_standalone/qemu/qemu_args.txt To C:/Travail/s4InfoAtelier4/atelier4_wrapper/export/atelier4_wrapper/sw/atelier4_wrapper/standalone_ps7_cortexa9_0/qemu/
TRACE::2025-02-22.11:03:35::SCWMssOS:: Copying the user libraries. 
TRACE::2025-02-22.11:03:35::SCWPlatform::Trying to open the hw design at C:/Travail/s4InfoAtelier4/atelier4_wrapper/hw/atelier4_wrapper.xsa
TRACE::2025-02-22.11:03:35::SCWPlatform::DSA given C:/Travail/s4InfoAtelier4/atelier4_wrapper/hw/atelier4_wrapper.xsa
TRACE::2025-02-22.11:03:35::SCWPlatform::DSA absoulate path C:/Travail/s4InfoAtelier4/atelier4_wrapper/hw/atelier4_wrapper.xsa
TRACE::2025-02-22.11:03:35::SCWPlatform::DSA directory C:/Travail/s4InfoAtelier4/atelier4_wrapper/hw
TRACE::2025-02-22.11:03:35::SCWPlatform:: Platform Path C:/Travail/s4InfoAtelier4/atelier4_wrapper/hw/atelier4_wrapper.xsa
TRACE::2025-02-22.11:03:35::SCWPlatform:: Unique name xilinx:zybo-z7-10::0.0
TRACE::2025-02-22.11:03:35::SCWPlatform::Trying to set the existing hwdb with name atelier4_wrapper
TRACE::2025-02-22.11:03:35::SCWPlatform::Opened existing hwdb atelier4_wrapper
TRACE::2025-02-22.11:03:35::SCWPlatform::Found the Hw Db part of the input DSA
TRACE::2025-02-22.11:03:35::SCWMssOS::Checking the sw design at  C:/Travail/s4InfoAtelier4/atelier4_wrapper/ps7_cortexa9_0/standalone_ps7_cortexa9_0/bsp/system.mss
TRACE::2025-02-22.11:03:35::SCWMssOS::DEBUG:  swdes dump  C:/Travail/s4InfoAtelier4/atelier4_wrapper/ps7_cortexa9_0/standalone_ps7_cortexa9_0/bsp/system.mss|system_0||
C:/Travail/s4InfoAtelier4/atelier4_wrapper/zynq_fsbl/zynq_fsbl_bsp/system.mss|system||

TRACE::2025-02-22.11:03:35::SCWMssOS::Sw design exists and opened at  C:/Travail/s4InfoAtelier4/atelier4_wrapper/ps7_cortexa9_0/standalone_ps7_cortexa9_0/bsp/system.mss
TRACE::2025-02-22.11:03:35::SCWMssOS::Completed writing the mss file at C:/Travail/s4InfoAtelier4/atelier4_wrapper/ps7_cortexa9_0/standalone_ps7_cortexa9_0/bsp
TRACE::2025-02-22.11:03:35::SCWMssOS::Mss edits present, copying mssfile into export location C:/Travail/s4InfoAtelier4/atelier4_wrapper/ps7_cortexa9_0/standalone_ps7_cortexa9_0/bsp/system.mss
TRACE::2025-02-22.11:03:35::SCWMssOS::bsp generated is upto date with the mss file. Skipping bsp generation.
TRACE::2025-02-22.11:03:35::SCWMssOS::BSP is already built. skipping the bsp build ... 
TRACE::2025-02-22.11:03:35::SCWDomain::Building the domain as part of full build :  standalone_ps7_cortexa9_0
TRACE::2025-02-22.11:03:35::SCWMssOS::doing bsp build ... 
TRACE::2025-02-22.11:03:35::SCWMssOS::System Command Ran  C: & cd  C:/Travail/s4InfoAtelier4/atelier4_wrapper/ps7_cortexa9_0/standalone_ps7_cortexa9_0/bsp & make 
TRACE::2025-02-22.11:03:35::SCWMssOS::make --no-print-directory seq_libs

TRACE::2025-02-22.11:03:35::SCWMssOS::"Running Make include in ps7_cortexa9_0/libsrc/axis_switch_v1_4/src"

TRACE::2025-02-22.11:03:35::SCWMssOS::make -C ps7_cortexa9_0/libsrc/axis_switch_v1_4/src -s include  "SHELL=CMD" "COMPILER=arm-none-eabi-gcc" "ASSEMBLER=arm-none-eab
TRACE::2025-02-22.11:03:35::SCWMssOS::i-as" "ARCHIVER=arm-none-eabi-ar" "COMPILER_FLAGS=  -O2 -c" "EXTRA_COMPILER_FLAGS=-mcpu=cortex-a9 -mfpu=vfpv3 -mfloat-abi=hard 
TRACE::2025-02-22.11:03:35::SCWMssOS::-nostartfiles -g -Wall -Wextra"

TRACE::2025-02-22.11:03:35::SCWMssOS::"Running Make include in ps7_cortexa9_0/libsrc/axivdma_v6_8/src"

TRACE::2025-02-22.11:03:35::SCWMssOS::make -C ps7_cortexa9_0/libsrc/axivdma_v6_8/src -s include  "SHELL=CMD" "COMPILER=arm-none-eabi-gcc" "ASSEMBLER=arm-none-eabi-as
TRACE::2025-02-22.11:03:35::SCWMssOS::" "ARCHIVER=arm-none-eabi-ar" "COMPILER_FLAGS=  -O2 -c" "EXTRA_COMPILER_FLAGS=-mcpu=cortex-a9 -mfpu=vfpv3 -mfloat-abi=hard -nos
TRACE::2025-02-22.11:03:35::SCWMssOS::tartfiles -g -Wall -Wextra"

TRACE::2025-02-22.11:03:35::SCWMssOS::"Running Make include in ps7_cortexa9_0/libsrc/coresightps_dcc_v1_8/src"

TRACE::2025-02-22.11:03:35::SCWMssOS::make -C ps7_cortexa9_0/libsrc/coresightps_dcc_v1_8/src -s include  "SHELL=CMD" "COMPILER=arm-none-eabi-gcc" "ASSEMBLER=arm-none
TRACE::2025-02-22.11:03:35::SCWMssOS::-eabi-as" "ARCHIVER=arm-none-eabi-ar" "COMPILER_FLAGS=  -O2 -c" "EXTRA_COMPILER_FLAGS=-mcpu=cortex-a9 -mfpu=vfpv3 -mfloat-abi=h
TRACE::2025-02-22.11:03:35::SCWMssOS::ard -nostartfiles -g -Wall -Wextra"

TRACE::2025-02-22.11:03:35::SCWMssOS::"Running Make include in ps7_cortexa9_0/libsrc/cpu_cortexa9_v2_10/src"

TRACE::2025-02-22.11:03:35::SCWMssOS::make -C ps7_cortexa9_0/libsrc/cpu_cortexa9_v2_10/src -s include  "SHELL=CMD" "COMPILER=arm-none-eabi-gcc" "ASSEMBLER=arm-none-e
TRACE::2025-02-22.11:03:35::SCWMssOS::abi-as" "ARCHIVER=arm-none-eabi-ar" "COMPILER_FLAGS=  -O2 -c" "EXTRA_COMPILER_FLAGS=-mcpu=cortex-a9 -mfpu=vfpv3 -mfloat-abi=har
TRACE::2025-02-22.11:03:35::SCWMssOS::d -nostartfiles -g -Wall -Wextra"

TRACE::2025-02-22.11:03:35::SCWMssOS::"Running Make include in ps7_cortexa9_0/libsrc/ddrps_v1_2/src"

TRACE::2025-02-22.11:03:35::SCWMssOS::make -C ps7_cortexa9_0/libsrc/ddrps_v1_2/src -s include  "SHELL=CMD" "COMPILER=arm-none-eabi-gcc" "ASSEMBLER=arm-none-eabi-as" 
TRACE::2025-02-22.11:03:35::SCWMssOS::"ARCHIVER=arm-none-eabi-ar" "COMPILER_FLAGS=  -O2 -c" "EXTRA_COMPILER_FLAGS=-mcpu=cortex-a9 -mfpu=vfpv3 -mfloat-abi=hard -nosta
TRACE::2025-02-22.11:03:35::SCWMssOS::rtfiles -g -Wall -Wextra"

TRACE::2025-02-22.11:03:35::SCWMssOS::"Running Make include in ps7_cortexa9_0/libsrc/devcfg_v3_7/src"

TRACE::2025-02-22.11:03:35::SCWMssOS::make -C ps7_cortexa9_0/libsrc/devcfg_v3_7/src -s include  "SHELL=CMD" "COMPILER=arm-none-eabi-gcc" "ASSEMBLER=arm-none-eabi-as"
TRACE::2025-02-22.11:03:35::SCWMssOS:: "ARCHIVER=arm-none-eabi-ar" "COMPILER_FLAGS=  -O2 -c" "EXTRA_COMPILER_FLAGS=-mcpu=cortex-a9 -mfpu=vfpv3 -mfloat-abi=hard -nost
TRACE::2025-02-22.11:03:35::SCWMssOS::artfiles -g -Wall -Wextra"

TRACE::2025-02-22.11:03:36::SCWMssOS::"Running Make include in ps7_cortexa9_0/libsrc/dmaps_v2_7/src"

TRACE::2025-02-22.11:03:36::SCWMssOS::make -C ps7_cortexa9_0/libsrc/dmaps_v2_7/src -s include  "SHELL=CMD" "COMPILER=arm-none-eabi-gcc" "ASSEMBLER=arm-none-eabi-as" 
TRACE::2025-02-22.11:03:36::SCWMssOS::"ARCHIVER=arm-none-eabi-ar" "COMPILER_FLAGS=  -O2 -c" "EXTRA_COMPILER_FLAGS=-mcpu=cortex-a9 -mfpu=vfpv3 -mfloat-abi=hard -nosta
TRACE::2025-02-22.11:03:36::SCWMssOS::rtfiles -g -Wall -Wextra"

TRACE::2025-02-22.11:03:36::SCWMssOS::"Running Make include in ps7_cortexa9_0/libsrc/emacps_v3_12/src"

TRACE::2025-02-22.11:03:36::SCWMssOS::make -C ps7_cortexa9_0/libsrc/emacps_v3_12/src -s include  "SHELL=CMD" "COMPILER=arm-none-eabi-gcc" "ASSEMBLER=arm-none-eabi-as
TRACE::2025-02-22.11:03:36::SCWMssOS::" "ARCHIVER=arm-none-eabi-ar" "COMPILER_FLAGS=  -O2 -c" "EXTRA_COMPILER_FLAGS=-mcpu=cortex-a9 -mfpu=vfpv3 -mfloat-abi=hard -nos
TRACE::2025-02-22.11:03:36::SCWMssOS::tartfiles -g -Wall -Wextra"

TRACE::2025-02-22.11:03:36::SCWMssOS::"Running Make include in ps7_cortexa9_0/libsrc/gpiops_v3_8/src"

TRACE::2025-02-22.11:03:36::SCWMssOS::make -C ps7_cortexa9_0/libsrc/gpiops_v3_8/src -s include  "SHELL=CMD" "COMPILER=arm-none-eabi-gcc" "ASSEMBLER=arm-none-eabi-as"
TRACE::2025-02-22.11:03:36::SCWMssOS:: "ARCHIVER=arm-none-eabi-ar" "COMPILER_FLAGS=  -O2 -c" "EXTRA_COMPILER_FLAGS=-mcpu=cortex-a9 -mfpu=vfpv3 -mfloat-abi=hard -nost
TRACE::2025-02-22.11:03:36::SCWMssOS::artfiles -g -Wall -Wextra"

TRACE::2025-02-22.11:03:36::SCWMssOS::"Running Make include in ps7_cortexa9_0/libsrc/gpio_v4_7/src"

TRACE::2025-02-22.11:03:36::SCWMssOS::make -C ps7_cortexa9_0/libsrc/gpio_v4_7/src -s include  "SHELL=CMD" "COMPILER=arm-none-eabi-gcc" "ASSEMBLER=arm-none-eabi-as" "
TRACE::2025-02-22.11:03:36::SCWMssOS::ARCHIVER=arm-none-eabi-ar" "COMPILER_FLAGS=  -O2 -c" "EXTRA_COMPILER_FLAGS=-mcpu=cortex-a9 -mfpu=vfpv3 -mfloat-abi=hard -nostar
TRACE::2025-02-22.11:03:36::SCWMssOS::tfiles -g -Wall -Wextra"

TRACE::2025-02-22.11:03:36::SCWMssOS::"Running Make include in ps7_cortexa9_0/libsrc/mycolorRegister_v1_0/src"

TRACE::2025-02-22.11:03:36::SCWMssOS::make -C ps7_cortexa9_0/libsrc/mycolorRegister_v1_0/src -s include  "SHELL=CMD" "COMPILER=arm-none-eabi-gcc" "ASSEMBLER=arm-none
TRACE::2025-02-22.11:03:36::SCWMssOS::-eabi-as" "ARCHIVER=arm-none-eabi-ar" "COMPILER_FLAGS=  -O2 -c" "EXTRA_COMPILER_FLAGS=-mcpu=cortex-a9 -mfpu=vfpv3 -mfloat-abi=h
TRACE::2025-02-22.11:03:36::SCWMssOS::ard -nostartfiles -g -Wall -Wextra"

TRACE::2025-02-22.11:03:36::SCWMssOS::"Running Make include in ps7_cortexa9_0/libsrc/pixelDataToVideoStream_v1_0/src"

TRACE::2025-02-22.11:03:36::SCWMssOS::make -C ps7_cortexa9_0/libsrc/pixelDataToVideoStream_v1_0/src -s include  "SHELL=CMD" "COMPILER=arm-none-eabi-gcc" "ASSEMBLER=a
TRACE::2025-02-22.11:03:36::SCWMssOS::rm-none-eabi-as" "ARCHIVER=arm-none-eabi-ar" "COMPILER_FLAGS=  -O2 -c" "EXTRA_COMPILER_FLAGS=-mcpu=cortex-a9 -mfpu=vfpv3 -mfloa
TRACE::2025-02-22.11:03:36::SCWMssOS::t-abi=hard -nostartfiles -g -Wall -Wextra"

TRACE::2025-02-22.11:03:36::SCWMssOS::"Running Make include in ps7_cortexa9_0/libsrc/qspips_v3_8/src"

TRACE::2025-02-22.11:03:36::SCWMssOS::make -C ps7_cortexa9_0/libsrc/qspips_v3_8/src -s include  "SHELL=CMD" "COMPILER=arm-none-eabi-gcc" "ASSEMBLER=arm-none-eabi-as"
TRACE::2025-02-22.11:03:36::SCWMssOS:: "ARCHIVER=arm-none-eabi-ar" "COMPILER_FLAGS=  -O2 -c" "EXTRA_COMPILER_FLAGS=-mcpu=cortex-a9 -mfpu=vfpv3 -mfloat-abi=hard -nost
TRACE::2025-02-22.11:03:36::SCWMssOS::artfiles -g -Wall -Wextra"

TRACE::2025-02-22.11:03:36::SCWMssOS::"Running Make include in ps7_cortexa9_0/libsrc/scugic_v4_3/src"

TRACE::2025-02-22.11:03:36::SCWMssOS::make -C ps7_cortexa9_0/libsrc/scugic_v4_3/src -s include  "SHELL=CMD" "COMPILER=arm-none-eabi-gcc" "ASSEMBLER=arm-none-eabi-as"
TRACE::2025-02-22.11:03:36::SCWMssOS:: "ARCHIVER=arm-none-eabi-ar" "COMPILER_FLAGS=  -O2 -c" "EXTRA_COMPILER_FLAGS=-mcpu=cortex-a9 -mfpu=vfpv3 -mfloat-abi=hard -nost
TRACE::2025-02-22.11:03:36::SCWMssOS::artfiles -g -Wall -Wextra"

TRACE::2025-02-22.11:03:36::SCWMssOS::"Running Make include in ps7_cortexa9_0/libsrc/scutimer_v2_3/src"

TRACE::2025-02-22.11:03:36::SCWMssOS::make -C ps7_cortexa9_0/libsrc/scutimer_v2_3/src -s include  "SHELL=CMD" "COMPILER=arm-none-eabi-gcc" "ASSEMBLER=arm-none-eabi-a
TRACE::2025-02-22.11:03:36::SCWMssOS::s" "ARCHIVER=arm-none-eabi-ar" "COMPILER_FLAGS=  -O2 -c" "EXTRA_COMPILER_FLAGS=-mcpu=cortex-a9 -mfpu=vfpv3 -mfloat-abi=hard -no
TRACE::2025-02-22.11:03:36::SCWMssOS::startfiles -g -Wall -Wextra"

TRACE::2025-02-22.11:03:37::SCWMssOS::"Running Make include in ps7_cortexa9_0/libsrc/scuwdt_v2_3/src"

TRACE::2025-02-22.11:03:37::SCWMssOS::make -C ps7_cortexa9_0/libsrc/scuwdt_v2_3/src -s include  "SHELL=CMD" "COMPILER=arm-none-eabi-gcc" "ASSEMBLER=arm-none-eabi-as"
TRACE::2025-02-22.11:03:37::SCWMssOS:: "ARCHIVER=arm-none-eabi-ar" "COMPILER_FLAGS=  -O2 -c" "EXTRA_COMPILER_FLAGS=-mcpu=cortex-a9 -mfpu=vfpv3 -mfloat-abi=hard -nost
TRACE::2025-02-22.11:03:37::SCWMssOS::artfiles -g -Wall -Wextra"

TRACE::2025-02-22.11:03:37::SCWMssOS::"Running Make include in ps7_cortexa9_0/libsrc/sdps_v3_10/src"

TRACE::2025-02-22.11:03:37::SCWMssOS::make -C ps7_cortexa9_0/libsrc/sdps_v3_10/src -s include  "SHELL=CMD" "COMPILER=arm-none-eabi-gcc" "ASSEMBLER=arm-none-eabi-as" 
TRACE::2025-02-22.11:03:37::SCWMssOS::"ARCHIVER=arm-none-eabi-ar" "COMPILER_FLAGS=  -O2 -c" "EXTRA_COMPILER_FLAGS=-mcpu=cortex-a9 -mfpu=vfpv3 -mfloat-abi=hard -nosta
TRACE::2025-02-22.11:03:37::SCWMssOS::rtfiles -g -Wall -Wextra"

TRACE::2025-02-22.11:03:37::SCWMssOS::"Running Make include in ps7_cortexa9_0/libsrc/standalone_v7_3/src"

TRACE::2025-02-22.11:03:37::SCWMssOS::make -C ps7_cortexa9_0/libsrc/standalone_v7_3/src -s include  "SHELL=CMD" "COMPILER=arm-none-eabi-gcc" "ASSEMBLER=arm-none-eabi
TRACE::2025-02-22.11:03:37::SCWMssOS::-as" "ARCHIVER=arm-none-eabi-ar" "COMPILER_FLAGS=  -O2 -c" "EXTRA_COMPILER_FLAGS=-mcpu=cortex-a9 -mfpu=vfpv3 -mfloat-abi=hard -
TRACE::2025-02-22.11:03:37::SCWMssOS::nostartfiles -g -Wall -Wextra"

TRACE::2025-02-22.11:03:37::SCWMssOS::"Running Make include in ps7_cortexa9_0/libsrc/uartps_v3_10/src"

TRACE::2025-02-22.11:03:37::SCWMssOS::make -C ps7_cortexa9_0/libsrc/uartps_v3_10/src -s include  "SHELL=CMD" "COMPILER=arm-none-eabi-gcc" "ASSEMBLER=arm-none-eabi-as
TRACE::2025-02-22.11:03:37::SCWMssOS::" "ARCHIVER=arm-none-eabi-ar" "COMPILER_FLAGS=  -O2 -c" "EXTRA_COMPILER_FLAGS=-mcpu=cortex-a9 -mfpu=vfpv3 -mfloat-abi=hard -nos
TRACE::2025-02-22.11:03:37::SCWMssOS::tartfiles -g -Wall -Wextra"

TRACE::2025-02-22.11:03:37::SCWMssOS::"Running Make include in ps7_cortexa9_0/libsrc/usbps_v2_6/src"

TRACE::2025-02-22.11:03:37::SCWMssOS::make -C ps7_cortexa9_0/libsrc/usbps_v2_6/src -s include  "SHELL=CMD" "COMPILER=arm-none-eabi-gcc" "ASSEMBLER=arm-none-eabi-as" 
TRACE::2025-02-22.11:03:37::SCWMssOS::"ARCHIVER=arm-none-eabi-ar" "COMPILER_FLAGS=  -O2 -c" "EXTRA_COMPILER_FLAGS=-mcpu=cortex-a9 -mfpu=vfpv3 -mfloat-abi=hard -nosta
TRACE::2025-02-22.11:03:37::SCWMssOS::rtfiles -g -Wall -Wextra"

TRACE::2025-02-22.11:03:37::SCWMssOS::"Running Make include in ps7_cortexa9_0/libsrc/video_common_v4_10/src"

TRACE::2025-02-22.11:03:37::SCWMssOS::make -C ps7_cortexa9_0/libsrc/video_common_v4_10/src -s include  "SHELL=CMD" "COMPILER=arm-none-eabi-gcc" "ASSEMBLER=arm-none-e
TRACE::2025-02-22.11:03:37::SCWMssOS::abi-as" "ARCHIVER=arm-none-eabi-ar" "COMPILER_FLAGS=  -O2 -c" "EXTRA_COMPILER_FLAGS=-mcpu=cortex-a9 -mfpu=vfpv3 -mfloat-abi=har
TRACE::2025-02-22.11:03:37::SCWMssOS::d -nostartfiles -g -Wall -Wextra"

TRACE::2025-02-22.11:03:38::SCWMssOS::"Running Make include in ps7_cortexa9_0/libsrc/vprocss_v2_8/src"

TRACE::2025-02-22.11:03:38::SCWMssOS::make -C ps7_cortexa9_0/libsrc/vprocss_v2_8/src -s include  "SHELL=CMD" "COMPILER=arm-none-eabi-gcc" "ASSEMBLER=arm-none-eabi-as
TRACE::2025-02-22.11:03:38::SCWMssOS::" "ARCHIVER=arm-none-eabi-ar" "COMPILER_FLAGS=  -O2 -c" "EXTRA_COMPILER_FLAGS=-mcpu=cortex-a9 -mfpu=vfpv3 -mfloat-abi=hard -nos
TRACE::2025-02-22.11:03:38::SCWMssOS::tartfiles -g -Wall -Wextra"

TRACE::2025-02-22.11:03:38::SCWMssOS::"Running Make include in ps7_cortexa9_0/libsrc/v_csc_v2_5/src"

TRACE::2025-02-22.11:03:38::SCWMssOS::make -C ps7_cortexa9_0/libsrc/v_csc_v2_5/src -s include  "SHELL=CMD" "COMPILER=arm-none-eabi-gcc" "ASSEMBLER=arm-none-eabi-as" 
TRACE::2025-02-22.11:03:38::SCWMssOS::"ARCHIVER=arm-none-eabi-ar" "COMPILER_FLAGS=  -O2 -c" "EXTRA_COMPILER_FLAGS=-mcpu=cortex-a9 -mfpu=vfpv3 -mfloat-abi=hard -nosta
TRACE::2025-02-22.11:03:38::SCWMssOS::rtfiles -g -Wall -Wextra"

TRACE::2025-02-22.11:03:38::SCWMssOS::"Running Make include in ps7_cortexa9_0/libsrc/v_deinterlacer_v7_2/src"

TRACE::2025-02-22.11:03:38::SCWMssOS::make -C ps7_cortexa9_0/libsrc/v_deinterlacer_v7_2/src -s include  "SHELL=CMD" "COMPILER=arm-none-eabi-gcc" "ASSEMBLER=arm-none-
TRACE::2025-02-22.11:03:38::SCWMssOS::eabi-as" "ARCHIVER=arm-none-eabi-ar" "COMPILER_FLAGS=  -O2 -c" "EXTRA_COMPILER_FLAGS=-mcpu=cortex-a9 -mfpu=vfpv3 -mfloat-abi=ha
TRACE::2025-02-22.11:03:38::SCWMssOS::rd -nostartfiles -g -Wall -Wextra"

TRACE::2025-02-22.11:03:38::SCWMssOS::"Running Make include in ps7_cortexa9_0/libsrc/v_hcresampler_v3_2/src"

TRACE::2025-02-22.11:03:38::SCWMssOS::make -C ps7_cortexa9_0/libsrc/v_hcresampler_v3_2/src -s include  "SHELL=CMD" "COMPILER=arm-none-eabi-gcc" "ASSEMBLER=arm-none-e
TRACE::2025-02-22.11:03:38::SCWMssOS::abi-as" "ARCHIVER=arm-none-eabi-ar" "COMPILER_FLAGS=  -O2 -c" "EXTRA_COMPILER_FLAGS=-mcpu=cortex-a9 -mfpu=vfpv3 -mfloat-abi=har
TRACE::2025-02-22.11:03:38::SCWMssOS::d -nostartfiles -g -Wall -Wextra"

TRACE::2025-02-22.11:03:38::SCWMssOS::"Running Make include in ps7_cortexa9_0/libsrc/v_hscaler_v3_4/src"

TRACE::2025-02-22.11:03:38::SCWMssOS::make -C ps7_cortexa9_0/libsrc/v_hscaler_v3_4/src -s include  "SHELL=CMD" "COMPILER=arm-none-eabi-gcc" "ASSEMBLER=arm-none-eabi-
TRACE::2025-02-22.11:03:38::SCWMssOS::as" "ARCHIVER=arm-none-eabi-ar" "COMPILER_FLAGS=  -O2 -c" "EXTRA_COMPILER_FLAGS=-mcpu=cortex-a9 -mfpu=vfpv3 -mfloat-abi=hard -n
TRACE::2025-02-22.11:03:38::SCWMssOS::ostartfiles -g -Wall -Wextra"

TRACE::2025-02-22.11:03:38::SCWMssOS::"Running Make include in ps7_cortexa9_0/libsrc/v_letterbox_v2_3/src"

TRACE::2025-02-22.11:03:38::SCWMssOS::make -C ps7_cortexa9_0/libsrc/v_letterbox_v2_3/src -s include  "SHELL=CMD" "COMPILER=arm-none-eabi-gcc" "ASSEMBLER=arm-none-eab
TRACE::2025-02-22.11:03:38::SCWMssOS::i-as" "ARCHIVER=arm-none-eabi-ar" "COMPILER_FLAGS=  -O2 -c" "EXTRA_COMPILER_FLAGS=-mcpu=cortex-a9 -mfpu=vfpv3 -mfloat-abi=hard 
TRACE::2025-02-22.11:03:38::SCWMssOS::-nostartfiles -g -Wall -Wextra"

TRACE::2025-02-22.11:03:38::SCWMssOS::"Running Make include in ps7_cortexa9_0/libsrc/v_vcresampler_v3_2/src"

TRACE::2025-02-22.11:03:38::SCWMssOS::make -C ps7_cortexa9_0/libsrc/v_vcresampler_v3_2/src -s include  "SHELL=CMD" "COMPILER=arm-none-eabi-gcc" "ASSEMBLER=arm-none-e
TRACE::2025-02-22.11:03:38::SCWMssOS::abi-as" "ARCHIVER=arm-none-eabi-ar" "COMPILER_FLAGS=  -O2 -c" "EXTRA_COMPILER_FLAGS=-mcpu=cortex-a9 -mfpu=vfpv3 -mfloat-abi=har
TRACE::2025-02-22.11:03:38::SCWMssOS::d -nostartfiles -g -Wall -Wextra"

TRACE::2025-02-22.11:03:38::SCWMssOS::"Running Make include in ps7_cortexa9_0/libsrc/v_vscaler_v3_2/src"

TRACE::2025-02-22.11:03:38::SCWMssOS::make -C ps7_cortexa9_0/libsrc/v_vscaler_v3_2/src -s include  "SHELL=CMD" "COMPILER=arm-none-eabi-gcc" "ASSEMBLER=arm-none-eabi-
TRACE::2025-02-22.11:03:38::SCWMssOS::as" "ARCHIVER=arm-none-eabi-ar" "COMPILER_FLAGS=  -O2 -c" "EXTRA_COMPILER_FLAGS=-mcpu=cortex-a9 -mfpu=vfpv3 -mfloat-abi=hard -n
TRACE::2025-02-22.11:03:38::SCWMssOS::ostartfiles -g -Wall -Wextra"

TRACE::2025-02-22.11:03:39::SCWMssOS::"Running Make include in ps7_cortexa9_0/libsrc/xadcps_v2_5/src"

TRACE::2025-02-22.11:03:39::SCWMssOS::make -C ps7_cortexa9_0/libsrc/xadcps_v2_5/src -s include  "SHELL=CMD" "COMPILER=arm-none-eabi-gcc" "ASSEMBLER=arm-none-eabi-as"
TRACE::2025-02-22.11:03:39::SCWMssOS:: "ARCHIVER=arm-none-eabi-ar" "COMPILER_FLAGS=  -O2 -c" "EXTRA_COMPILER_FLAGS=-mcpu=cortex-a9 -mfpu=vfpv3 -mfloat-abi=hard -nost
TRACE::2025-02-22.11:03:39::SCWMssOS::artfiles -g -Wall -Wextra"

TRACE::2025-02-22.11:03:39::SCWMssOS::"Running Make libs in ps7_cortexa9_0/libsrc/mycolorRegister_v1_0/src"

TRACE::2025-02-22.11:03:39::SCWMssOS::make -C ps7_cortexa9_0/libsrc/mycolorRegister_v1_0/src -s libs  "SHELL=CMD" "COMPILER=arm-none-eabi-gcc" "ASSEMBLER=arm-none-ea
TRACE::2025-02-22.11:03:39::SCWMssOS::bi-as" "ARCHIVER=arm-none-eabi-ar" "COMPILER_FLAGS=  -O2 -c" "EXTRA_COMPILER_FLAGS=-mcpu=cortex-a9 -mfpu=vfpv3 -mfloat-abi=hard
TRACE::2025-02-22.11:03:39::SCWMssOS:: -nostartfiles -g -Wall -Wextra"

TRACE::2025-02-22.11:03:39::SCWMssOS::"Compiling mycolorRegister..."

TRACE::2025-02-22.11:03:39::SCWMssOS::"Running Make libs in ps7_cortexa9_0/libsrc/pixelDataToVideoStream_v1_0/src"

TRACE::2025-02-22.11:03:39::SCWMssOS::make -C ps7_cortexa9_0/libsrc/pixelDataToVideoStream_v1_0/src -s libs  "SHELL=CMD" "COMPILER=arm-none-eabi-gcc" "ASSEMBLER=arm-
TRACE::2025-02-22.11:03:39::SCWMssOS::none-eabi-as" "ARCHIVER=arm-none-eabi-ar" "COMPILER_FLAGS=  -O2 -c" "EXTRA_COMPILER_FLAGS=-mcpu=cortex-a9 -mfpu=vfpv3 -mfloat-a
TRACE::2025-02-22.11:03:39::SCWMssOS::bi=hard -nostartfiles -g -Wall -Wextra"

TRACE::2025-02-22.11:03:39::SCWMssOS::"Compiling pixelDataToVideoStream..."

TRACE::2025-02-22.11:03:40::SCWMssOS::'Finished building libraries sequentially.'

TRACE::2025-02-22.11:03:40::SCWMssOS::make -j --no-print-directory par_libs

TRACE::2025-02-22.11:03:40::SCWMssOS::"Running Make include in ps7_cortexa9_0/libsrc/axis_switch_v1_4/src"

TRACE::2025-02-22.11:03:40::SCWMssOS::make -C ps7_cortexa9_0/libsrc/axis_switch_v1_4/src -s include  "SHELL=CMD" "COMPILER=arm-none-eabi-gcc" "ASSEMBLER=arm-none-eab
TRACE::2025-02-22.11:03:40::SCWMssOS::i-as" "ARCHIVER=arm-none-eabi-ar" "COMPILER_FLAGS=  -O2 -c" "EXTRA_COMPILER_FLAGS=-mcpu=cortex-a9 -mfpu=vfpv3 -mfloat-abi=hard 
TRACE::2025-02-22.11:03:40::SCWMssOS::-nostartfiles -g -Wall -Wextra"

TRACE::2025-02-22.11:03:40::SCWMssOS::"Running Make include in ps7_cortexa9_0/libsrc/axivdma_v6_8/src"

TRACE::2025-02-22.11:03:40::SCWMssOS::make -C ps7_cortexa9_0/libsrc/axivdma_v6_8/src -s include  "SHELL=CMD" "COMPILER=arm-none-eabi-gcc" "ASSEMBLER=arm-none-eabi-as
TRACE::2025-02-22.11:03:40::SCWMssOS::" "ARCHIVER=arm-none-eabi-ar" "COMPILER_FLAGS=  -O2 -c" "EXTRA_COMPILER_FLAGS=-mcpu=cortex-a9 -mfpu=vfpv3 -mfloat-abi=hard -nos
TRACE::2025-02-22.11:03:40::SCWMssOS::tartfiles -g -Wall -Wextra"

TRACE::2025-02-22.11:03:40::SCWMssOS::"Running Make include in ps7_cortexa9_0/libsrc/coresightps_dcc_v1_8/src"

TRACE::2025-02-22.11:03:40::SCWMssOS::make -C ps7_cortexa9_0/libsrc/coresightps_dcc_v1_8/src -s include  "SHELL=CMD" "COMPILER=arm-none-eabi-gcc" "ASSEMBLER=arm-none
TRACE::2025-02-22.11:03:40::SCWMssOS::-eabi-as" "ARCHIVER=arm-none-eabi-ar" "COMPILER_FLAGS=  -O2 -c" "EXTRA_COMPILER_FLAGS=-mcpu=cortex-a9 -mfpu=vfpv3 -mfloat-abi=h
TRACE::2025-02-22.11:03:40::SCWMssOS::ard -nostartfiles -g -Wall -Wextra"

TRACE::2025-02-22.11:03:40::SCWMssOS::"Running Make include in ps7_cortexa9_0/libsrc/cpu_cortexa9_v2_10/src"

TRACE::2025-02-22.11:03:40::SCWMssOS::make -C ps7_cortexa9_0/libsrc/cpu_cortexa9_v2_10/src -s include  "SHELL=CMD" "COMPILER=arm-none-eabi-gcc" "ASSEMBLER=arm-none-e
TRACE::2025-02-22.11:03:40::SCWMssOS::abi-as" "ARCHIVER=arm-none-eabi-ar" "COMPILER_FLAGS=  -O2 -c" "EXTRA_COMPILER_FLAGS=-mcpu=cortex-a9 -mfpu=vfpv3 -mfloat-abi=har
TRACE::2025-02-22.11:03:40::SCWMssOS::d -nostartfiles -g -Wall -Wextra"

TRACE::2025-02-22.11:03:40::SCWMssOS::"Running Make include in ps7_cortexa9_0/libsrc/ddrps_v1_2/src"

TRACE::2025-02-22.11:03:40::SCWMssOS::make -C ps7_cortexa9_0/libsrc/ddrps_v1_2/src -s include  "SHELL=CMD" "COMPILER=arm-none-eabi-gcc" "ASSEMBLER=arm-none-eabi-as" 
TRACE::2025-02-22.11:03:40::SCWMssOS::"ARCHIVER=arm-none-eabi-ar" "COMPILER_FLAGS=  -O2 -c" "EXTRA_COMPILER_FLAGS=-mcpu=cortex-a9 -mfpu=vfpv3 -mfloat-abi=hard -nosta
TRACE::2025-02-22.11:03:40::SCWMssOS::rtfiles -g -Wall -Wextra"

TRACE::2025-02-22.11:03:40::SCWMssOS::"Running Make include in ps7_cortexa9_0/libsrc/devcfg_v3_7/src"

TRACE::2025-02-22.11:03:40::SCWMssOS::make -C ps7_cortexa9_0/libsrc/devcfg_v3_7/src -s include  "SHELL=CMD" "COMPILER=arm-none-eabi-gcc" "ASSEMBLER=arm-none-eabi-as"
TRACE::2025-02-22.11:03:40::SCWMssOS:: "ARCHIVER=arm-none-eabi-ar" "COMPILER_FLAGS=  -O2 -c" "EXTRA_COMPILER_FLAGS=-mcpu=cortex-a9 -mfpu=vfpv3 -mfloat-abi=hard -nost
TRACE::2025-02-22.11:03:40::SCWMssOS::artfiles -g -Wall -Wextra"

TRACE::2025-02-22.11:03:40::SCWMssOS::"Running Make include in ps7_cortexa9_0/libsrc/dmaps_v2_7/src"

TRACE::2025-02-22.11:03:40::SCWMssOS::make -C ps7_cortexa9_0/libsrc/dmaps_v2_7/src -s include  "SHELL=CMD" "COMPILER=arm-none-eabi-gcc" "ASSEMBLER=arm-none-eabi-as" 
TRACE::2025-02-22.11:03:40::SCWMssOS::"ARCHIVER=arm-none-eabi-ar" "COMPILER_FLAGS=  -O2 -c" "EXTRA_COMPILER_FLAGS=-mcpu=cortex-a9 -mfpu=vfpv3 -mfloat-abi=hard -nosta
TRACE::2025-02-22.11:03:40::SCWMssOS::rtfiles -g -Wall -Wextra"

TRACE::2025-02-22.11:03:40::SCWMssOS::"Running Make include in ps7_cortexa9_0/libsrc/emacps_v3_12/src"

TRACE::2025-02-22.11:03:40::SCWMssOS::make -C ps7_cortexa9_0/libsrc/emacps_v3_12/src -s include  "SHELL=CMD" "COMPILER=arm-none-eabi-gcc" "ASSEMBLER=arm-none-eabi-as
TRACE::2025-02-22.11:03:40::SCWMssOS::" "ARCHIVER=arm-none-eabi-ar" "COMPILER_FLAGS=  -O2 -c" "EXTRA_COMPILER_FLAGS=-mcpu=cortex-a9 -mfpu=vfpv3 -mfloat-abi=hard -nos
TRACE::2025-02-22.11:03:40::SCWMssOS::tartfiles -g -Wall -Wextra"

TRACE::2025-02-22.11:03:40::SCWMssOS::"Running Make include in ps7_cortexa9_0/libsrc/gpiops_v3_8/src"

TRACE::2025-02-22.11:03:40::SCWMssOS::make -C ps7_cortexa9_0/libsrc/gpiops_v3_8/src -s include  "SHELL=CMD" "COMPILER=arm-none-eabi-gcc" "ASSEMBLER=arm-none-eabi-as"
TRACE::2025-02-22.11:03:40::SCWMssOS:: "ARCHIVER=arm-none-eabi-ar" "COMPILER_FLAGS=  -O2 -c" "EXTRA_COMPILER_FLAGS=-mcpu=cortex-a9 -mfpu=vfpv3 -mfloat-abi=hard -nost
TRACE::2025-02-22.11:03:40::SCWMssOS::artfiles -g -Wall -Wextra"

TRACE::2025-02-22.11:03:40::SCWMssOS::"Running Make include in ps7_cortexa9_0/libsrc/gpio_v4_7/src"

TRACE::2025-02-22.11:03:40::SCWMssOS::make -C ps7_cortexa9_0/libsrc/gpio_v4_7/src -s include  "SHELL=CMD" "COMPILER=arm-none-eabi-gcc" "ASSEMBLER=arm-none-eabi-as" "
TRACE::2025-02-22.11:03:40::SCWMssOS::ARCHIVER=arm-none-eabi-ar" "COMPILER_FLAGS=  -O2 -c" "EXTRA_COMPILER_FLAGS=-mcpu=cortex-a9 -mfpu=vfpv3 -mfloat-abi=hard -nostar
TRACE::2025-02-22.11:03:40::SCWMssOS::tfiles -g -Wall -Wextra"

TRACE::2025-02-22.11:03:40::SCWMssOS::"Running Make include in ps7_cortexa9_0/libsrc/mycolorRegister_v1_0/src"

TRACE::2025-02-22.11:03:40::SCWMssOS::make -C ps7_cortexa9_0/libsrc/mycolorRegister_v1_0/src -s include  "SHELL=CMD" "COMPILER=arm-none-eabi-gcc" "ASSEMBLER=arm-none
TRACE::2025-02-22.11:03:40::SCWMssOS::-eabi-as" "ARCHIVER=arm-none-eabi-ar" "COMPILER_FLAGS=  -O2 -c" "EXTRA_COMPILER_FLAGS=-mcpu=cortex-a9 -mfpu=vfpv3 -mfloat-abi=h
TRACE::2025-02-22.11:03:40::SCWMssOS::ard -nostartfiles -g -Wall -Wextra"

TRACE::2025-02-22.11:03:40::SCWMssOS::"Running Make include in ps7_cortexa9_0/libsrc/pixelDataToVideoStream_v1_0/src"

TRACE::2025-02-22.11:03:40::SCWMssOS::make -C ps7_cortexa9_0/libsrc/pixelDataToVideoStream_v1_0/src -s include  "SHELL=CMD" "COMPILER=arm-none-eabi-gcc" "ASSEMBLER=a
TRACE::2025-02-22.11:03:40::SCWMssOS::rm-none-eabi-as" "ARCHIVER=arm-none-eabi-ar" "COMPILER_FLAGS=  -O2 -c" "EXTRA_COMPILER_FLAGS=-mcpu=cortex-a9 -mfpu=vfpv3 -mfloa
TRACE::2025-02-22.11:03:40::SCWMssOS::t-abi=hard -nostartfiles -g -Wall -Wextra"

TRACE::2025-02-22.11:03:40::SCWMssOS::"Running Make include in ps7_cortexa9_0/libsrc/qspips_v3_8/src"

TRACE::2025-02-22.11:03:40::SCWMssOS::make -C ps7_cortexa9_0/libsrc/qspips_v3_8/src -s include  "SHELL=CMD" "COMPILER=arm-none-eabi-gcc" "ASSEMBLER=arm-none-eabi-as"
TRACE::2025-02-22.11:03:40::SCWMssOS:: "ARCHIVER=arm-none-eabi-ar" "COMPILER_FLAGS=  -O2 -c" "EXTRA_COMPILER_FLAGS=-mcpu=cortex-a9 -mfpu=vfpv3 -mfloat-abi=hard -nost
TRACE::2025-02-22.11:03:40::SCWMssOS::artfiles -g -Wall -Wextra"

TRACE::2025-02-22.11:03:40::SCWMssOS::"Running Make include in ps7_cortexa9_0/libsrc/scugic_v4_3/src"

TRACE::2025-02-22.11:03:40::SCWMssOS::make -C ps7_cortexa9_0/libsrc/scugic_v4_3/src -s include  "SHELL=CMD" "COMPILER=arm-none-eabi-gcc" "ASSEMBLER=arm-none-eabi-as"
TRACE::2025-02-22.11:03:40::SCWMssOS:: "ARCHIVER=arm-none-eabi-ar" "COMPILER_FLAGS=  -O2 -c" "EXTRA_COMPILER_FLAGS=-mcpu=cortex-a9 -mfpu=vfpv3 -mfloat-abi=hard -nost
TRACE::2025-02-22.11:03:40::SCWMssOS::artfiles -g -Wall -Wextra"

TRACE::2025-02-22.11:03:40::SCWMssOS::"Running Make include in ps7_cortexa9_0/libsrc/scutimer_v2_3/src"

TRACE::2025-02-22.11:03:40::SCWMssOS::make -C ps7_cortexa9_0/libsrc/scutimer_v2_3/src -s include  "SHELL=CMD" "COMPILER=arm-none-eabi-gcc" "ASSEMBLER=arm-none-eabi-a
TRACE::2025-02-22.11:03:40::SCWMssOS::s" "ARCHIVER=arm-none-eabi-ar" "COMPILER_FLAGS=  -O2 -c" "EXTRA_COMPILER_FLAGS=-mcpu=cortex-a9 -mfpu=vfpv3 -mfloat-abi=hard -no
TRACE::2025-02-22.11:03:40::SCWMssOS::startfiles -g -Wall -Wextra"

TRACE::2025-02-22.11:03:40::SCWMssOS::"Running Make include in ps7_cortexa9_0/libsrc/scuwdt_v2_3/src"

TRACE::2025-02-22.11:03:40::SCWMssOS::make -C ps7_cortexa9_0/libsrc/scuwdt_v2_3/src -s include  "SHELL=CMD" "COMPILER=arm-none-eabi-gcc" "ASSEMBLER=arm-none-eabi-as"
TRACE::2025-02-22.11:03:40::SCWMssOS:: "ARCHIVER=arm-none-eabi-ar" "COMPILER_FLAGS=  -O2 -c" "EXTRA_COMPILER_FLAGS=-mcpu=cortex-a9 -mfpu=vfpv3 -mfloat-abi=hard -nost
TRACE::2025-02-22.11:03:40::SCWMssOS::artfiles -g -Wall -Wextra"

TRACE::2025-02-22.11:03:41::SCWMssOS::"Running Make include in ps7_cortexa9_0/libsrc/sdps_v3_10/src"

TRACE::2025-02-22.11:03:41::SCWMssOS::make -C ps7_cortexa9_0/libsrc/sdps_v3_10/src -s include  "SHELL=CMD" "COMPILER=arm-none-eabi-gcc" "ASSEMBLER=arm-none-eabi-as" 
TRACE::2025-02-22.11:03:41::SCWMssOS::"ARCHIVER=arm-none-eabi-ar" "COMPILER_FLAGS=  -O2 -c" "EXTRA_COMPILER_FLAGS=-mcpu=cortex-a9 -mfpu=vfpv3 -mfloat-abi=hard -nosta
TRACE::2025-02-22.11:03:41::SCWMssOS::rtfiles -g -Wall -Wextra"

TRACE::2025-02-22.11:03:41::SCWMssOS::"Running Make include in ps7_cortexa9_0/libsrc/standalone_v7_3/src"

TRACE::2025-02-22.11:03:41::SCWMssOS::make -C ps7_cortexa9_0/libsrc/standalone_v7_3/src -s include  "SHELL=CMD" "COMPILER=arm-none-eabi-gcc" "ASSEMBLER=arm-none-eabi
TRACE::2025-02-22.11:03:41::SCWMssOS::-as" "ARCHIVER=arm-none-eabi-ar" "COMPILER_FLAGS=  -O2 -c" "EXTRA_COMPILER_FLAGS=-mcpu=cortex-a9 -mfpu=vfpv3 -mfloat-abi=hard -
TRACE::2025-02-22.11:03:41::SCWMssOS::nostartfiles -g -Wall -Wextra"

TRACE::2025-02-22.11:03:41::SCWMssOS::"Running Make include in ps7_cortexa9_0/libsrc/uartps_v3_10/src"

TRACE::2025-02-22.11:03:41::SCWMssOS::make -C ps7_cortexa9_0/libsrc/uartps_v3_10/src -s include  "SHELL=CMD" "COMPILER=arm-none-eabi-gcc" "ASSEMBLER=arm-none-eabi-as
TRACE::2025-02-22.11:03:41::SCWMssOS::" "ARCHIVER=arm-none-eabi-ar" "COMPILER_FLAGS=  -O2 -c" "EXTRA_COMPILER_FLAGS=-mcpu=cortex-a9 -mfpu=vfpv3 -mfloat-abi=hard -nos
TRACE::2025-02-22.11:03:41::SCWMssOS::tartfiles -g -Wall -Wextra"

TRACE::2025-02-22.11:03:41::SCWMssOS::"Running Make include in ps7_cortexa9_0/libsrc/usbps_v2_6/src"

TRACE::2025-02-22.11:03:41::SCWMssOS::make -C ps7_cortexa9_0/libsrc/usbps_v2_6/src -s include  "SHELL=CMD" "COMPILER=arm-none-eabi-gcc" "ASSEMBLER=arm-none-eabi-as" 
TRACE::2025-02-22.11:03:41::SCWMssOS::"ARCHIVER=arm-none-eabi-ar" "COMPILER_FLAGS=  -O2 -c" "EXTRA_COMPILER_FLAGS=-mcpu=cortex-a9 -mfpu=vfpv3 -mfloat-abi=hard -nosta
TRACE::2025-02-22.11:03:41::SCWMssOS::rtfiles -g -Wall -Wextra"

TRACE::2025-02-22.11:03:41::SCWMssOS::"Running Make include in ps7_cortexa9_0/libsrc/video_common_v4_10/src"

TRACE::2025-02-22.11:03:41::SCWMssOS::make -C ps7_cortexa9_0/libsrc/video_common_v4_10/src -s include  "SHELL=CMD" "COMPILER=arm-none-eabi-gcc" "ASSEMBLER=arm-none-e
TRACE::2025-02-22.11:03:41::SCWMssOS::abi-as" "ARCHIVER=arm-none-eabi-ar" "COMPILER_FLAGS=  -O2 -c" "EXTRA_COMPILER_FLAGS=-mcpu=cortex-a9 -mfpu=vfpv3 -mfloat-abi=har
TRACE::2025-02-22.11:03:41::SCWMssOS::d -nostartfiles -g -Wall -Wextra"

TRACE::2025-02-22.11:03:41::SCWMssOS::"Running Make include in ps7_cortexa9_0/libsrc/vprocss_v2_8/src"

TRACE::2025-02-22.11:03:41::SCWMssOS::make -C ps7_cortexa9_0/libsrc/vprocss_v2_8/src -s include  "SHELL=CMD" "COMPILER=arm-none-eabi-gcc" "ASSEMBLER=arm-none-eabi-as
TRACE::2025-02-22.11:03:41::SCWMssOS::" "ARCHIVER=arm-none-eabi-ar" "COMPILER_FLAGS=  -O2 -c" "EXTRA_COMPILER_FLAGS=-mcpu=cortex-a9 -mfpu=vfpv3 -mfloat-abi=hard -nos
TRACE::2025-02-22.11:03:41::SCWMssOS::tartfiles -g -Wall -Wextra"

TRACE::2025-02-22.11:03:41::SCWMssOS::"Running Make include in ps7_cortexa9_0/libsrc/v_csc_v2_5/src"

TRACE::2025-02-22.11:03:41::SCWMssOS::make -C ps7_cortexa9_0/libsrc/v_csc_v2_5/src -s include  "SHELL=CMD" "COMPILER=arm-none-eabi-gcc" "ASSEMBLER=arm-none-eabi-as" 
TRACE::2025-02-22.11:03:41::SCWMssOS::"ARCHIVER=arm-none-eabi-ar" "COMPILER_FLAGS=  -O2 -c" "EXTRA_COMPILER_FLAGS=-mcpu=cortex-a9 -mfpu=vfpv3 -mfloat-abi=hard -nosta
TRACE::2025-02-22.11:03:41::SCWMssOS::rtfiles -g -Wall -Wextra"

TRACE::2025-02-22.11:03:41::SCWMssOS::"Running Make include in ps7_cortexa9_0/libsrc/v_deinterlacer_v7_2/src"

TRACE::2025-02-22.11:03:41::SCWMssOS::make -C ps7_cortexa9_0/libsrc/v_deinterlacer_v7_2/src -s include  "SHELL=CMD" "COMPILER=arm-none-eabi-gcc" "ASSEMBLER=arm-none-
TRACE::2025-02-22.11:03:41::SCWMssOS::eabi-as" "ARCHIVER=arm-none-eabi-ar" "COMPILER_FLAGS=  -O2 -c" "EXTRA_COMPILER_FLAGS=-mcpu=cortex-a9 -mfpu=vfpv3 -mfloat-abi=ha
TRACE::2025-02-22.11:03:41::SCWMssOS::rd -nostartfiles -g -Wall -Wextra"

TRACE::2025-02-22.11:03:41::SCWMssOS::"Running Make include in ps7_cortexa9_0/libsrc/v_hcresampler_v3_2/src"

TRACE::2025-02-22.11:03:41::SCWMssOS::make -C ps7_cortexa9_0/libsrc/v_hcresampler_v3_2/src -s include  "SHELL=CMD" "COMPILER=arm-none-eabi-gcc" "ASSEMBLER=arm-none-e
TRACE::2025-02-22.11:03:41::SCWMssOS::abi-as" "ARCHIVER=arm-none-eabi-ar" "COMPILER_FLAGS=  -O2 -c" "EXTRA_COMPILER_FLAGS=-mcpu=cortex-a9 -mfpu=vfpv3 -mfloat-abi=har
TRACE::2025-02-22.11:03:41::SCWMssOS::d -nostartfiles -g -Wall -Wextra"

TRACE::2025-02-22.11:03:41::SCWMssOS::"Running Make include in ps7_cortexa9_0/libsrc/v_hscaler_v3_4/src"

TRACE::2025-02-22.11:03:41::SCWMssOS::make -C ps7_cortexa9_0/libsrc/v_hscaler_v3_4/src -s include  "SHELL=CMD" "COMPILER=arm-none-eabi-gcc" "ASSEMBLER=arm-none-eabi-
TRACE::2025-02-22.11:03:41::SCWMssOS::as" "ARCHIVER=arm-none-eabi-ar" "COMPILER_FLAGS=  -O2 -c" "EXTRA_COMPILER_FLAGS=-mcpu=cortex-a9 -mfpu=vfpv3 -mfloat-abi=hard -n
TRACE::2025-02-22.11:03:41::SCWMssOS::ostartfiles -g -Wall -Wextra"

TRACE::2025-02-22.11:03:41::SCWMssOS::"Running Make include in ps7_cortexa9_0/libsrc/v_letterbox_v2_3/src"

TRACE::2025-02-22.11:03:41::SCWMssOS::make -C ps7_cortexa9_0/libsrc/v_letterbox_v2_3/src -s include  "SHELL=CMD" "COMPILER=arm-none-eabi-gcc" "ASSEMBLER=arm-none-eab
TRACE::2025-02-22.11:03:41::SCWMssOS::i-as" "ARCHIVER=arm-none-eabi-ar" "COMPILER_FLAGS=  -O2 -c" "EXTRA_COMPILER_FLAGS=-mcpu=cortex-a9 -mfpu=vfpv3 -mfloat-abi=hard 
TRACE::2025-02-22.11:03:41::SCWMssOS::-nostartfiles -g -Wall -Wextra"

TRACE::2025-02-22.11:03:41::SCWMssOS::"Running Make include in ps7_cortexa9_0/libsrc/v_vcresampler_v3_2/src"

TRACE::2025-02-22.11:03:41::SCWMssOS::make -C ps7_cortexa9_0/libsrc/v_vcresampler_v3_2/src -s include  "SHELL=CMD" "COMPILER=arm-none-eabi-gcc" "ASSEMBLER=arm-none-e
TRACE::2025-02-22.11:03:41::SCWMssOS::abi-as" "ARCHIVER=arm-none-eabi-ar" "COMPILER_FLAGS=  -O2 -c" "EXTRA_COMPILER_FLAGS=-mcpu=cortex-a9 -mfpu=vfpv3 -mfloat-abi=har
TRACE::2025-02-22.11:03:41::SCWMssOS::d -nostartfiles -g -Wall -Wextra"

TRACE::2025-02-22.11:03:41::SCWMssOS::"Running Make include in ps7_cortexa9_0/libsrc/v_vscaler_v3_2/src"

TRACE::2025-02-22.11:03:41::SCWMssOS::make -C ps7_cortexa9_0/libsrc/v_vscaler_v3_2/src -s include  "SHELL=CMD" "COMPILER=arm-none-eabi-gcc" "ASSEMBLER=arm-none-eabi-
TRACE::2025-02-22.11:03:41::SCWMssOS::as" "ARCHIVER=arm-none-eabi-ar" "COMPILER_FLAGS=  -O2 -c" "EXTRA_COMPILER_FLAGS=-mcpu=cortex-a9 -mfpu=vfpv3 -mfloat-abi=hard -n
TRACE::2025-02-22.11:03:41::SCWMssOS::ostartfiles -g -Wall -Wextra"

TRACE::2025-02-22.11:03:41::SCWMssOS::"Running Make include in ps7_cortexa9_0/libsrc/xadcps_v2_5/src"

TRACE::2025-02-22.11:03:41::SCWMssOS::make -C ps7_cortexa9_0/libsrc/xadcps_v2_5/src -s include  "SHELL=CMD" "COMPILER=arm-none-eabi-gcc" "ASSEMBLER=arm-none-eabi-as"
TRACE::2025-02-22.11:03:41::SCWMssOS:: "ARCHIVER=arm-none-eabi-ar" "COMPILER_FLAGS=  -O2 -c" "EXTRA_COMPILER_FLAGS=-mcpu=cortex-a9 -mfpu=vfpv3 -mfloat-abi=hard -nost
TRACE::2025-02-22.11:03:41::SCWMssOS::artfiles -g -Wall -Wextra"

TRACE::2025-02-22.11:03:42::SCWMssOS::"Running Make libs in ps7_cortexa9_0/libsrc/axis_switch_v1_4/src"

TRACE::2025-02-22.11:03:42::SCWMssOS::make -C ps7_cortexa9_0/libsrc/axis_switch_v1_4/src -s libs  "SHELL=CMD" "COMPILER=arm-none-eabi-gcc" "ASSEMBLER=arm-none-eabi-a
TRACE::2025-02-22.11:03:42::SCWMssOS::s" "ARCHIVER=arm-none-eabi-ar" "COMPILER_FLAGS=  -O2 -c" "EXTRA_COMPILER_FLAGS=-mcpu=cortex-a9 -mfpu=vfpv3 -mfloat-abi=hard -no
TRACE::2025-02-22.11:03:42::SCWMssOS::startfiles -g -Wall -Wextra"

TRACE::2025-02-22.11:03:42::SCWMssOS::"Running Make libs in ps7_cortexa9_0/libsrc/axivdma_v6_8/src"

TRACE::2025-02-22.11:03:42::SCWMssOS::make -C ps7_cortexa9_0/libsrc/axivdma_v6_8/src -s libs  "SHELL=CMD" "COMPILER=arm-none-eabi-gcc" "ASSEMBLER=arm-none-eabi-as" "
TRACE::2025-02-22.11:03:42::SCWMssOS::ARCHIVER=arm-none-eabi-ar" "COMPILER_FLAGS=  -O2 -c" "EXTRA_COMPILER_FLAGS=-mcpu=cortex-a9 -mfpu=vfpv3 -mfloat-abi=hard -nostar
TRACE::2025-02-22.11:03:42::SCWMssOS::tfiles -g -Wall -Wextra"

TRACE::2025-02-22.11:03:42::SCWMssOS::"Running Make libs in ps7_cortexa9_0/libsrc/coresightps_dcc_v1_8/src"

TRACE::2025-02-22.11:03:42::SCWMssOS::make -C ps7_cortexa9_0/libsrc/coresightps_dcc_v1_8/src -s libs  "SHELL=CMD" "COMPILER=arm-none-eabi-gcc" "ASSEMBLER=arm-none-ea
TRACE::2025-02-22.11:03:42::SCWMssOS::bi-as" "ARCHIVER=arm-none-eabi-ar" "COMPILER_FLAGS=  -O2 -c" "EXTRA_COMPILER_FLAGS=-mcpu=cortex-a9 -mfpu=vfpv3 -mfloat-abi=hard
TRACE::2025-02-22.11:03:42::SCWMssOS:: -nostartfiles -g -Wall -Wextra"

TRACE::2025-02-22.11:03:42::SCWMssOS::"Running Make libs in ps7_cortexa9_0/libsrc/cpu_cortexa9_v2_10/src"

TRACE::2025-02-22.11:03:42::SCWMssOS::make -C ps7_cortexa9_0/libsrc/cpu_cortexa9_v2_10/src -s libs  "SHELL=CMD" "COMPILER=arm-none-eabi-gcc" "ASSEMBLER=arm-none-eabi
TRACE::2025-02-22.11:03:42::SCWMssOS::-as" "ARCHIVER=arm-none-eabi-ar" "COMPILER_FLAGS=  -O2 -c" "EXTRA_COMPILER_FLAGS=-mcpu=cortex-a9 -mfpu=vfpv3 -mfloat-abi=hard -
TRACE::2025-02-22.11:03:42::SCWMssOS::nostartfiles -g -Wall -Wextra"

TRACE::2025-02-22.11:03:42::SCWMssOS::"Running Make libs in ps7_cortexa9_0/libsrc/ddrps_v1_2/src"

TRACE::2025-02-22.11:03:42::SCWMssOS::make -C ps7_cortexa9_0/libsrc/ddrps_v1_2/src -s libs  "SHELL=CMD" "COMPILER=arm-none-eabi-gcc" "ASSEMBLER=arm-none-eabi-as" "AR
TRACE::2025-02-22.11:03:42::SCWMssOS::CHIVER=arm-none-eabi-ar" "COMPILER_FLAGS=  -O2 -c" "EXTRA_COMPILER_FLAGS=-mcpu=cortex-a9 -mfpu=vfpv3 -mfloat-abi=hard -nostartf
TRACE::2025-02-22.11:03:42::SCWMssOS::iles -g -Wall -Wextra"

TRACE::2025-02-22.11:03:42::SCWMssOS::"Running Make libs in ps7_cortexa9_0/libsrc/devcfg_v3_7/src"

TRACE::2025-02-22.11:03:42::SCWMssOS::make -C ps7_cortexa9_0/libsrc/devcfg_v3_7/src -s libs  "SHELL=CMD" "COMPILER=arm-none-eabi-gcc" "ASSEMBLER=arm-none-eabi-as" "A
TRACE::2025-02-22.11:03:42::SCWMssOS::RCHIVER=arm-none-eabi-ar" "COMPILER_FLAGS=  -O2 -c" "EXTRA_COMPILER_FLAGS=-mcpu=cortex-a9 -mfpu=vfpv3 -mfloat-abi=hard -nostart
TRACE::2025-02-22.11:03:42::SCWMssOS::files -g -Wall -Wextra"

TRACE::2025-02-22.11:03:42::SCWMssOS::"Running Make libs in ps7_cortexa9_0/libsrc/dmaps_v2_7/src"

TRACE::2025-02-22.11:03:42::SCWMssOS::make -C ps7_cortexa9_0/libsrc/dmaps_v2_7/src -s libs  "SHELL=CMD" "COMPILER=arm-none-eabi-gcc" "ASSEMBLER=arm-none-eabi-as" "AR
TRACE::2025-02-22.11:03:42::SCWMssOS::CHIVER=arm-none-eabi-ar" "COMPILER_FLAGS=  -O2 -c" "EXTRA_COMPILER_FLAGS=-mcpu=cortex-a9 -mfpu=vfpv3 -mfloat-abi=hard -nostartf
TRACE::2025-02-22.11:03:42::SCWMssOS::iles -g -Wall -Wextra"

TRACE::2025-02-22.11:03:42::SCWMssOS::"Running Make libs in ps7_cortexa9_0/libsrc/emacps_v3_12/src"

TRACE::2025-02-22.11:03:42::SCWMssOS::make -C ps7_cortexa9_0/libsrc/emacps_v3_12/src -s libs  "SHELL=CMD" "COMPILER=arm-none-eabi-gcc" "ASSEMBLER=arm-none-eabi-as" "
TRACE::2025-02-22.11:03:42::SCWMssOS::ARCHIVER=arm-none-eabi-ar" "COMPILER_FLAGS=  -O2 -c" "EXTRA_COMPILER_FLAGS=-mcpu=cortex-a9 -mfpu=vfpv3 -mfloat-abi=hard -nostar
TRACE::2025-02-22.11:03:42::SCWMssOS::tfiles -g -Wall -Wextra"

TRACE::2025-02-22.11:03:42::SCWMssOS::"Running Make libs in ps7_cortexa9_0/libsrc/gpiops_v3_8/src"

TRACE::2025-02-22.11:03:42::SCWMssOS::make -C ps7_cortexa9_0/libsrc/gpiops_v3_8/src -s libs  "SHELL=CMD" "COMPILER=arm-none-eabi-gcc" "ASSEMBLER=arm-none-eabi-as" "A
TRACE::2025-02-22.11:03:42::SCWMssOS::RCHIVER=arm-none-eabi-ar" "COMPILER_FLAGS=  -O2 -c" "EXTRA_COMPILER_FLAGS=-mcpu=cortex-a9 -mfpu=vfpv3 -mfloat-abi=hard -nostart
TRACE::2025-02-22.11:03:42::SCWMssOS::files -g -Wall -Wextra"

TRACE::2025-02-22.11:03:42::SCWMssOS::"Running Make libs in ps7_cortexa9_0/libsrc/gpio_v4_7/src"

TRACE::2025-02-22.11:03:42::SCWMssOS::make -C ps7_cortexa9_0/libsrc/gpio_v4_7/src -s libs  "SHELL=CMD" "COMPILER=arm-none-eabi-gcc" "ASSEMBLER=arm-none-eabi-as" "ARC
TRACE::2025-02-22.11:03:42::SCWMssOS::HIVER=arm-none-eabi-ar" "COMPILER_FLAGS=  -O2 -c" "EXTRA_COMPILER_FLAGS=-mcpu=cortex-a9 -mfpu=vfpv3 -mfloat-abi=hard -nostartfi
TRACE::2025-02-22.11:03:42::SCWMssOS::les -g -Wall -Wextra"

TRACE::2025-02-22.11:03:42::SCWMssOS::"Running Make libs in ps7_cortexa9_0/libsrc/qspips_v3_8/src"

TRACE::2025-02-22.11:03:42::SCWMssOS::"Running Make libs in ps7_cortexa9_0/libsrc/scugic_v4_3/src"

TRACE::2025-02-22.11:03:42::SCWMssOS::make -C ps7_cortexa9_0/libsrc/qspips_v3_8/src -s libs  "SHELL=CMD" "COMPILER=arm-none-eabi-gcc" "ASSEMBLER=arm-none-eabi-as" "A
TRACE::2025-02-22.11:03:42::SCWMssOS::RCHIVER=arm-none-eabi-ar" "COMPILER_FLAGS=  -O2 -c" "EXTRA_COMPILER_FLAGS=-mcpu=cortex-a9 -mfpu=vfpv3 -mfloat-abi=hard -nostart
TRACE::2025-02-22.11:03:42::SCWMssOS::files -g -Wall -Wextra"

TRACE::2025-02-22.11:03:42::SCWMssOS::make -C ps7_cortexa9_0/libsrc/scugic_v4_3/src -s libs  "SHELL=CMD" "COMPILER=arm-none-eabi-gcc" "ASSEMBLER=arm-none-eabi-as" "A
TRACE::2025-02-22.11:03:42::SCWMssOS::RCHIVER=arm-none-eabi-ar" "COMPILER_FLAGS=  -O2 -c" "EXTRA_COMPILER_FLAGS=-mcpu=cortex-a9 -mfpu=vfpv3 -mfloat-abi=hard -nostart
TRACE::2025-02-22.11:03:42::SCWMssOS::files -g -Wall -Wextra"

TRACE::2025-02-22.11:03:42::SCWMssOS::"Running Make libs in ps7_cortexa9_0/libsrc/scutimer_v2_3/src"

TRACE::2025-02-22.11:03:42::SCWMssOS::"Running Make libs in ps7_cortexa9_0/libsrc/scuwdt_v2_3/src"

TRACE::2025-02-22.11:03:42::SCWMssOS::make -C ps7_cortexa9_0/libsrc/scutimer_v2_3/src -s libs  "SHELL=CMD" "COMPILER=arm-none-eabi-gcc" "ASSEMBLER=arm-none-eabi-as" 
TRACE::2025-02-22.11:03:42::SCWMssOS::"ARCHIVER=arm-none-eabi-ar" "COMPILER_FLAGS=  -O2 -c" "EXTRA_COMPILER_FLAGS=-mcpu=cortex-a9 -mfpu=vfpv3 -mfloat-abi=hard -nosta
TRACE::2025-02-22.11:03:42::SCWMssOS::rtfiles -g -Wall -Wextra"

TRACE::2025-02-22.11:03:42::SCWMssOS::"Running Make libs in ps7_cortexa9_0/libsrc/sdps_v3_10/src"

TRACE::2025-02-22.11:03:42::SCWMssOS::make -C ps7_cortexa9_0/libsrc/scuwdt_v2_3/src -s libs  "SHELL=CMD" "COMPILER=arm-none-eabi-gcc" "ASSEMBLER=arm-none-eabi-as" "A
TRACE::2025-02-22.11:03:42::SCWMssOS::RCHIVER=arm-none-eabi-ar" "COMPILER_FLAGS=  -O2 -c" "EXTRA_COMPILER_FLAGS=-mcpu=cortex-a9 -mfpu=vfpv3 -mfloat-abi=hard -nostart
TRACE::2025-02-22.11:03:42::SCWMssOS::files -g -Wall -Wextra"

TRACE::2025-02-22.11:03:42::SCWMssOS::make -C ps7_cortexa9_0/libsrc/sdps_v3_10/src -s libs  "SHELL=CMD" "COMPILER=arm-none-eabi-gcc" "ASSEMBLER=arm-none-eabi-as" "AR
TRACE::2025-02-22.11:03:42::SCWMssOS::CHIVER=arm-none-eabi-ar" "COMPILER_FLAGS=  -O2 -c" "EXTRA_COMPILER_FLAGS=-mcpu=cortex-a9 -mfpu=vfpv3 -mfloat-abi=hard -nostartf
TRACE::2025-02-22.11:03:42::SCWMssOS::iles -g -Wall -Wextra"

TRACE::2025-02-22.11:03:42::SCWMssOS::"Running Make libs in ps7_cortexa9_0/libsrc/standalone_v7_3/src"

TRACE::2025-02-22.11:03:42::SCWMssOS::make -C ps7_cortexa9_0/libsrc/standalone_v7_3/src -s libs  "SHELL=CMD" "COMPILER=arm-none-eabi-gcc" "ASSEMBLER=arm-none-eabi-as
TRACE::2025-02-22.11:03:42::SCWMssOS::" "ARCHIVER=arm-none-eabi-ar" "COMPILER_FLAGS=  -O2 -c" "EXTRA_COMPILER_FLAGS=-mcpu=cortex-a9 -mfpu=vfpv3 -mfloat-abi=hard -nos
TRACE::2025-02-22.11:03:42::SCWMssOS::tartfiles -g -Wall -Wextra"

TRACE::2025-02-22.11:03:42::SCWMssOS::"Running Make libs in ps7_cortexa9_0/libsrc/uartps_v3_10/src"

TRACE::2025-02-22.11:03:42::SCWMssOS::make -C ps7_cortexa9_0/libsrc/uartps_v3_10/src -s libs  "SHELL=CMD" "COMPILER=arm-none-eabi-gcc" "ASSEMBLER=arm-none-eabi-as" "
TRACE::2025-02-22.11:03:42::SCWMssOS::ARCHIVER=arm-none-eabi-ar" "COMPILER_FLAGS=  -O2 -c" "EXTRA_COMPILER_FLAGS=-mcpu=cortex-a9 -mfpu=vfpv3 -mfloat-abi=hard -nostar
TRACE::2025-02-22.11:03:42::SCWMssOS::tfiles -g -Wall -Wextra"

TRACE::2025-02-22.11:03:42::SCWMssOS::"Running Make libs in ps7_cortexa9_0/libsrc/usbps_v2_6/src"

TRACE::2025-02-22.11:03:42::SCWMssOS::make -C ps7_cortexa9_0/libsrc/usbps_v2_6/src -s libs  "SHELL=CMD" "COMPILER=arm-none-eabi-gcc" "ASSEMBLER=arm-none-eabi-as" "AR
TRACE::2025-02-22.11:03:42::SCWMssOS::CHIVER=arm-none-eabi-ar" "COMPILER_FLAGS=  -O2 -c" "EXTRA_COMPILER_FLAGS=-mcpu=cortex-a9 -mfpu=vfpv3 -mfloat-abi=hard -nostartf
TRACE::2025-02-22.11:03:42::SCWMssOS::iles -g -Wall -Wextra"

TRACE::2025-02-22.11:03:42::SCWMssOS::"Running Make libs in ps7_cortexa9_0/libsrc/video_common_v4_10/src"

TRACE::2025-02-22.11:03:43::SCWMssOS::make -C ps7_cortexa9_0/libsrc/video_common_v4_10/src -s libs  "SHELL=CMD" "COMPILER=arm-none-eabi-gcc" "ASSEMBLER=arm-none-eabi
TRACE::2025-02-22.11:03:43::SCWMssOS::-as" "ARCHIVER=arm-none-eabi-ar" "COMPILER_FLAGS=  -O2 -c" "EXTRA_COMPILER_FLAGS=-mcpu=cortex-a9 -mfpu=vfpv3 -mfloat-abi=hard -
TRACE::2025-02-22.11:03:43::SCWMssOS::nostartfiles -g -Wall -Wextra"

TRACE::2025-02-22.11:03:43::SCWMssOS::"Running Make libs in ps7_cortexa9_0/libsrc/vprocss_v2_8/src"

TRACE::2025-02-22.11:03:43::SCWMssOS::make -C ps7_cortexa9_0/libsrc/vprocss_v2_8/src -s libs  "SHELL=CMD" "COMPILER=arm-none-eabi-gcc" "ASSEMBLER=arm-none-eabi-as" "
TRACE::2025-02-22.11:03:43::SCWMssOS::ARCHIVER=arm-none-eabi-ar" "COMPILER_FLAGS=  -O2 -c" "EXTRA_COMPILER_FLAGS=-mcpu=cortex-a9 -mfpu=vfpv3 -mfloat-abi=hard -nostar
TRACE::2025-02-22.11:03:43::SCWMssOS::tfiles -g -Wall -Wextra"

TRACE::2025-02-22.11:03:43::SCWMssOS::"Running Make libs in ps7_cortexa9_0/libsrc/v_csc_v2_5/src"

TRACE::2025-02-22.11:03:43::SCWMssOS::make -C ps7_cortexa9_0/libsrc/v_csc_v2_5/src -s libs  "SHELL=CMD" "COMPILER=arm-none-eabi-gcc" "ASSEMBLER=arm-none-eabi-as" "AR
TRACE::2025-02-22.11:03:43::SCWMssOS::CHIVER=arm-none-eabi-ar" "COMPILER_FLAGS=  -O2 -c" "EXTRA_COMPILER_FLAGS=-mcpu=cortex-a9 -mfpu=vfpv3 -mfloat-abi=hard -nostartf
TRACE::2025-02-22.11:03:43::SCWMssOS::iles -g -Wall -Wextra"

TRACE::2025-02-22.11:03:43::SCWMssOS::"Running Make libs in ps7_cortexa9_0/libsrc/v_deinterlacer_v7_2/src"

TRACE::2025-02-22.11:03:43::SCWMssOS::make -C ps7_cortexa9_0/libsrc/v_deinterlacer_v7_2/src -s libs  "SHELL=CMD" "COMPILER=arm-none-eabi-gcc" "ASSEMBLER=arm-none-eab
TRACE::2025-02-22.11:03:43::SCWMssOS::i-as" "ARCHIVER=arm-none-eabi-ar" "COMPILER_FLAGS=  -O2 -c" "EXTRA_COMPILER_FLAGS=-mcpu=cortex-a9 -mfpu=vfpv3 -mfloat-abi=hard 
TRACE::2025-02-22.11:03:43::SCWMssOS::-nostartfiles -g -Wall -Wextra"

TRACE::2025-02-22.11:03:43::SCWMssOS::"Running Make libs in ps7_cortexa9_0/libsrc/v_hcresampler_v3_2/src"

TRACE::2025-02-22.11:03:43::SCWMssOS::"Running Make libs in ps7_cortexa9_0/libsrc/v_hscaler_v3_4/src"

TRACE::2025-02-22.11:03:43::SCWMssOS::make -C ps7_cortexa9_0/libsrc/v_hcresampler_v3_2/src -s libs  "SHELL=CMD" "COMPILER=arm-none-eabi-gcc" "ASSEMBLER=arm-none-eabi
TRACE::2025-02-22.11:03:43::SCWMssOS::-as" "ARCHIVER=arm-none-eabi-ar" "COMPILER_FLAGS=  -O2 -c" "EXTRA_COMPILER_FLAGS=-mcpu=cortex-a9 -mfpu=vfpv3 -mfloat-abi=hard -
TRACE::2025-02-22.11:03:43::SCWMssOS::nostartfiles -g -Wall -Wextra"

TRACE::2025-02-22.11:03:43::SCWMssOS::make -C ps7_cortexa9_0/libsrc/v_hscaler_v3_4/src -s libs  "SHELL=CMD" "COMPILER=arm-none-eabi-gcc" "ASSEMBLER=arm-none-eabi-as"
TRACE::2025-02-22.11:03:43::SCWMssOS:: "ARCHIVER=arm-none-eabi-ar" "COMPILER_FLAGS=  -O2 -c" "EXTRA_COMPILER_FLAGS=-mcpu=cortex-a9 -mfpu=vfpv3 -mfloat-abi=hard -nost
TRACE::2025-02-22.11:03:43::SCWMssOS::artfiles -g -Wall -Wextra"

TRACE::2025-02-22.11:03:43::SCWMssOS::"Running Make libs in ps7_cortexa9_0/libsrc/v_letterbox_v2_3/src"

TRACE::2025-02-22.11:03:43::SCWMssOS::"Running Make libs in ps7_cortexa9_0/libsrc/v_vcresampler_v3_2/src"

TRACE::2025-02-22.11:03:43::SCWMssOS::make -C ps7_cortexa9_0/libsrc/v_letterbox_v2_3/src -s libs  "SHELL=CMD" "COMPILER=arm-none-eabi-gcc" "ASSEMBLER=arm-none-eabi-a
TRACE::2025-02-22.11:03:43::SCWMssOS::s" "ARCHIVER=arm-none-eabi-ar" "COMPILER_FLAGS=  -O2 -c" "EXTRA_COMPILER_FLAGS=-mcpu=cortex-a9 -mfpu=vfpv3 -mfloat-abi=hard -no
TRACE::2025-02-22.11:03:43::SCWMssOS::startfiles -g -Wall -Wextra"

TRACE::2025-02-22.11:03:43::SCWMssOS::make -C ps7_cortexa9_0/libsrc/v_vcresampler_v3_2/src -s libs  "SHELL=CMD" "COMPILER=arm-none-eabi-gcc" "ASSEMBLER=arm-none-eabi
TRACE::2025-02-22.11:03:43::SCWMssOS::-as" "ARCHIVER=arm-none-eabi-ar" "COMPILER_FLAGS=  -O2 -c" "EXTRA_COMPILER_FLAGS=-mcpu=cortex-a9 -mfpu=vfpv3 -mfloat-abi=hard -
TRACE::2025-02-22.11:03:43::SCWMssOS::nostartfiles -g -Wall -Wextra"

TRACE::2025-02-22.11:03:43::SCWMssOS::"Running Make libs in ps7_cortexa9_0/libsrc/v_vscaler_v3_2/src"

TRACE::2025-02-22.11:03:43::SCWMssOS::make -C ps7_cortexa9_0/libsrc/v_vscaler_v3_2/src -s libs  "SHELL=CMD" "COMPILER=arm-none-eabi-gcc" "ASSEMBLER=arm-none-eabi-as"
TRACE::2025-02-22.11:03:43::SCWMssOS:: "ARCHIVER=arm-none-eabi-ar" "COMPILER_FLAGS=  -O2 -c" "EXTRA_COMPILER_FLAGS=-mcpu=cortex-a9 -mfpu=vfpv3 -mfloat-abi=hard -nost
TRACE::2025-02-22.11:03:43::SCWMssOS::artfiles -g -Wall -Wextra"

TRACE::2025-02-22.11:03:43::SCWMssOS::"Running Make libs in ps7_cortexa9_0/libsrc/xadcps_v2_5/src"

TRACE::2025-02-22.11:03:43::SCWMssOS::make -C ps7_cortexa9_0/libsrc/xadcps_v2_5/src -s libs  "SHELL=CMD" "COMPILER=arm-none-eabi-gcc" "ASSEMBLER=arm-none-eabi-as" "A
TRACE::2025-02-22.11:03:43::SCWMssOS::RCHIVER=arm-none-eabi-ar" "COMPILER_FLAGS=  -O2 -c" "EXTRA_COMPILER_FLAGS=-mcpu=cortex-a9 -mfpu=vfpv3 -mfloat-abi=hard -nostart
TRACE::2025-02-22.11:03:43::SCWMssOS::files -g -Wall -Wextra"

TRACE::2025-02-22.11:03:44::SCWMssOS::'Finished building libraries parallelly.'

TRACE::2025-02-22.11:03:44::SCWMssOS::make --no-print-directory archive

TRACE::2025-02-22.11:03:44::SCWMssOS::arm-none-eabi-ar -r  ps7_cortexa9_0/lib/libxil.a ps7_cortexa9_0/lib/xadcps_selftest.o ps7_cortexa9_0/lib/xvprocss_sinit.o ps7_c
TRACE::2025-02-22.11:03:44::SCWMssOS::ortexa9_0/lib/xv_hcresampler_coeff.o ps7_cortexa9_0/lib/xv_vscaler_sinit.o ps7_cortexa9_0/lib/xplatform_info.o ps7_cortexa9_0/l
TRACE::2025-02-22.11:03:44::SCWMssOS::ib/xil_mmu.o ps7_cortexa9_0/lib/xv_vscaler_linux.o ps7_cortexa9_0/lib/xv_hscaler_sinit.o ps7_cortexa9_0/lib/xusbps_endpoint.o p
TRACE::2025-02-22.11:03:44::SCWMssOS::s7_cortexa9_0/lib/xusbps_sinit.o ps7_cortexa9_0/lib/unlink.o ps7_cortexa9_0/lib/xdevcfg_hw.o ps7_cortexa9_0/lib/xil_sleeptimer.
TRACE::2025-02-22.11:03:44::SCWMssOS::o ps7_cortexa9_0/lib/xgpio_sinit.o ps7_cortexa9_0/lib/xqspips_options.o ps7_cortexa9_0/lib/xvidc_timings_table.o ps7_cortexa9_0
TRACE::2025-02-22.11:03:44::SCWMssOS::/lib/xdmaps_g.o ps7_cortexa9_0/lib/xscutimer_g.o ps7_cortexa9_0/lib/xsdps_options.o ps7_cortexa9_0/lib/xv_deinterlacer.o ps7_co
TRACE::2025-02-22.11:03:44::SCWMssOS::rtexa9_0/lib/xil_misc_psreset_api.o ps7_cortexa9_0/lib/xdmaps_sinit.o ps7_cortexa9_0/lib/xscutimer_sinit.o ps7_cortexa9_0/lib/x
TRACE::2025-02-22.11:03:44::SCWMssOS::emacps_hw.o ps7_cortexa9_0/lib/inbyte.o ps7_cortexa9_0/lib/xdmaps_selftest.o ps7_cortexa9_0/lib/xscutimer_selftest.o ps7_cortex
TRACE::2025-02-22.11:03:44::SCWMssOS::a9_0/lib/putnum.o ps7_cortexa9_0/lib/xqspips_hw.o ps7_cortexa9_0/lib/xgpiops_g.o ps7_cortexa9_0/lib/xsdps.o ps7_cortexa9_0/lib/
TRACE::2025-02-22.11:03:44::SCWMssOS::close.o ps7_cortexa9_0/lib/xv_deinterlacer_l2.o ps7_cortexa9_0/lib/xemacps_g.o ps7_cortexa9_0/lib/xgpiops_sinit.o ps7_cortexa9_
TRACE::2025-02-22.11:03:44::SCWMssOS::0/lib/xvprocss_coreinit.o ps7_cortexa9_0/lib/xgpiops_selftest.o ps7_cortexa9_0/lib/xgpio_g.o ps7_cortexa9_0/lib/xscuwdt.o ps7_c
TRACE::2025-02-22.11:03:44::SCWMssOS::ortexa9_0/lib/xv_hcresampler_linux.o ps7_cortexa9_0/lib/xaxivdma_g.o ps7_cortexa9_0/lib/xv_csc_l2.o ps7_cortexa9_0/lib/xil_mem.
TRACE::2025-02-22.11:03:44::SCWMssOS::o ps7_cortexa9_0/lib/xaxivdma_sinit.o ps7_cortexa9_0/lib/xv_hscaler.o ps7_cortexa9_0/lib/xgpio_selftest.o ps7_cortexa9_0/lib/xa
TRACE::2025-02-22.11:03:44::SCWMssOS::xivdma_selftest.o ps7_cortexa9_0/lib/xil_printf.o ps7_cortexa9_0/lib/kill.o ps7_cortexa9_0/lib/xadcps.o ps7_cortexa9_0/lib/xuar
TRACE::2025-02-22.11:03:44::SCWMssOS::tps_sinit.o ps7_cortexa9_0/lib/xaxis_switch_g.o ps7_cortexa9_0/lib/xuartps_selftest.o ps7_cortexa9_0/lib/xuartps_g.o ps7_cortex
TRACE::2025-02-22.11:03:44::SCWMssOS::a9_0/lib/outbyte.o ps7_cortexa9_0/lib/lseek.o ps7_cortexa9_0/lib/xv_vcresampler_sinit.o ps7_cortexa9_0/lib/xusbps_hw.o ps7_cort
TRACE::2025-02-22.11:03:44::SCWMssOS::exa9_0/lib/xv_vcresampler_linux.o ps7_cortexa9_0/lib/xl2cc_counter.o ps7_cortexa9_0/lib/xv_deinterlacer_linux.o ps7_cortexa9_0/
TRACE::2025-02-22.11:03:44::SCWMssOS::lib/asm_vectors.o ps7_cortexa9_0/lib/usleep.o ps7_cortexa9_0/lib/abort.o ps7_cortexa9_0/lib/xscugic_intr.o ps7_cortexa9_0/lib/g
TRACE::2025-02-22.11:03:44::SCWMssOS::etpid.o ps7_cortexa9_0/lib/xil_testcache.o ps7_cortexa9_0/lib/xdevcfg_sinit.o ps7_cortexa9_0/lib/xdmaps.o ps7_cortexa9_0/lib/xs
TRACE::2025-02-22.11:03:44::SCWMssOS::cutimer.o ps7_cortexa9_0/lib/xv_hscaler_linux.o ps7_cortexa9_0/lib/xdevcfg_selftest.o ps7_cortexa9_0/lib/xpm_counter.o ps7_cort
TRACE::2025-02-22.11:03:44::SCWMssOS::exa9_0/lib/xv_vcresampler_g.o ps7_cortexa9_0/lib/_sbrk.o ps7_cortexa9_0/lib/xemacps_sinit.o ps7_cortexa9_0/lib/xqspips_g.o ps7_
TRACE::2025-02-22.11:03:44::SCWMssOS::cortexa9_0/lib/xgpiops.o ps7_cortexa9_0/lib/xsdps_g.o ps7_cortexa9_0/lib/xusbps_g.o ps7_cortexa9_0/lib/xsdps_sinit.o ps7_cortex
TRACE::2025-02-22.11:03:44::SCWMssOS::a9_0/lib/xvprocss.o ps7_cortexa9_0/lib/xv_vscaler_g.o ps7_cortexa9_0/lib/xv_vcresampler_coeff.o ps7_cortexa9_0/lib/xqspips_self
TRACE::2025-02-22.11:03:44::SCWMssOS::test.o ps7_cortexa9_0/lib/xil_exception.o ps7_cortexa9_0/lib/xgpio.o ps7_cortexa9_0/lib/xil_testmem.o ps7_cortexa9_0/lib/xaxivd
TRACE::2025-02-22.11:03:44::SCWMssOS::ma.o ps7_cortexa9_0/lib/xemacps_control.o ps7_cortexa9_0/lib/open.o ps7_cortexa9_0/lib/xaxis_switch_selftest.o ps7_cortexa9_0/l
TRACE::2025-02-22.11:03:44::SCWMssOS::ib/xil_assert.o ps7_cortexa9_0/lib/xaxivdma_intr.o ps7_cortexa9_0/lib/xv_letterbox_linux.o ps7_cortexa9_0/lib/xusbps_intr.o ps7
TRACE::2025-02-22.11:03:44::SCWMssOS::_cortexa9_0/lib/xv_vscaler_coeff.o ps7_cortexa9_0/lib/xvidc.o ps7_cortexa9_0/lib/xsdps_host.o ps7_cortexa9_0/lib/xcoresightpsdc
TRACE::2025-02-22.11:03:44::SCWMssOS::c.o ps7_cortexa9_0/lib/xv_csc.o ps7_cortexa9_0/lib/xscugic_hw.o ps7_cortexa9_0/lib/xuartps.o ps7_cortexa9_0/lib/sleep.o ps7_cor
TRACE::2025-02-22.11:03:44::SCWMssOS::texa9_0/lib/cpputest_time.o ps7_cortexa9_0/lib/_open.o ps7_cortexa9_0/lib/fcntl.o ps7_cortexa9_0/lib/xv_vscaler_l2.o ps7_cortex
TRACE::2025-02-22.11:03:44::SCWMssOS::a9_0/lib/xvidc_edid.o ps7_cortexa9_0/lib/print.o ps7_cortexa9_0/lib/read.o ps7_cortexa9_0/lib/xv_hcresampler.o ps7_cortexa9_0/l
TRACE::2025-02-22.11:03:44::SCWMssOS::ib/xv_letterbox.o ps7_cortexa9_0/lib/xdevcfg.o ps7_cortexa9_0/lib/xadcps_intr.o ps7_cortexa9_0/lib/xqspips.o ps7_cortexa9_0/lib
TRACE::2025-02-22.11:03:44::SCWMssOS::/xv_deinterlacer_g.o ps7_cortexa9_0/lib/xv_deinterlacer_sinit.o ps7_cortexa9_0/lib/xemacps.o ps7_cortexa9_0/lib/xil_cache.o ps7
TRACE::2025-02-22.11:03:44::SCWMssOS::_cortexa9_0/lib/xil_testio.o ps7_cortexa9_0/lib/xv_vcresampler.o ps7_cortexa9_0/lib/xvidc_edid_ext.o ps7_cortexa9_0/lib/xuartps
TRACE::2025-02-22.11:03:44::SCWMssOS::_intr.o ps7_cortexa9_0/lib/xusbps.o ps7_cortexa9_0/lib/xaxis_switch.o ps7_cortexa9_0/lib/xv_vscaler.o ps7_cortexa9_0/lib/_exit.
TRACE::2025-02-22.11:03:44::SCWMssOS::o ps7_cortexa9_0/lib/translation_table.o ps7_cortexa9_0/lib/write.o ps7_cortexa9_0/lib/boot.o ps7_cortexa9_0/lib/xemacps_bdring
TRACE::2025-02-22.11:03:44::SCWMssOS::.o ps7_cortexa9_0/lib/xaxivdma_channel.o ps7_cortexa9_0/lib/cpu_init.o ps7_cortexa9_0/lib/xil_sleepcommon.o ps7_cortexa9_0/lib/
TRACE::2025-02-22.11:03:44::SCWMssOS::xscugic_g.o ps7_cortexa9_0/lib/xv_hscaler_g.o ps7_cortexa9_0/lib/xgpiops_intr.o ps7_cortexa9_0/lib/xscugic_sinit.o ps7_cortexa9
TRACE::2025-02-22.11:03:44::SCWMssOS::_0/lib/xdevcfg_g.o ps7_cortexa9_0/lib/xuartps_hw.o ps7_cortexa9_0/lib/xgpio_intr.o ps7_cortexa9_0/lib/xv_hcresampler_g.o ps7_co
TRACE::2025-02-22.11:03:44::SCWMssOS::rtexa9_0/lib/xvprocss_router.o ps7_cortexa9_0/lib/xtime_l.o ps7_cortexa9_0/lib/xvidc_parse_edid.o ps7_cortexa9_0/lib/xv_csc_g.o
TRACE::2025-02-22.11:03:44::SCWMssOS:: ps7_cortexa9_0/lib/xscugic_selftest.o ps7_cortexa9_0/lib/xil_util.o ps7_cortexa9_0/lib/xscuwdt_sinit.o ps7_cortexa9_0/lib/xsdp
TRACE::2025-02-22.11:03:44::SCWMssOS::s_card.o ps7_cortexa9_0/lib/xdmaps_hw.o ps7_cortexa9_0/lib/xv_hcresampler_sinit.o ps7_cortexa9_0/lib/xv_hscaler_coeff.o ps7_cor
TRACE::2025-02-22.11:03:44::SCWMssOS::texa9_0/lib/xv_hcresampler_l2.o ps7_cortexa9_0/lib/xvprocss_log.o ps7_cortexa9_0/lib/xv_letterbox_l2.o ps7_cortexa9_0/lib/sbrk.
TRACE::2025-02-22.11:03:44::SCWMssOS::o ps7_cortexa9_0/lib/xgpiops_hw.o ps7_cortexa9_0/lib/fstat.o ps7_cortexa9_0/lib/errno.o ps7_cortexa9_0/lib/xvprocss_vdma.o ps7_
TRACE::2025-02-22.11:03:44::SCWMssOS::cortexa9_0/lib/xdevcfg_intr.o ps7_cortexa9_0/lib/xuartps_options.o ps7_cortexa9_0/lib/xv_hscaler_l2.o ps7_cortexa9_0/lib/xaxis_
TRACE::2025-02-22.11:03:44::SCWMssOS::switch_sinit.o ps7_cortexa9_0/lib/vectors.o ps7_cortexa9_0/lib/xv_csc_linux.o ps7_cortexa9_0/lib/xscuwdt_g.o ps7_cortexa9_0/lib
TRACE::2025-02-22.11:03:44::SCWMssOS::/xvprocss_g.o ps7_cortexa9_0/lib/xv_letterbox_g.o ps7_cortexa9_0/lib/xil_clocking.o ps7_cortexa9_0/lib/xv_vcresampler_l2.o ps7_
TRACE::2025-02-22.11:03:44::SCWMssOS::cortexa9_0/lib/xv_csc_sinit.o ps7_cortexa9_0/lib/xv_letterbox_sinit.o ps7_cortexa9_0/lib/xemacps_intr.o ps7_cortexa9_0/lib/xscu
TRACE::2025-02-22.11:03:44::SCWMssOS::wdt_selftest.o ps7_cortexa9_0/lib/xgpio_extra.o ps7_cortexa9_0/lib/isatty.o ps7_cortexa9_0/lib/xil-crt0.o ps7_cortexa9_0/lib/xs
TRACE::2025-02-22.11:03:44::SCWMssOS::cugic.o ps7_cortexa9_0/lib/xadcps_g.o ps7_cortexa9_0/lib/xqspips_sinit.o ps7_cortexa9_0/lib/xadcps_sinit.o

TRACE::2025-02-22.11:03:44::SCWMssOS::'Finished building libraries'

TRACE::2025-02-22.11:03:45::SCWMssOS::Copying to export directory.
TRACE::2025-02-22.11:03:45::SCWMssOS:: Checking if to create the Supporting Applications
TRACE::2025-02-22.11:03:45::SCWMssOS:: No Linux domain exists, trying to generate FSBL 
LOG::2025-02-22.11:03:45::SCWSystem::Completed Processing the domain standalone_ps7_cortexa9_0
LOG::2025-02-22.11:03:45::SCWSystem::Completed Processing the sysconfig atelier4_wrapper
LOG::2025-02-22.11:03:45::SCWPlatform::Completed generating the artifacts for system configuration atelier4_wrapper
TRACE::2025-02-22.11:03:45::SCWPlatform::Started preparing the platform 
TRACE::2025-02-22.11:03:45::SCWSystem::Writing the bif file for system config atelier4_wrapper
TRACE::2025-02-22.11:03:45::SCWSystem::dir created 
TRACE::2025-02-22.11:03:45::SCWSystem::Writing the bif 
TRACE::2025-02-22.11:03:45::SCWPlatform::Started writing the spfm file 
TRACE::2025-02-22.11:03:45::SCWPlatform::Started writing the xpfm file 
TRACE::2025-02-22.11:03:45::SCWPlatform::Completed generating the platform
TRACE::2025-02-22.11:03:45::SCWMssOS::Saving the mss changes C:/Travail/s4InfoAtelier4/atelier4_wrapper/zynq_fsbl/zynq_fsbl_bsp/system.mss
TRACE::2025-02-22.11:03:45::SCWMssOS::Found a swdesign opened with the mssfile.
TRACE::2025-02-22.11:03:45::SCWMssOS::Completed writemss as part of save.
TRACE::2025-02-22.11:03:45::SCWMssOS::Commit changes completed.
TRACE::2025-02-22.11:03:45::SCWMssOS::Saving the mss changes C:/Travail/s4InfoAtelier4/atelier4_wrapper/ps7_cortexa9_0/standalone_ps7_cortexa9_0/bsp/system.mss
TRACE::2025-02-22.11:03:45::SCWMssOS::Found a swdesign opened with the mssfile.
TRACE::2025-02-22.11:03:45::SCWMssOS::Completed writemss as part of save.
TRACE::2025-02-22.11:03:45::SCWMssOS::Commit changes completed.
TRACE::2025-02-22.11:03:45::SCWPlatform::Trying to open the hw design at C:/Travail/s4InfoAtelier4/atelier4_wrapper/hw/atelier4_wrapper.xsa
TRACE::2025-02-22.11:03:45::SCWPlatform::DSA given C:/Travail/s4InfoAtelier4/atelier4_wrapper/hw/atelier4_wrapper.xsa
TRACE::2025-02-22.11:03:45::SCWPlatform::DSA absoulate path C:/Travail/s4InfoAtelier4/atelier4_wrapper/hw/atelier4_wrapper.xsa
TRACE::2025-02-22.11:03:45::SCWPlatform::DSA directory C:/Travail/s4InfoAtelier4/atelier4_wrapper/hw
TRACE::2025-02-22.11:03:45::SCWPlatform:: Platform Path C:/Travail/s4InfoAtelier4/atelier4_wrapper/hw/atelier4_wrapper.xsa
TRACE::2025-02-22.11:03:45::SCWPlatform:: Unique name xilinx:zybo-z7-10::0.0
TRACE::2025-02-22.11:03:45::SCWPlatform::Trying to set the existing hwdb with name atelier4_wrapper
TRACE::2025-02-22.11:03:45::SCWPlatform::Opened existing hwdb atelier4_wrapper
TRACE::2025-02-22.11:03:45::SCWPlatform::Found the Hw Db part of the input DSA
TRACE::2025-02-22.11:03:45::SCWMssOS::Checking the sw design at  C:/Travail/s4InfoAtelier4/atelier4_wrapper/zynq_fsbl/zynq_fsbl_bsp/system.mss
TRACE::2025-02-22.11:03:45::SCWMssOS::DEBUG:  swdes dump  C:/Travail/s4InfoAtelier4/atelier4_wrapper/ps7_cortexa9_0/standalone_ps7_cortexa9_0/bsp/system.mss|system_0||
C:/Travail/s4InfoAtelier4/atelier4_wrapper/zynq_fsbl/zynq_fsbl_bsp/system.mss|system||

TRACE::2025-02-22.11:03:45::SCWMssOS::Sw design exists and opened at  C:/Travail/s4InfoAtelier4/atelier4_wrapper/zynq_fsbl/zynq_fsbl_bsp/system.mss
TRACE::2025-02-22.11:03:45::SCWPlatform::Trying to open the hw design at C:/Travail/s4InfoAtelier4/atelier4_wrapper/hw/atelier4_wrapper.xsa
TRACE::2025-02-22.11:03:45::SCWPlatform::DSA given C:/Travail/s4InfoAtelier4/atelier4_wrapper/hw/atelier4_wrapper.xsa
TRACE::2025-02-22.11:03:45::SCWPlatform::DSA absoulate path C:/Travail/s4InfoAtelier4/atelier4_wrapper/hw/atelier4_wrapper.xsa
TRACE::2025-02-22.11:03:45::SCWPlatform::DSA directory C:/Travail/s4InfoAtelier4/atelier4_wrapper/hw
TRACE::2025-02-22.11:03:45::SCWPlatform:: Platform Path C:/Travail/s4InfoAtelier4/atelier4_wrapper/hw/atelier4_wrapper.xsa
TRACE::2025-02-22.11:03:45::SCWPlatform:: Unique name xilinx:zybo-z7-10::0.0
TRACE::2025-02-22.11:03:45::SCWPlatform::Trying to set the existing hwdb with name atelier4_wrapper
TRACE::2025-02-22.11:03:45::SCWPlatform::Opened existing hwdb atelier4_wrapper
TRACE::2025-02-22.11:03:45::SCWPlatform::Found the Hw Db part of the input DSA
TRACE::2025-02-22.11:03:45::SCWMssOS::Checking the sw design at  C:/Travail/s4InfoAtelier4/atelier4_wrapper/ps7_cortexa9_0/standalone_ps7_cortexa9_0/bsp/system.mss
TRACE::2025-02-22.11:03:45::SCWMssOS::DEBUG:  swdes dump  C:/Travail/s4InfoAtelier4/atelier4_wrapper/ps7_cortexa9_0/standalone_ps7_cortexa9_0/bsp/system.mss|system_0||
C:/Travail/s4InfoAtelier4/atelier4_wrapper/zynq_fsbl/zynq_fsbl_bsp/system.mss|system||

TRACE::2025-02-22.11:03:45::SCWMssOS::Sw design exists and opened at  C:/Travail/s4InfoAtelier4/atelier4_wrapper/ps7_cortexa9_0/standalone_ps7_cortexa9_0/bsp/system.mss
TRACE::2025-02-22.11:03:45::SCWWriter::formatted JSON is {
	"platformName":	"atelier4_wrapper",
	"sprVersion":	"2.0",
	"mode":	"gui",
	"dsaType":	"Fixed",
	"platformDesc":	"atelier4_wrapper",
	"platHandOff":	"<platformDir>.xsa",
	"platIntHandOff":	"<platformDir>/hw/atelier4_wrapper.xsa",
	"deviceType":	"zynq",
	"platIsPrebuiltAutogen":	"false",
	"platIsNoBootBsp":	"false",
	"hasFsblMakeHasChanges":	"false",
	"hasPmufwMakeHasChanges":	"false",
	"fsblExtraCompilerFlags":	"-MMD -MP       -mcpu=cortex-a9 -mfpu=vfpv3 -mfloat-abi=hard ",
	"platPreBuiltFlag":	false,
	"platformSamplesDir":	"",
	"platActiveSys":	"atelier4_wrapper",
	"systems":	[{
			"systemName":	"atelier4_wrapper",
			"systemDesc":	"atelier4_wrapper",
			"sysIsBootAutoGen":	"true",
			"systemDispName":	"atelier4_wrapper",
			"sysActiveDom":	"standalone_ps7_cortexa9_0",
			"sysDefaultDom":	"standalone_ps7_cortexa9_0",
			"domains":	[{
					"domainName":	"zynq_fsbl",
					"domainDispName":	"zynq_fsbl",
					"domainDesc":	"FSBL Application BSP - Auto Generated.",
					"processors":	"ps7_cortexa9_0",
					"os":	"standalone",
					"sdxOs":	"standalone",
					"debugEnable":	"",
					"domRuntimes":	["cpp"],
					"swRepo":	"",
					"mssOsVer":	"7.3",
					"mssFile":	"",
					"md5Digest":	"0be5ea4ab905254957fadc8566944063",
					"compatibleApp":	"zynq_fsbl",
					"domType":	"bootDomain",
					"arch":	"32-bit",
					"appSettings":	{
						"appCompilerFlags":	"",
						"appLinkerFlags":	""
					},
					"addedLibs":	["xilffs:4.4", "xilrsa:1.6"],
					"libOptions":	{
						"libsContainingOptions":	[]
					},
					"prebuiltLibs":	{
						"prebuiltIncPath":	[],
						"prebuiltLibPath":	[]
					},
					"isolation":	{
					}
				}, {
					"domainName":	"standalone_ps7_cortexa9_0",
					"domainDispName":	"standalone_ps7_cortexa9_0",
					"domainDesc":	"standalone_ps7_cortexa9_0",
					"processors":	"ps7_cortexa9_0",
					"os":	"standalone",
					"sdxOs":	"standalone",
					"qemuArgs":	"C:/Xilinx/Vitis/2020.2/data/emulation/platforms/zynq/sw/a9_standalone/qemu/qemu_args.txt",
					"qemuData":	"C:/Xilinx/Vitis/2020.2/data/emulation/platforms/zynq/sw/a9_standalone/qemu/",
					"debugEnable":	"False",
					"domRuntimes":	["cpp"],
					"swRepo":	"",
					"mssOsVer":	"7.3",
					"mssFile":	"",
					"md5Digest":	"c7b67555032dc1ffe6b30962acb1207c",
					"compatibleApp":	"",
					"domType":	"mssDomain",
					"arch":	"32-bit",
					"appSettings":	{
						"appCompilerFlags":	"",
						"appLinkerFlags":	""
					},
					"addedLibs":	[],
					"libOptions":	{
						"libsContainingOptions":	[]
					},
					"prebuiltLibs":	{
						"prebuiltIncPath":	[],
						"prebuiltLibPath":	[]
					},
					"isolation":	{
					}
				}]
		}]
}
KEYINFO::2025-02-22.11:03:45::SCWPlatform::updated the xpfm file.
TRACE::2025-02-22.11:03:45::SCWPlatform::Trying to open the hw design at C:/Travail/s4InfoAtelier4/atelier4_wrapper/hw/atelier4_wrapper.xsa
TRACE::2025-02-22.11:03:45::SCWPlatform::DSA given C:/Travail/s4InfoAtelier4/atelier4_wrapper/hw/atelier4_wrapper.xsa
TRACE::2025-02-22.11:03:45::SCWPlatform::DSA absoulate path C:/Travail/s4InfoAtelier4/atelier4_wrapper/hw/atelier4_wrapper.xsa
TRACE::2025-02-22.11:03:45::SCWPlatform::DSA directory C:/Travail/s4InfoAtelier4/atelier4_wrapper/hw
TRACE::2025-02-22.11:03:45::SCWPlatform:: Platform Path C:/Travail/s4InfoAtelier4/atelier4_wrapper/hw/atelier4_wrapper.xsa
TRACE::2025-02-22.11:03:45::SCWPlatform:: Unique name xilinx:zybo-z7-10::0.0
TRACE::2025-02-22.11:03:45::SCWPlatform::Trying to set the existing hwdb with name atelier4_wrapper
TRACE::2025-02-22.11:03:45::SCWPlatform::Opened existing hwdb atelier4_wrapper
TRACE::2025-02-22.11:03:45::SCWPlatform::Found the Hw Db part of the input DSA
TRACE::2025-02-22.11:03:45::SCWMssOS::Checking the sw design at  C:/Travail/s4InfoAtelier4/atelier4_wrapper/ps7_cortexa9_0/standalone_ps7_cortexa9_0/bsp/system.mss
TRACE::2025-02-22.11:03:45::SCWMssOS::DEBUG:  swdes dump  C:/Travail/s4InfoAtelier4/atelier4_wrapper/ps7_cortexa9_0/standalone_ps7_cortexa9_0/bsp/system.mss|system_0||
C:/Travail/s4InfoAtelier4/atelier4_wrapper/zynq_fsbl/zynq_fsbl_bsp/system.mss|system||

TRACE::2025-02-22.11:03:45::SCWMssOS::Sw design exists and opened at  C:/Travail/s4InfoAtelier4/atelier4_wrapper/ps7_cortexa9_0/standalone_ps7_cortexa9_0/bsp/system.mss
TRACE::2025-03-11.12:54:58::SCWPlatform::Trying to open the hw design at D:/Travail/s4-projet/vivado/atelier4_wrapper/hw/atelier4_wrapper.xsa
TRACE::2025-03-11.12:54:58::SCWPlatform::DSA given D:/Travail/s4-projet/vivado/atelier4_wrapper/hw/atelier4_wrapper.xsa
TRACE::2025-03-11.12:54:58::SCWPlatform::DSA absoulate path D:/Travail/s4-projet/vivado/atelier4_wrapper/hw/atelier4_wrapper.xsa
TRACE::2025-03-11.12:55:01::SCWPlatform::DSA directory D:/Travail/s4-projet/vivado/atelier4_wrapper/hw
TRACE::2025-03-11.12:55:01::SCWPlatform:: Platform Path D:/Travail/s4-projet/vivado/atelier4_wrapper/hw/atelier4_wrapper.xsa
TRACE::2025-03-11.12:55:01::SCWPlatform:: Unique name xilinx:zybo-z7-10::0.0
TRACE::2025-03-11.12:55:01::SCWPlatform::Do not have an existing db opened. 
TRACE::2025-03-11.12:55:04::SCWPlatform::Opened new HwDB with name atelier4_wrapper
TRACE::2025-03-11.12:55:04::SCWReader::Active system found as  atelier4_wrapper
TRACE::2025-03-11.12:55:04::SCWReader::Handling sysconfig atelier4_wrapper
TRACE::2025-03-11.12:55:04::SCWDomain::checking for install qemu data   : 
TRACE::2025-03-11.12:55:04::SCWDomain:: Using the QEMU Data from install at  : C:/Xilinx/Vitis/2020.2/data/emulation/platforms/zynq/sw/a9_standalone/qemu/
TRACE::2025-03-11.12:55:04::SCWDomain:: Using the QEMU args  from install at  : C:/Xilinx/Vitis/2020.2/data/emulation/platforms/zynq/sw/a9_standalone/qemu/qemu_args.txt
TRACE::2025-03-11.12:55:04::SCWPlatform::Trying to open the hw design at D:/Travail/s4-projet/vivado/atelier4_wrapper/hw/atelier4_wrapper.xsa
TRACE::2025-03-11.12:55:04::SCWPlatform::DSA given D:/Travail/s4-projet/vivado/atelier4_wrapper/hw/atelier4_wrapper.xsa
TRACE::2025-03-11.12:55:04::SCWPlatform::DSA absoulate path D:/Travail/s4-projet/vivado/atelier4_wrapper/hw/atelier4_wrapper.xsa
TRACE::2025-03-11.12:55:04::SCWPlatform::DSA directory D:/Travail/s4-projet/vivado/atelier4_wrapper/hw
TRACE::2025-03-11.12:55:04::SCWPlatform:: Platform Path D:/Travail/s4-projet/vivado/atelier4_wrapper/hw/atelier4_wrapper.xsa
TRACE::2025-03-11.12:55:04::SCWPlatform:: Unique name xilinx:zybo-z7-10::0.0
TRACE::2025-03-11.12:55:04::SCWPlatform::Trying to set the existing hwdb with name atelier4_wrapper
TRACE::2025-03-11.12:55:04::SCWPlatform::Opened existing hwdb atelier4_wrapper
TRACE::2025-03-11.12:55:04::SCWPlatform::Found the Hw Db part of the input DSA
TRACE::2025-03-11.12:55:04::SCWPlatform::Trying to open the hw design at D:/Travail/s4-projet/vivado/atelier4_wrapper/hw/atelier4_wrapper.xsa
TRACE::2025-03-11.12:55:04::SCWPlatform::DSA given D:/Travail/s4-projet/vivado/atelier4_wrapper/hw/atelier4_wrapper.xsa
TRACE::2025-03-11.12:55:04::SCWPlatform::DSA absoulate path D:/Travail/s4-projet/vivado/atelier4_wrapper/hw/atelier4_wrapper.xsa
TRACE::2025-03-11.12:55:04::SCWPlatform::DSA directory D:/Travail/s4-projet/vivado/atelier4_wrapper/hw
TRACE::2025-03-11.12:55:04::SCWPlatform:: Platform Path D:/Travail/s4-projet/vivado/atelier4_wrapper/hw/atelier4_wrapper.xsa
TRACE::2025-03-11.12:55:04::SCWPlatform:: Unique name xilinx:zybo-z7-10::0.0
TRACE::2025-03-11.12:55:04::SCWPlatform::Trying to set the existing hwdb with name atelier4_wrapper
TRACE::2025-03-11.12:55:04::SCWPlatform::Opened existing hwdb atelier4_wrapper
TRACE::2025-03-11.12:55:04::SCWPlatform::Found the Hw Db part of the input DSA
TRACE::2025-03-11.12:55:04::SCWPlatform::Trying to open the hw design at D:/Travail/s4-projet/vivado/atelier4_wrapper/hw/atelier4_wrapper.xsa
TRACE::2025-03-11.12:55:04::SCWPlatform::DSA given D:/Travail/s4-projet/vivado/atelier4_wrapper/hw/atelier4_wrapper.xsa
TRACE::2025-03-11.12:55:04::SCWPlatform::DSA absoulate path D:/Travail/s4-projet/vivado/atelier4_wrapper/hw/atelier4_wrapper.xsa
TRACE::2025-03-11.12:55:04::SCWPlatform::DSA directory D:/Travail/s4-projet/vivado/atelier4_wrapper/hw
TRACE::2025-03-11.12:55:04::SCWPlatform:: Platform Path D:/Travail/s4-projet/vivado/atelier4_wrapper/hw/atelier4_wrapper.xsa
TRACE::2025-03-11.12:55:04::SCWPlatform:: Unique name xilinx:zybo-z7-10::0.0
TRACE::2025-03-11.12:55:04::SCWPlatform::Trying to set the existing hwdb with name atelier4_wrapper
TRACE::2025-03-11.12:55:04::SCWPlatform::Opened existing hwdb atelier4_wrapper
TRACE::2025-03-11.12:55:04::SCWPlatform::Found the Hw Db part of the input DSA
TRACE::2025-03-11.12:55:04::SCWReader::Boot application domain added for zynq_fsbl
TRACE::2025-03-11.12:55:04::SCWPlatform::Trying to open the hw design at D:/Travail/s4-projet/vivado/atelier4_wrapper/hw/atelier4_wrapper.xsa
TRACE::2025-03-11.12:55:04::SCWPlatform::DSA given D:/Travail/s4-projet/vivado/atelier4_wrapper/hw/atelier4_wrapper.xsa
TRACE::2025-03-11.12:55:04::SCWPlatform::DSA absoulate path D:/Travail/s4-projet/vivado/atelier4_wrapper/hw/atelier4_wrapper.xsa
TRACE::2025-03-11.12:55:04::SCWPlatform::DSA directory D:/Travail/s4-projet/vivado/atelier4_wrapper/hw
TRACE::2025-03-11.12:55:04::SCWPlatform:: Platform Path D:/Travail/s4-projet/vivado/atelier4_wrapper/hw/atelier4_wrapper.xsa
TRACE::2025-03-11.12:55:04::SCWPlatform:: Unique name xilinx:zybo-z7-10::0.0
TRACE::2025-03-11.12:55:04::SCWPlatform::Trying to set the existing hwdb with name atelier4_wrapper
TRACE::2025-03-11.12:55:04::SCWPlatform::Opened existing hwdb atelier4_wrapper
TRACE::2025-03-11.12:55:04::SCWPlatform::Found the Hw Db part of the input DSA
TRACE::2025-03-11.12:55:04::SCWMssOS::Checking the sw design at  D:/Travail/s4-projet/vivado/atelier4_wrapper/zynq_fsbl/zynq_fsbl_bsp/system.mss
TRACE::2025-03-11.12:55:04::SCWMssOS::DEBUG:  swdes dump  
TRACE::2025-03-11.12:55:04::SCWMssOS::No sw design opened at  D:/Travail/s4-projet/vivado/atelier4_wrapper/zynq_fsbl/zynq_fsbl_bsp/system.mss
TRACE::2025-03-11.12:55:04::SCWMssOS::mss exists loading the mss file  D:/Travail/s4-projet/vivado/atelier4_wrapper/zynq_fsbl/zynq_fsbl_bsp/system.mss
TRACE::2025-03-11.12:55:04::SCWMssOS::Opened the sw design from mss  D:/Travail/s4-projet/vivado/atelier4_wrapper/zynq_fsbl/zynq_fsbl_bsp/system.mss
TRACE::2025-03-11.12:55:04::SCWMssOS::Adding the swdes entry D:/Travail/s4-projet/vivado/atelier4_wrapper/zynq_fsbl/zynq_fsbl_bsp/system.mss with des name system
TRACE::2025-03-11.12:55:04::SCWMssOS::updating the scw layer about changes
TRACE::2025-03-11.12:55:04::SCWMssOS::Opened the sw design.  D:/Travail/s4-projet/vivado/atelier4_wrapper/zynq_fsbl/zynq_fsbl_bsp/system.mss
TRACE::2025-03-11.12:55:04::SCWPlatform::Trying to open the hw design at D:/Travail/s4-projet/vivado/atelier4_wrapper/hw/atelier4_wrapper.xsa
TRACE::2025-03-11.12:55:04::SCWPlatform::DSA given D:/Travail/s4-projet/vivado/atelier4_wrapper/hw/atelier4_wrapper.xsa
TRACE::2025-03-11.12:55:04::SCWPlatform::DSA absoulate path D:/Travail/s4-projet/vivado/atelier4_wrapper/hw/atelier4_wrapper.xsa
TRACE::2025-03-11.12:55:04::SCWPlatform::DSA directory D:/Travail/s4-projet/vivado/atelier4_wrapper/hw
TRACE::2025-03-11.12:55:04::SCWPlatform:: Platform Path D:/Travail/s4-projet/vivado/atelier4_wrapper/hw/atelier4_wrapper.xsa
TRACE::2025-03-11.12:55:04::SCWPlatform:: Unique name xilinx:zybo-z7-10::0.0
TRACE::2025-03-11.12:55:04::SCWPlatform::Trying to set the existing hwdb with name atelier4_wrapper
TRACE::2025-03-11.12:55:04::SCWPlatform::Opened existing hwdb atelier4_wrapper
TRACE::2025-03-11.12:55:04::SCWPlatform::Found the Hw Db part of the input DSA
TRACE::2025-03-11.12:55:04::SCWMssOS::Checking the sw design at  D:/Travail/s4-projet/vivado/atelier4_wrapper/zynq_fsbl/zynq_fsbl_bsp/system.mss
TRACE::2025-03-11.12:55:04::SCWMssOS::DEBUG:  swdes dump  D:/Travail/s4-projet/vivado/atelier4_wrapper/zynq_fsbl/zynq_fsbl_bsp/system.mss|system||

TRACE::2025-03-11.12:55:04::SCWMssOS::Sw design exists and opened at  D:/Travail/s4-projet/vivado/atelier4_wrapper/zynq_fsbl/zynq_fsbl_bsp/system.mss
TRACE::2025-03-11.12:55:04::SCWMssOS:: library already available in sw design:  xilffs:4.4
TRACE::2025-03-11.12:55:04::SCWPlatform::Trying to open the hw design at D:/Travail/s4-projet/vivado/atelier4_wrapper/hw/atelier4_wrapper.xsa
TRACE::2025-03-11.12:55:04::SCWPlatform::DSA given D:/Travail/s4-projet/vivado/atelier4_wrapper/hw/atelier4_wrapper.xsa
TRACE::2025-03-11.12:55:04::SCWPlatform::DSA absoulate path D:/Travail/s4-projet/vivado/atelier4_wrapper/hw/atelier4_wrapper.xsa
TRACE::2025-03-11.12:55:04::SCWPlatform::DSA directory D:/Travail/s4-projet/vivado/atelier4_wrapper/hw
TRACE::2025-03-11.12:55:04::SCWPlatform:: Platform Path D:/Travail/s4-projet/vivado/atelier4_wrapper/hw/atelier4_wrapper.xsa
TRACE::2025-03-11.12:55:04::SCWPlatform:: Unique name xilinx:zybo-z7-10::0.0
TRACE::2025-03-11.12:55:04::SCWPlatform::Trying to set the existing hwdb with name atelier4_wrapper
TRACE::2025-03-11.12:55:04::SCWPlatform::Opened existing hwdb atelier4_wrapper
TRACE::2025-03-11.12:55:04::SCWPlatform::Found the Hw Db part of the input DSA
TRACE::2025-03-11.12:55:04::SCWMssOS::Checking the sw design at  D:/Travail/s4-projet/vivado/atelier4_wrapper/zynq_fsbl/zynq_fsbl_bsp/system.mss
TRACE::2025-03-11.12:55:04::SCWMssOS::DEBUG:  swdes dump  D:/Travail/s4-projet/vivado/atelier4_wrapper/zynq_fsbl/zynq_fsbl_bsp/system.mss|system||

TRACE::2025-03-11.12:55:04::SCWMssOS::Sw design exists and opened at  D:/Travail/s4-projet/vivado/atelier4_wrapper/zynq_fsbl/zynq_fsbl_bsp/system.mss
TRACE::2025-03-11.12:55:04::SCWMssOS:: library already available in sw design:  xilrsa:1.6
TRACE::2025-03-11.12:55:04::SCWMssOS::Saving the mss changes D:/Travail/s4-projet/vivado/atelier4_wrapper/zynq_fsbl/zynq_fsbl_bsp/system.mss
TRACE::2025-03-11.12:55:04::SCWMssOS::Found a swdesign opened with the mssfile.
TRACE::2025-03-11.12:55:04::SCWMssOS::Completed writemss as part of save.
TRACE::2025-03-11.12:55:04::SCWMssOS::Commit changes completed.
TRACE::2025-03-11.12:55:04::SCWReader::Adding prebuilt librarypaths as   
TRACE::2025-03-11.12:55:04::SCWReader::Adding prebuilt incpaths  as   
TRACE::2025-03-11.12:55:04::SCWPlatform::Trying to open the hw design at D:/Travail/s4-projet/vivado/atelier4_wrapper/hw/atelier4_wrapper.xsa
TRACE::2025-03-11.12:55:04::SCWPlatform::DSA given D:/Travail/s4-projet/vivado/atelier4_wrapper/hw/atelier4_wrapper.xsa
TRACE::2025-03-11.12:55:04::SCWPlatform::DSA absoulate path D:/Travail/s4-projet/vivado/atelier4_wrapper/hw/atelier4_wrapper.xsa
TRACE::2025-03-11.12:55:04::SCWPlatform::DSA directory D:/Travail/s4-projet/vivado/atelier4_wrapper/hw
TRACE::2025-03-11.12:55:04::SCWPlatform:: Platform Path D:/Travail/s4-projet/vivado/atelier4_wrapper/hw/atelier4_wrapper.xsa
TRACE::2025-03-11.12:55:04::SCWPlatform:: Unique name xilinx:zybo-z7-10::0.0
TRACE::2025-03-11.12:55:04::SCWPlatform::Trying to set the existing hwdb with name atelier4_wrapper
TRACE::2025-03-11.12:55:04::SCWPlatform::Opened existing hwdb atelier4_wrapper
TRACE::2025-03-11.12:55:04::SCWPlatform::Found the Hw Db part of the input DSA
TRACE::2025-03-11.12:55:04::SCWMssOS::Checking the sw design at  D:/Travail/s4-projet/vivado/atelier4_wrapper/zynq_fsbl/zynq_fsbl_bsp/system.mss
TRACE::2025-03-11.12:55:04::SCWMssOS::DEBUG:  swdes dump  D:/Travail/s4-projet/vivado/atelier4_wrapper/zynq_fsbl/zynq_fsbl_bsp/system.mss|system||

TRACE::2025-03-11.12:55:04::SCWMssOS::Sw design exists and opened at  D:/Travail/s4-projet/vivado/atelier4_wrapper/zynq_fsbl/zynq_fsbl_bsp/system.mss
TRACE::2025-03-11.12:55:04::SCWReader::No isolation master present  
TRACE::2025-03-11.12:55:04::SCWDomain::checking for install qemu data   : 
TRACE::2025-03-11.12:55:04::SCWDomain:: Using the QEMU Data from install at  : C:/Xilinx/Vitis/2020.2/data/emulation/platforms/zynq/sw/a9_standalone/qemu/
TRACE::2025-03-11.12:55:04::SCWDomain:: Using the QEMU args  from install at  : C:/Xilinx/Vitis/2020.2/data/emulation/platforms/zynq/sw/a9_standalone/qemu/qemu_args.txt
TRACE::2025-03-11.12:55:04::SCWPlatform::Trying to open the hw design at D:/Travail/s4-projet/vivado/atelier4_wrapper/hw/atelier4_wrapper.xsa
TRACE::2025-03-11.12:55:04::SCWPlatform::DSA given D:/Travail/s4-projet/vivado/atelier4_wrapper/hw/atelier4_wrapper.xsa
TRACE::2025-03-11.12:55:04::SCWPlatform::DSA absoulate path D:/Travail/s4-projet/vivado/atelier4_wrapper/hw/atelier4_wrapper.xsa
TRACE::2025-03-11.12:55:04::SCWPlatform::DSA directory D:/Travail/s4-projet/vivado/atelier4_wrapper/hw
TRACE::2025-03-11.12:55:04::SCWPlatform:: Platform Path D:/Travail/s4-projet/vivado/atelier4_wrapper/hw/atelier4_wrapper.xsa
TRACE::2025-03-11.12:55:04::SCWPlatform:: Unique name xilinx:zybo-z7-10::0.0
TRACE::2025-03-11.12:55:04::SCWPlatform::Trying to set the existing hwdb with name atelier4_wrapper
TRACE::2025-03-11.12:55:04::SCWPlatform::Opened existing hwdb atelier4_wrapper
TRACE::2025-03-11.12:55:04::SCWPlatform::Found the Hw Db part of the input DSA
TRACE::2025-03-11.12:55:04::SCWPlatform::Trying to open the hw design at D:/Travail/s4-projet/vivado/atelier4_wrapper/hw/atelier4_wrapper.xsa
TRACE::2025-03-11.12:55:04::SCWPlatform::DSA given D:/Travail/s4-projet/vivado/atelier4_wrapper/hw/atelier4_wrapper.xsa
TRACE::2025-03-11.12:55:04::SCWPlatform::DSA absoulate path D:/Travail/s4-projet/vivado/atelier4_wrapper/hw/atelier4_wrapper.xsa
TRACE::2025-03-11.12:55:04::SCWPlatform::DSA directory D:/Travail/s4-projet/vivado/atelier4_wrapper/hw
TRACE::2025-03-11.12:55:04::SCWPlatform:: Platform Path D:/Travail/s4-projet/vivado/atelier4_wrapper/hw/atelier4_wrapper.xsa
TRACE::2025-03-11.12:55:04::SCWPlatform:: Unique name xilinx:zybo-z7-10::0.0
TRACE::2025-03-11.12:55:04::SCWPlatform::Trying to set the existing hwdb with name atelier4_wrapper
TRACE::2025-03-11.12:55:04::SCWPlatform::Opened existing hwdb atelier4_wrapper
TRACE::2025-03-11.12:55:04::SCWPlatform::Found the Hw Db part of the input DSA
TRACE::2025-03-11.12:55:04::SCWPlatform::Trying to open the hw design at D:/Travail/s4-projet/vivado/atelier4_wrapper/hw/atelier4_wrapper.xsa
TRACE::2025-03-11.12:55:04::SCWPlatform::DSA given D:/Travail/s4-projet/vivado/atelier4_wrapper/hw/atelier4_wrapper.xsa
TRACE::2025-03-11.12:55:04::SCWPlatform::DSA absoulate path D:/Travail/s4-projet/vivado/atelier4_wrapper/hw/atelier4_wrapper.xsa
TRACE::2025-03-11.12:55:04::SCWPlatform::DSA directory D:/Travail/s4-projet/vivado/atelier4_wrapper/hw
TRACE::2025-03-11.12:55:04::SCWPlatform:: Platform Path D:/Travail/s4-projet/vivado/atelier4_wrapper/hw/atelier4_wrapper.xsa
TRACE::2025-03-11.12:55:04::SCWPlatform:: Unique name xilinx:zybo-z7-10::0.0
TRACE::2025-03-11.12:55:04::SCWPlatform::Trying to set the existing hwdb with name atelier4_wrapper
TRACE::2025-03-11.12:55:04::SCWPlatform::Opened existing hwdb atelier4_wrapper
TRACE::2025-03-11.12:55:04::SCWPlatform::Found the Hw Db part of the input DSA
TRACE::2025-03-11.12:55:04::SCWMssOS::Checking the sw design at  D:/Travail/s4-projet/vivado/atelier4_wrapper/ps7_cortexa9_0/standalone_ps7_cortexa9_0/bsp/system.mss
TRACE::2025-03-11.12:55:04::SCWMssOS::DEBUG:  swdes dump  D:/Travail/s4-projet/vivado/atelier4_wrapper/zynq_fsbl/zynq_fsbl_bsp/system.mss|system||

TRACE::2025-03-11.12:55:04::SCWMssOS::No sw design opened at  D:/Travail/s4-projet/vivado/atelier4_wrapper/ps7_cortexa9_0/standalone_ps7_cortexa9_0/bsp/system.mss
TRACE::2025-03-11.12:55:04::SCWMssOS::mss exists loading the mss file  D:/Travail/s4-projet/vivado/atelier4_wrapper/ps7_cortexa9_0/standalone_ps7_cortexa9_0/bsp/system.mss
TRACE::2025-03-11.12:55:04::SCWMssOS::Opened the sw design from mss  D:/Travail/s4-projet/vivado/atelier4_wrapper/ps7_cortexa9_0/standalone_ps7_cortexa9_0/bsp/system.mss
TRACE::2025-03-11.12:55:04::SCWMssOS::Adding the swdes entry D:/Travail/s4-projet/vivado/atelier4_wrapper/ps7_cortexa9_0/standalone_ps7_cortexa9_0/bsp/system.mss with des name system_0
TRACE::2025-03-11.12:55:04::SCWMssOS::updating the scw layer about changes
TRACE::2025-03-11.12:55:04::SCWMssOS::Opened the sw design.  D:/Travail/s4-projet/vivado/atelier4_wrapper/ps7_cortexa9_0/standalone_ps7_cortexa9_0/bsp/system.mss
TRACE::2025-03-11.12:55:04::SCWMssOS::Saving the mss changes D:/Travail/s4-projet/vivado/atelier4_wrapper/ps7_cortexa9_0/standalone_ps7_cortexa9_0/bsp/system.mss
TRACE::2025-03-11.12:55:04::SCWMssOS::Found a swdesign opened with the mssfile.
TRACE::2025-03-11.12:55:04::SCWMssOS::Completed writemss as part of save.
TRACE::2025-03-11.12:55:04::SCWMssOS::Commit changes completed.
TRACE::2025-03-11.12:55:04::SCWReader::Adding prebuilt librarypaths as   
TRACE::2025-03-11.12:55:04::SCWReader::Adding prebuilt incpaths  as   
TRACE::2025-03-11.12:55:04::SCWPlatform::Trying to open the hw design at D:/Travail/s4-projet/vivado/atelier4_wrapper/hw/atelier4_wrapper.xsa
TRACE::2025-03-11.12:55:04::SCWPlatform::DSA given D:/Travail/s4-projet/vivado/atelier4_wrapper/hw/atelier4_wrapper.xsa
TRACE::2025-03-11.12:55:04::SCWPlatform::DSA absoulate path D:/Travail/s4-projet/vivado/atelier4_wrapper/hw/atelier4_wrapper.xsa
TRACE::2025-03-11.12:55:04::SCWPlatform::DSA directory D:/Travail/s4-projet/vivado/atelier4_wrapper/hw
TRACE::2025-03-11.12:55:04::SCWPlatform:: Platform Path D:/Travail/s4-projet/vivado/atelier4_wrapper/hw/atelier4_wrapper.xsa
TRACE::2025-03-11.12:55:04::SCWPlatform:: Unique name xilinx:zybo-z7-10::0.0
TRACE::2025-03-11.12:55:04::SCWPlatform::Trying to set the existing hwdb with name atelier4_wrapper
TRACE::2025-03-11.12:55:04::SCWPlatform::Opened existing hwdb atelier4_wrapper
TRACE::2025-03-11.12:55:04::SCWPlatform::Found the Hw Db part of the input DSA
TRACE::2025-03-11.12:55:04::SCWMssOS::Checking the sw design at  D:/Travail/s4-projet/vivado/atelier4_wrapper/ps7_cortexa9_0/standalone_ps7_cortexa9_0/bsp/system.mss
TRACE::2025-03-11.12:55:04::SCWMssOS::DEBUG:  swdes dump  D:/Travail/s4-projet/vivado/atelier4_wrapper/ps7_cortexa9_0/standalone_ps7_cortexa9_0/bsp/system.mss|system_0||
D:/Travail/s4-projet/vivado/atelier4_wrapper/zynq_fsbl/zynq_fsbl_bsp/system.mss|system||

TRACE::2025-03-11.12:55:04::SCWMssOS::Sw design exists and opened at  D:/Travail/s4-projet/vivado/atelier4_wrapper/ps7_cortexa9_0/standalone_ps7_cortexa9_0/bsp/system.mss
TRACE::2025-03-11.12:55:04::SCWReader::No isolation master present  
LOG::2025-03-11.12:55:04::SCWPlatform::Started generating the artifacts platform atelier4_wrapper
TRACE::2025-03-11.12:55:04::SCWPlatform::Sanity checking of platform is completed
LOG::2025-03-11.12:55:04::SCWPlatform::Started generating the artifacts for system configuration atelier4_wrapper
LOG::2025-03-11.12:55:04::SCWSystem::Checking the domain zynq_fsbl
LOG::2025-03-11.12:55:04::SCWSystem::Doing application build for :  zynq_fsbl
TRACE::2025-03-11.12:55:04::SCWBDomain::Not a forced makefile updation, No changes are present. 
TRACE::2025-03-11.12:55:04::SCWDomain::Building the domain as part of full build :  zynq_fsbl
TRACE::2025-03-11.12:55:04::SCWPlatform::Trying to open the hw design at D:/Travail/s4-projet/vivado/atelier4_wrapper/hw/atelier4_wrapper.xsa
TRACE::2025-03-11.12:55:04::SCWPlatform::DSA given D:/Travail/s4-projet/vivado/atelier4_wrapper/hw/atelier4_wrapper.xsa
TRACE::2025-03-11.12:55:04::SCWPlatform::DSA absoulate path D:/Travail/s4-projet/vivado/atelier4_wrapper/hw/atelier4_wrapper.xsa
TRACE::2025-03-11.12:55:04::SCWPlatform::DSA directory D:/Travail/s4-projet/vivado/atelier4_wrapper/hw
TRACE::2025-03-11.12:55:04::SCWPlatform:: Platform Path D:/Travail/s4-projet/vivado/atelier4_wrapper/hw/atelier4_wrapper.xsa
TRACE::2025-03-11.12:55:04::SCWPlatform:: Unique name xilinx:zybo-z7-10::0.0
TRACE::2025-03-11.12:55:04::SCWPlatform::Trying to set the existing hwdb with name atelier4_wrapper
TRACE::2025-03-11.12:55:04::SCWPlatform::Opened existing hwdb atelier4_wrapper
TRACE::2025-03-11.12:55:04::SCWPlatform::Found the Hw Db part of the input DSA
TRACE::2025-03-11.12:55:04::SCWMssOS::Checking the sw design at  D:/Travail/s4-projet/vivado/atelier4_wrapper/zynq_fsbl/zynq_fsbl_bsp/system.mss
TRACE::2025-03-11.12:55:04::SCWMssOS::DEBUG:  swdes dump  D:/Travail/s4-projet/vivado/atelier4_wrapper/ps7_cortexa9_0/standalone_ps7_cortexa9_0/bsp/system.mss|system_0||
D:/Travail/s4-projet/vivado/atelier4_wrapper/zynq_fsbl/zynq_fsbl_bsp/system.mss|system||

TRACE::2025-03-11.12:55:04::SCWMssOS::Sw design exists and opened at  D:/Travail/s4-projet/vivado/atelier4_wrapper/zynq_fsbl/zynq_fsbl_bsp/system.mss
TRACE::2025-03-11.12:55:04::SCWBDomain::Completed writing the mss file at D:/Travail/s4-projet/vivado/atelier4_wrapper/zynq_fsbl/zynq_fsbl_bsp
TRACE::2025-03-11.12:55:04::SCWBDomain::bsp generated is upto date with the mss file. Skipping bsp generation.
TRACE::2025-03-11.12:55:04::SCWBDomain::Not a forced makefile updation, No changes are present. 
TRACE::2025-03-11.12:55:04::SCWBDomain::System Command Ran  D:&  cd  D:/Travail/s4-projet/vivado/atelier4_wrapper/zynq_fsbl& make -C  zynq_fsbl_bsp & make 
TRACE::2025-03-11.12:55:06::SCWBDomain::make: Entering directory 'D:/Travail/s4-projet/vivado/atelier4_wrapper/zynq_fsbl/zynq_fsbl_bsp'

TRACE::2025-03-11.12:55:06::SCWBDomain::make --no-print-directory seq_libs

TRACE::2025-03-11.12:55:06::SCWBDomain::"Running Make include in ps7_cortexa9_0/libsrc/axis_switch_v1_4/src"

TRACE::2025-03-11.12:55:06::SCWBDomain::make -C ps7_cortexa9_0/libsrc/axis_switch_v1_4/src -s include  "SHELL=CMD" "COMPILER=arm-none-eabi-gcc" "ASSEMBLER=arm-none-eab
TRACE::2025-03-11.12:55:06::SCWBDomain::i-as" "ARCHIVER=arm-none-eabi-ar" "COMPILER_FLAGS=  -O2 -c" "EXTRA_COMPILER_FLAGS=-mcpu=cortex-a9 -mfpu=vfpv3 -mfloat-abi=hard 
TRACE::2025-03-11.12:55:06::SCWBDomain::-nostartfiles -g -Wall -Wextra"

TRACE::2025-03-11.12:55:06::SCWBDomain::"Running Make include in ps7_cortexa9_0/libsrc/axivdma_v6_8/src"

TRACE::2025-03-11.12:55:06::SCWBDomain::make -C ps7_cortexa9_0/libsrc/axivdma_v6_8/src -s include  "SHELL=CMD" "COMPILER=arm-none-eabi-gcc" "ASSEMBLER=arm-none-eabi-as
TRACE::2025-03-11.12:55:06::SCWBDomain::" "ARCHIVER=arm-none-eabi-ar" "COMPILER_FLAGS=  -O2 -c" "EXTRA_COMPILER_FLAGS=-mcpu=cortex-a9 -mfpu=vfpv3 -mfloat-abi=hard -nos
TRACE::2025-03-11.12:55:06::SCWBDomain::tartfiles -g -Wall -Wextra"

TRACE::2025-03-11.12:55:06::SCWBDomain::"Running Make include in ps7_cortexa9_0/libsrc/coresightps_dcc_v1_8/src"

TRACE::2025-03-11.12:55:06::SCWBDomain::make -C ps7_cortexa9_0/libsrc/coresightps_dcc_v1_8/src -s include  "SHELL=CMD" "COMPILER=arm-none-eabi-gcc" "ASSEMBLER=arm-none
TRACE::2025-03-11.12:55:06::SCWBDomain::-eabi-as" "ARCHIVER=arm-none-eabi-ar" "COMPILER_FLAGS=  -O2 -c" "EXTRA_COMPILER_FLAGS=-mcpu=cortex-a9 -mfpu=vfpv3 -mfloat-abi=h
TRACE::2025-03-11.12:55:06::SCWBDomain::ard -nostartfiles -g -Wall -Wextra"

TRACE::2025-03-11.12:55:06::SCWBDomain::"Running Make include in ps7_cortexa9_0/libsrc/cpu_cortexa9_v2_10/src"

TRACE::2025-03-11.12:55:06::SCWBDomain::make -C ps7_cortexa9_0/libsrc/cpu_cortexa9_v2_10/src -s include  "SHELL=CMD" "COMPILER=arm-none-eabi-gcc" "ASSEMBLER=arm-none-e
TRACE::2025-03-11.12:55:06::SCWBDomain::abi-as" "ARCHIVER=arm-none-eabi-ar" "COMPILER_FLAGS=  -O2 -c" "EXTRA_COMPILER_FLAGS=-mcpu=cortex-a9 -mfpu=vfpv3 -mfloat-abi=har
TRACE::2025-03-11.12:55:06::SCWBDomain::d -nostartfiles -g -Wall -Wextra"

TRACE::2025-03-11.12:55:06::SCWBDomain::"Running Make include in ps7_cortexa9_0/libsrc/ddrps_v1_2/src"

TRACE::2025-03-11.12:55:06::SCWBDomain::make -C ps7_cortexa9_0/libsrc/ddrps_v1_2/src -s include  "SHELL=CMD" "COMPILER=arm-none-eabi-gcc" "ASSEMBLER=arm-none-eabi-as" 
TRACE::2025-03-11.12:55:06::SCWBDomain::"ARCHIVER=arm-none-eabi-ar" "COMPILER_FLAGS=  -O2 -c" "EXTRA_COMPILER_FLAGS=-mcpu=cortex-a9 -mfpu=vfpv3 -mfloat-abi=hard -nosta
TRACE::2025-03-11.12:55:06::SCWBDomain::rtfiles -g -Wall -Wextra"

TRACE::2025-03-11.12:55:06::SCWBDomain::"Running Make include in ps7_cortexa9_0/libsrc/devcfg_v3_7/src"

TRACE::2025-03-11.12:55:06::SCWBDomain::make -C ps7_cortexa9_0/libsrc/devcfg_v3_7/src -s include  "SHELL=CMD" "COMPILER=arm-none-eabi-gcc" "ASSEMBLER=arm-none-eabi-as"
TRACE::2025-03-11.12:55:06::SCWBDomain:: "ARCHIVER=arm-none-eabi-ar" "COMPILER_FLAGS=  -O2 -c" "EXTRA_COMPILER_FLAGS=-mcpu=cortex-a9 -mfpu=vfpv3 -mfloat-abi=hard -nost
TRACE::2025-03-11.12:55:06::SCWBDomain::artfiles -g -Wall -Wextra"

TRACE::2025-03-11.12:55:06::SCWBDomain::"Running Make include in ps7_cortexa9_0/libsrc/dmaps_v2_7/src"

TRACE::2025-03-11.12:55:06::SCWBDomain::make -C ps7_cortexa9_0/libsrc/dmaps_v2_7/src -s include  "SHELL=CMD" "COMPILER=arm-none-eabi-gcc" "ASSEMBLER=arm-none-eabi-as" 
TRACE::2025-03-11.12:55:06::SCWBDomain::"ARCHIVER=arm-none-eabi-ar" "COMPILER_FLAGS=  -O2 -c" "EXTRA_COMPILER_FLAGS=-mcpu=cortex-a9 -mfpu=vfpv3 -mfloat-abi=hard -nosta
TRACE::2025-03-11.12:55:06::SCWBDomain::rtfiles -g -Wall -Wextra"

TRACE::2025-03-11.12:55:06::SCWBDomain::"Running Make include in ps7_cortexa9_0/libsrc/emacps_v3_12/src"

TRACE::2025-03-11.12:55:06::SCWBDomain::make -C ps7_cortexa9_0/libsrc/emacps_v3_12/src -s include  "SHELL=CMD" "COMPILER=arm-none-eabi-gcc" "ASSEMBLER=arm-none-eabi-as
TRACE::2025-03-11.12:55:06::SCWBDomain::" "ARCHIVER=arm-none-eabi-ar" "COMPILER_FLAGS=  -O2 -c" "EXTRA_COMPILER_FLAGS=-mcpu=cortex-a9 -mfpu=vfpv3 -mfloat-abi=hard -nos
TRACE::2025-03-11.12:55:06::SCWBDomain::tartfiles -g -Wall -Wextra"

TRACE::2025-03-11.12:55:07::SCWBDomain::"Running Make include in ps7_cortexa9_0/libsrc/gpiops_v3_8/src"

TRACE::2025-03-11.12:55:07::SCWBDomain::make -C ps7_cortexa9_0/libsrc/gpiops_v3_8/src -s include  "SHELL=CMD" "COMPILER=arm-none-eabi-gcc" "ASSEMBLER=arm-none-eabi-as"
TRACE::2025-03-11.12:55:07::SCWBDomain:: "ARCHIVER=arm-none-eabi-ar" "COMPILER_FLAGS=  -O2 -c" "EXTRA_COMPILER_FLAGS=-mcpu=cortex-a9 -mfpu=vfpv3 -mfloat-abi=hard -nost
TRACE::2025-03-11.12:55:07::SCWBDomain::artfiles -g -Wall -Wextra"

TRACE::2025-03-11.12:55:07::SCWBDomain::"Running Make include in ps7_cortexa9_0/libsrc/gpio_v4_7/src"

TRACE::2025-03-11.12:55:07::SCWBDomain::make -C ps7_cortexa9_0/libsrc/gpio_v4_7/src -s include  "SHELL=CMD" "COMPILER=arm-none-eabi-gcc" "ASSEMBLER=arm-none-eabi-as" "
TRACE::2025-03-11.12:55:07::SCWBDomain::ARCHIVER=arm-none-eabi-ar" "COMPILER_FLAGS=  -O2 -c" "EXTRA_COMPILER_FLAGS=-mcpu=cortex-a9 -mfpu=vfpv3 -mfloat-abi=hard -nostar
TRACE::2025-03-11.12:55:07::SCWBDomain::tfiles -g -Wall -Wextra"

TRACE::2025-03-11.12:55:07::SCWBDomain::"Running Make include in ps7_cortexa9_0/libsrc/mycolorRegister_v1_0/src"

TRACE::2025-03-11.12:55:07::SCWBDomain::make -C ps7_cortexa9_0/libsrc/mycolorRegister_v1_0/src -s include  "SHELL=CMD" "COMPILER=arm-none-eabi-gcc" "ASSEMBLER=arm-none
TRACE::2025-03-11.12:55:07::SCWBDomain::-eabi-as" "ARCHIVER=arm-none-eabi-ar" "COMPILER_FLAGS=  -O2 -c" "EXTRA_COMPILER_FLAGS=-mcpu=cortex-a9 -mfpu=vfpv3 -mfloat-abi=h
TRACE::2025-03-11.12:55:07::SCWBDomain::ard -nostartfiles -g -Wall -Wextra"

TRACE::2025-03-11.12:55:07::SCWBDomain::"Running Make include in ps7_cortexa9_0/libsrc/pixelDataToVideoStream_v1_0/src"

TRACE::2025-03-11.12:55:07::SCWBDomain::make -C ps7_cortexa9_0/libsrc/pixelDataToVideoStream_v1_0/src -s include  "SHELL=CMD" "COMPILER=arm-none-eabi-gcc" "ASSEMBLER=a
TRACE::2025-03-11.12:55:07::SCWBDomain::rm-none-eabi-as" "ARCHIVER=arm-none-eabi-ar" "COMPILER_FLAGS=  -O2 -c" "EXTRA_COMPILER_FLAGS=-mcpu=cortex-a9 -mfpu=vfpv3 -mfloa
TRACE::2025-03-11.12:55:07::SCWBDomain::t-abi=hard -nostartfiles -g -Wall -Wextra"

TRACE::2025-03-11.12:55:07::SCWBDomain::"Running Make include in ps7_cortexa9_0/libsrc/qspips_v3_8/src"

TRACE::2025-03-11.12:55:07::SCWBDomain::make -C ps7_cortexa9_0/libsrc/qspips_v3_8/src -s include  "SHELL=CMD" "COMPILER=arm-none-eabi-gcc" "ASSEMBLER=arm-none-eabi-as"
TRACE::2025-03-11.12:55:07::SCWBDomain:: "ARCHIVER=arm-none-eabi-ar" "COMPILER_FLAGS=  -O2 -c" "EXTRA_COMPILER_FLAGS=-mcpu=cortex-a9 -mfpu=vfpv3 -mfloat-abi=hard -nost
TRACE::2025-03-11.12:55:07::SCWBDomain::artfiles -g -Wall -Wextra"

TRACE::2025-03-11.12:55:07::SCWBDomain::"Running Make include in ps7_cortexa9_0/libsrc/scugic_v4_3/src"

TRACE::2025-03-11.12:55:07::SCWBDomain::make -C ps7_cortexa9_0/libsrc/scugic_v4_3/src -s include  "SHELL=CMD" "COMPILER=arm-none-eabi-gcc" "ASSEMBLER=arm-none-eabi-as"
TRACE::2025-03-11.12:55:07::SCWBDomain:: "ARCHIVER=arm-none-eabi-ar" "COMPILER_FLAGS=  -O2 -c" "EXTRA_COMPILER_FLAGS=-mcpu=cortex-a9 -mfpu=vfpv3 -mfloat-abi=hard -nost
TRACE::2025-03-11.12:55:07::SCWBDomain::artfiles -g -Wall -Wextra"

TRACE::2025-03-11.12:55:07::SCWBDomain::"Running Make include in ps7_cortexa9_0/libsrc/scutimer_v2_3/src"

TRACE::2025-03-11.12:55:07::SCWBDomain::make -C ps7_cortexa9_0/libsrc/scutimer_v2_3/src -s include  "SHELL=CMD" "COMPILER=arm-none-eabi-gcc" "ASSEMBLER=arm-none-eabi-a
TRACE::2025-03-11.12:55:07::SCWBDomain::s" "ARCHIVER=arm-none-eabi-ar" "COMPILER_FLAGS=  -O2 -c" "EXTRA_COMPILER_FLAGS=-mcpu=cortex-a9 -mfpu=vfpv3 -mfloat-abi=hard -no
TRACE::2025-03-11.12:55:07::SCWBDomain::startfiles -g -Wall -Wextra"

TRACE::2025-03-11.12:55:08::SCWBDomain::"Running Make include in ps7_cortexa9_0/libsrc/scuwdt_v2_3/src"

TRACE::2025-03-11.12:55:08::SCWBDomain::make -C ps7_cortexa9_0/libsrc/scuwdt_v2_3/src -s include  "SHELL=CMD" "COMPILER=arm-none-eabi-gcc" "ASSEMBLER=arm-none-eabi-as"
TRACE::2025-03-11.12:55:08::SCWBDomain:: "ARCHIVER=arm-none-eabi-ar" "COMPILER_FLAGS=  -O2 -c" "EXTRA_COMPILER_FLAGS=-mcpu=cortex-a9 -mfpu=vfpv3 -mfloat-abi=hard -nost
TRACE::2025-03-11.12:55:08::SCWBDomain::artfiles -g -Wall -Wextra"

TRACE::2025-03-11.12:55:08::SCWBDomain::"Running Make include in ps7_cortexa9_0/libsrc/sdps_v3_10/src"

TRACE::2025-03-11.12:55:08::SCWBDomain::make -C ps7_cortexa9_0/libsrc/sdps_v3_10/src -s include  "SHELL=CMD" "COMPILER=arm-none-eabi-gcc" "ASSEMBLER=arm-none-eabi-as" 
TRACE::2025-03-11.12:55:08::SCWBDomain::"ARCHIVER=arm-none-eabi-ar" "COMPILER_FLAGS=  -O2 -c" "EXTRA_COMPILER_FLAGS=-mcpu=cortex-a9 -mfpu=vfpv3 -mfloat-abi=hard -nosta
TRACE::2025-03-11.12:55:08::SCWBDomain::rtfiles -g -Wall -Wextra"

TRACE::2025-03-11.12:55:08::SCWBDomain::"Running Make include in ps7_cortexa9_0/libsrc/standalone_v7_3/src"

TRACE::2025-03-11.12:55:08::SCWBDomain::make -C ps7_cortexa9_0/libsrc/standalone_v7_3/src -s include  "SHELL=CMD" "COMPILER=arm-none-eabi-gcc" "ASSEMBLER=arm-none-eabi
TRACE::2025-03-11.12:55:08::SCWBDomain::-as" "ARCHIVER=arm-none-eabi-ar" "COMPILER_FLAGS=  -O2 -c" "EXTRA_COMPILER_FLAGS=-mcpu=cortex-a9 -mfpu=vfpv3 -mfloat-abi=hard -
TRACE::2025-03-11.12:55:08::SCWBDomain::nostartfiles -g -Wall -Wextra"

TRACE::2025-03-11.12:55:08::SCWBDomain::"Running Make include in ps7_cortexa9_0/libsrc/uartps_v3_10/src"

TRACE::2025-03-11.12:55:08::SCWBDomain::make -C ps7_cortexa9_0/libsrc/uartps_v3_10/src -s include  "SHELL=CMD" "COMPILER=arm-none-eabi-gcc" "ASSEMBLER=arm-none-eabi-as
TRACE::2025-03-11.12:55:08::SCWBDomain::" "ARCHIVER=arm-none-eabi-ar" "COMPILER_FLAGS=  -O2 -c" "EXTRA_COMPILER_FLAGS=-mcpu=cortex-a9 -mfpu=vfpv3 -mfloat-abi=hard -nos
TRACE::2025-03-11.12:55:08::SCWBDomain::tartfiles -g -Wall -Wextra"

TRACE::2025-03-11.12:55:09::SCWBDomain::"Running Make include in ps7_cortexa9_0/libsrc/usbps_v2_6/src"

TRACE::2025-03-11.12:55:09::SCWBDomain::make -C ps7_cortexa9_0/libsrc/usbps_v2_6/src -s include  "SHELL=CMD" "COMPILER=arm-none-eabi-gcc" "ASSEMBLER=arm-none-eabi-as" 
TRACE::2025-03-11.12:55:09::SCWBDomain::"ARCHIVER=arm-none-eabi-ar" "COMPILER_FLAGS=  -O2 -c" "EXTRA_COMPILER_FLAGS=-mcpu=cortex-a9 -mfpu=vfpv3 -mfloat-abi=hard -nosta
TRACE::2025-03-11.12:55:09::SCWBDomain::rtfiles -g -Wall -Wextra"

TRACE::2025-03-11.12:55:09::SCWBDomain::"Running Make include in ps7_cortexa9_0/libsrc/video_common_v4_10/src"

TRACE::2025-03-11.12:55:09::SCWBDomain::make -C ps7_cortexa9_0/libsrc/video_common_v4_10/src -s include  "SHELL=CMD" "COMPILER=arm-none-eabi-gcc" "ASSEMBLER=arm-none-e
TRACE::2025-03-11.12:55:09::SCWBDomain::abi-as" "ARCHIVER=arm-none-eabi-ar" "COMPILER_FLAGS=  -O2 -c" "EXTRA_COMPILER_FLAGS=-mcpu=cortex-a9 -mfpu=vfpv3 -mfloat-abi=har
TRACE::2025-03-11.12:55:09::SCWBDomain::d -nostartfiles -g -Wall -Wextra"

TRACE::2025-03-11.12:55:09::SCWBDomain::"Running Make include in ps7_cortexa9_0/libsrc/vprocss_v2_8/src"

TRACE::2025-03-11.12:55:09::SCWBDomain::make -C ps7_cortexa9_0/libsrc/vprocss_v2_8/src -s include  "SHELL=CMD" "COMPILER=arm-none-eabi-gcc" "ASSEMBLER=arm-none-eabi-as
TRACE::2025-03-11.12:55:09::SCWBDomain::" "ARCHIVER=arm-none-eabi-ar" "COMPILER_FLAGS=  -O2 -c" "EXTRA_COMPILER_FLAGS=-mcpu=cortex-a9 -mfpu=vfpv3 -mfloat-abi=hard -nos
TRACE::2025-03-11.12:55:09::SCWBDomain::tartfiles -g -Wall -Wextra"

TRACE::2025-03-11.12:55:09::SCWBDomain::"Running Make include in ps7_cortexa9_0/libsrc/v_csc_v2_5/src"

TRACE::2025-03-11.12:55:09::SCWBDomain::make -C ps7_cortexa9_0/libsrc/v_csc_v2_5/src -s include  "SHELL=CMD" "COMPILER=arm-none-eabi-gcc" "ASSEMBLER=arm-none-eabi-as" 
TRACE::2025-03-11.12:55:09::SCWBDomain::"ARCHIVER=arm-none-eabi-ar" "COMPILER_FLAGS=  -O2 -c" "EXTRA_COMPILER_FLAGS=-mcpu=cortex-a9 -mfpu=vfpv3 -mfloat-abi=hard -nosta
TRACE::2025-03-11.12:55:09::SCWBDomain::rtfiles -g -Wall -Wextra"

TRACE::2025-03-11.12:55:09::SCWBDomain::"Running Make include in ps7_cortexa9_0/libsrc/v_deinterlacer_v7_2/src"

TRACE::2025-03-11.12:55:09::SCWBDomain::make -C ps7_cortexa9_0/libsrc/v_deinterlacer_v7_2/src -s include  "SHELL=CMD" "COMPILER=arm-none-eabi-gcc" "ASSEMBLER=arm-none-
TRACE::2025-03-11.12:55:09::SCWBDomain::eabi-as" "ARCHIVER=arm-none-eabi-ar" "COMPILER_FLAGS=  -O2 -c" "EXTRA_COMPILER_FLAGS=-mcpu=cortex-a9 -mfpu=vfpv3 -mfloat-abi=ha
TRACE::2025-03-11.12:55:09::SCWBDomain::rd -nostartfiles -g -Wall -Wextra"

TRACE::2025-03-11.12:55:09::SCWBDomain::"Running Make include in ps7_cortexa9_0/libsrc/v_hcresampler_v3_2/src"

TRACE::2025-03-11.12:55:09::SCWBDomain::make -C ps7_cortexa9_0/libsrc/v_hcresampler_v3_2/src -s include  "SHELL=CMD" "COMPILER=arm-none-eabi-gcc" "ASSEMBLER=arm-none-e
TRACE::2025-03-11.12:55:09::SCWBDomain::abi-as" "ARCHIVER=arm-none-eabi-ar" "COMPILER_FLAGS=  -O2 -c" "EXTRA_COMPILER_FLAGS=-mcpu=cortex-a9 -mfpu=vfpv3 -mfloat-abi=har
TRACE::2025-03-11.12:55:09::SCWBDomain::d -nostartfiles -g -Wall -Wextra"

TRACE::2025-03-11.12:55:09::SCWBDomain::"Running Make include in ps7_cortexa9_0/libsrc/v_hscaler_v3_4/src"

TRACE::2025-03-11.12:55:09::SCWBDomain::make -C ps7_cortexa9_0/libsrc/v_hscaler_v3_4/src -s include  "SHELL=CMD" "COMPILER=arm-none-eabi-gcc" "ASSEMBLER=arm-none-eabi-
TRACE::2025-03-11.12:55:09::SCWBDomain::as" "ARCHIVER=arm-none-eabi-ar" "COMPILER_FLAGS=  -O2 -c" "EXTRA_COMPILER_FLAGS=-mcpu=cortex-a9 -mfpu=vfpv3 -mfloat-abi=hard -n
TRACE::2025-03-11.12:55:09::SCWBDomain::ostartfiles -g -Wall -Wextra"

TRACE::2025-03-11.12:55:09::SCWBDomain::"Running Make include in ps7_cortexa9_0/libsrc/v_letterbox_v2_3/src"

TRACE::2025-03-11.12:55:09::SCWBDomain::make -C ps7_cortexa9_0/libsrc/v_letterbox_v2_3/src -s include  "SHELL=CMD" "COMPILER=arm-none-eabi-gcc" "ASSEMBLER=arm-none-eab
TRACE::2025-03-11.12:55:09::SCWBDomain::i-as" "ARCHIVER=arm-none-eabi-ar" "COMPILER_FLAGS=  -O2 -c" "EXTRA_COMPILER_FLAGS=-mcpu=cortex-a9 -mfpu=vfpv3 -mfloat-abi=hard 
TRACE::2025-03-11.12:55:09::SCWBDomain::-nostartfiles -g -Wall -Wextra"

TRACE::2025-03-11.12:55:10::SCWBDomain::"Running Make include in ps7_cortexa9_0/libsrc/v_vcresampler_v3_2/src"

TRACE::2025-03-11.12:55:10::SCWBDomain::make -C ps7_cortexa9_0/libsrc/v_vcresampler_v3_2/src -s include  "SHELL=CMD" "COMPILER=arm-none-eabi-gcc" "ASSEMBLER=arm-none-e
TRACE::2025-03-11.12:55:10::SCWBDomain::abi-as" "ARCHIVER=arm-none-eabi-ar" "COMPILER_FLAGS=  -O2 -c" "EXTRA_COMPILER_FLAGS=-mcpu=cortex-a9 -mfpu=vfpv3 -mfloat-abi=har
TRACE::2025-03-11.12:55:10::SCWBDomain::d -nostartfiles -g -Wall -Wextra"

TRACE::2025-03-11.12:55:10::SCWBDomain::"Running Make include in ps7_cortexa9_0/libsrc/v_vscaler_v3_2/src"

TRACE::2025-03-11.12:55:10::SCWBDomain::make -C ps7_cortexa9_0/libsrc/v_vscaler_v3_2/src -s include  "SHELL=CMD" "COMPILER=arm-none-eabi-gcc" "ASSEMBLER=arm-none-eabi-
TRACE::2025-03-11.12:55:10::SCWBDomain::as" "ARCHIVER=arm-none-eabi-ar" "COMPILER_FLAGS=  -O2 -c" "EXTRA_COMPILER_FLAGS=-mcpu=cortex-a9 -mfpu=vfpv3 -mfloat-abi=hard -n
TRACE::2025-03-11.12:55:10::SCWBDomain::ostartfiles -g -Wall -Wextra"

TRACE::2025-03-11.12:55:10::SCWBDomain::"Running Make include in ps7_cortexa9_0/libsrc/xadcps_v2_5/src"

TRACE::2025-03-11.12:55:10::SCWBDomain::make -C ps7_cortexa9_0/libsrc/xadcps_v2_5/src -s include  "SHELL=CMD" "COMPILER=arm-none-eabi-gcc" "ASSEMBLER=arm-none-eabi-as"
TRACE::2025-03-11.12:55:10::SCWBDomain:: "ARCHIVER=arm-none-eabi-ar" "COMPILER_FLAGS=  -O2 -c" "EXTRA_COMPILER_FLAGS=-mcpu=cortex-a9 -mfpu=vfpv3 -mfloat-abi=hard -nost
TRACE::2025-03-11.12:55:10::SCWBDomain::artfiles -g -Wall -Wextra"

TRACE::2025-03-11.12:55:10::SCWBDomain::"Running Make include in ps7_cortexa9_0/libsrc/xilffs_v4_4/src"

TRACE::2025-03-11.12:55:10::SCWBDomain::make -C ps7_cortexa9_0/libsrc/xilffs_v4_4/src -s include  "SHELL=CMD" "COMPILER=arm-none-eabi-gcc" "ASSEMBLER=arm-none-eabi-as"
TRACE::2025-03-11.12:55:10::SCWBDomain:: "ARCHIVER=arm-none-eabi-ar" "COMPILER_FLAGS=  -O2 -c" "EXTRA_COMPILER_FLAGS=-mcpu=cortex-a9 -mfpu=vfpv3 -mfloat-abi=hard -nost
TRACE::2025-03-11.12:55:10::SCWBDomain::artfiles -g -Wall -Wextra"

TRACE::2025-03-11.12:55:10::SCWBDomain::"Running Make include in ps7_cortexa9_0/libsrc/xilrsa_v1_6/src"

TRACE::2025-03-11.12:55:10::SCWBDomain::make -C ps7_cortexa9_0/libsrc/xilrsa_v1_6/src -s include  "SHELL=CMD" "COMPILER=arm-none-eabi-gcc" "ASSEMBLER=arm-none-eabi-as"
TRACE::2025-03-11.12:55:10::SCWBDomain:: "ARCHIVER=arm-none-eabi-ar" "COMPILER_FLAGS=  -O2 -c" "EXTRA_COMPILER_FLAGS=-mcpu=cortex-a9 -mfpu=vfpv3 -mfloat-abi=hard -nost
TRACE::2025-03-11.12:55:10::SCWBDomain::artfiles -g -Wall -Wextra"

TRACE::2025-03-11.12:55:10::SCWBDomain::"Running Make libs in ps7_cortexa9_0/libsrc/mycolorRegister_v1_0/src"

TRACE::2025-03-11.12:55:10::SCWBDomain::make -C ps7_cortexa9_0/libsrc/mycolorRegister_v1_0/src -s libs  "SHELL=CMD" "COMPILER=arm-none-eabi-gcc" "ASSEMBLER=arm-none-ea
TRACE::2025-03-11.12:55:10::SCWBDomain::bi-as" "ARCHIVER=arm-none-eabi-ar" "COMPILER_FLAGS=  -O2 -c" "EXTRA_COMPILER_FLAGS=-mcpu=cortex-a9 -mfpu=vfpv3 -mfloat-abi=hard
TRACE::2025-03-11.12:55:10::SCWBDomain:: -nostartfiles -g -Wall -Wextra"

TRACE::2025-03-11.12:55:10::SCWBDomain::"Compiling mycolorRegister..."

TRACE::2025-03-11.12:55:18::SCWBDomain::"Running Make libs in ps7_cortexa9_0/libsrc/pixelDataToVideoStream_v1_0/src"

TRACE::2025-03-11.12:55:18::SCWBDomain::make -C ps7_cortexa9_0/libsrc/pixelDataToVideoStream_v1_0/src -s libs  "SHELL=CMD" "COMPILER=arm-none-eabi-gcc" "ASSEMBLER=arm-
TRACE::2025-03-11.12:55:18::SCWBDomain::none-eabi-as" "ARCHIVER=arm-none-eabi-ar" "COMPILER_FLAGS=  -O2 -c" "EXTRA_COMPILER_FLAGS=-mcpu=cortex-a9 -mfpu=vfpv3 -mfloat-a
TRACE::2025-03-11.12:55:18::SCWBDomain::bi=hard -nostartfiles -g -Wall -Wextra"

TRACE::2025-03-11.12:55:18::SCWBDomain::"Compiling pixelDataToVideoStream..."

TRACE::2025-03-11.12:55:19::SCWBDomain::"Running Make libs in ps7_cortexa9_0/libsrc/xilrsa_v1_6/src"

TRACE::2025-03-11.12:55:19::SCWBDomain::make -C ps7_cortexa9_0/libsrc/xilrsa_v1_6/src -s libs  "SHELL=CMD" "COMPILER=arm-none-eabi-gcc" "ASSEMBLER=arm-none-eabi-as" "A
TRACE::2025-03-11.12:55:19::SCWBDomain::RCHIVER=arm-none-eabi-ar" "COMPILER_FLAGS=  -O2 -c" "EXTRA_COMPILER_FLAGS=-mcpu=cortex-a9 -mfpu=vfpv3 -mfloat-abi=hard -nostart
TRACE::2025-03-11.12:55:19::SCWBDomain::files -g -Wall -Wextra"

TRACE::2025-03-11.12:55:19::SCWBDomain::'Finished building libraries sequentially.'

TRACE::2025-03-11.12:55:19::SCWBDomain::make -j --no-print-directory par_libs

TRACE::2025-03-11.12:55:19::SCWBDomain::"Running Make include in ps7_cortexa9_0/libsrc/axis_switch_v1_4/src"

TRACE::2025-03-11.12:55:19::SCWBDomain::make -C ps7_cortexa9_0/libsrc/axis_switch_v1_4/src -s include  "SHELL=CMD" "COMPILER=arm-none-eabi-gcc" "ASSEMBLER=arm-none-eab
TRACE::2025-03-11.12:55:19::SCWBDomain::i-as" "ARCHIVER=arm-none-eabi-ar" "COMPILER_FLAGS=  -O2 -c" "EXTRA_COMPILER_FLAGS=-mcpu=cortex-a9 -mfpu=vfpv3 -mfloat-abi=hard 
TRACE::2025-03-11.12:55:19::SCWBDomain::-nostartfiles -g -Wall -Wextra"

TRACE::2025-03-11.12:55:19::SCWBDomain::"Running Make include in ps7_cortexa9_0/libsrc/axivdma_v6_8/src"

TRACE::2025-03-11.12:55:19::SCWBDomain::"Running Make include in ps7_cortexa9_0/libsrc/coresightps_dcc_v1_8/src"

TRACE::2025-03-11.12:55:19::SCWBDomain::make -C ps7_cortexa9_0/libsrc/axivdma_v6_8/src -s include  "SHELL=CMD" "COMPILER=arm-none-eabi-gcc" "ASSEMBLER=arm-none-eabi-as
TRACE::2025-03-11.12:55:19::SCWBDomain::" "ARCHIVER=arm-none-eabi-ar" "COMPILER_FLAGS=  -O2 -c" "EXTRA_COMPILER_FLAGS=-mcpu=cortex-a9 -mfpu=vfpv3 -mfloat-abi=hard -nos
TRACE::2025-03-11.12:55:19::SCWBDomain::tartfiles -g -Wall -Wextra"

TRACE::2025-03-11.12:55:19::SCWBDomain::make -C ps7_cortexa9_0/libsrc/coresightps_dcc_v1_8/src -s include  "SHELL=CMD" "COMPILER=arm-none-eabi-gcc" "ASSEMBLER=arm-none
TRACE::2025-03-11.12:55:19::SCWBDomain::-eabi-as" "ARCHIVER=arm-none-eabi-ar" "COMPILER_FLAGS=  -O2 -c" "EXTRA_COMPILER_FLAGS=-mcpu=cortex-a9 -mfpu=vfpv3 -mfloat-abi=h
TRACE::2025-03-11.12:55:19::SCWBDomain::ard -nostartfiles -g -Wall -Wextra"

TRACE::2025-03-11.12:55:19::SCWBDomain::"Running Make include in ps7_cortexa9_0/libsrc/cpu_cortexa9_v2_10/src"

TRACE::2025-03-11.12:55:19::SCWBDomain::make -C ps7_cortexa9_0/libsrc/cpu_cortexa9_v2_10/src -s include  "SHELL=CMD" "COMPILER=arm-none-eabi-gcc" "ASSEMBLER=arm-none-e
TRACE::2025-03-11.12:55:19::SCWBDomain::abi-as" "ARCHIVER=arm-none-eabi-ar" "COMPILER_FLAGS=  -O2 -c" "EXTRA_COMPILER_FLAGS=-mcpu=cortex-a9 -mfpu=vfpv3 -mfloat-abi=har
TRACE::2025-03-11.12:55:19::SCWBDomain::d -nostartfiles -g -Wall -Wextra"

TRACE::2025-03-11.12:55:19::SCWBDomain::"Running Make include in ps7_cortexa9_0/libsrc/ddrps_v1_2/src"

TRACE::2025-03-11.12:55:19::SCWBDomain::make -C ps7_cortexa9_0/libsrc/ddrps_v1_2/src -s include  "SHELL=CMD" "COMPILER=arm-none-eabi-gcc" "ASSEMBLER=arm-none-eabi-as" 
TRACE::2025-03-11.12:55:19::SCWBDomain::"ARCHIVER=arm-none-eabi-ar" "COMPILER_FLAGS=  -O2 -c" "EXTRA_COMPILER_FLAGS=-mcpu=cortex-a9 -mfpu=vfpv3 -mfloat-abi=hard -nosta
TRACE::2025-03-11.12:55:19::SCWBDomain::rtfiles -g -Wall -Wextra"

TRACE::2025-03-11.12:55:19::SCWBDomain::"Running Make include in ps7_cortexa9_0/libsrc/devcfg_v3_7/src"

TRACE::2025-03-11.12:55:19::SCWBDomain::make -C ps7_cortexa9_0/libsrc/devcfg_v3_7/src -s include  "SHELL=CMD" "COMPILER=arm-none-eabi-gcc" "ASSEMBLER=arm-none-eabi-as"
TRACE::2025-03-11.12:55:19::SCWBDomain:: "ARCHIVER=arm-none-eabi-ar" "COMPILER_FLAGS=  -O2 -c" "EXTRA_COMPILER_FLAGS=-mcpu=cortex-a9 -mfpu=vfpv3 -mfloat-abi=hard -nost
TRACE::2025-03-11.12:55:19::SCWBDomain::artfiles -g -Wall -Wextra"

TRACE::2025-03-11.12:55:19::SCWBDomain::"Running Make include in ps7_cortexa9_0/libsrc/dmaps_v2_7/src"

TRACE::2025-03-11.12:55:19::SCWBDomain::make -C ps7_cortexa9_0/libsrc/dmaps_v2_7/src -s include  "SHELL=CMD" "COMPILER=arm-none-eabi-gcc" "ASSEMBLER=arm-none-eabi-as" 
TRACE::2025-03-11.12:55:19::SCWBDomain::"ARCHIVER=arm-none-eabi-ar" "COMPILER_FLAGS=  -O2 -c" "EXTRA_COMPILER_FLAGS=-mcpu=cortex-a9 -mfpu=vfpv3 -mfloat-abi=hard -nosta
TRACE::2025-03-11.12:55:19::SCWBDomain::rtfiles -g -Wall -Wextra"

TRACE::2025-03-11.12:55:19::SCWBDomain::"Running Make include in ps7_cortexa9_0/libsrc/emacps_v3_12/src"

TRACE::2025-03-11.12:55:19::SCWBDomain::"Running Make include in ps7_cortexa9_0/libsrc/gpiops_v3_8/src"

TRACE::2025-03-11.12:55:19::SCWBDomain::make -C ps7_cortexa9_0/libsrc/emacps_v3_12/src -s include  "SHELL=CMD" "COMPILER=arm-none-eabi-gcc" "ASSEMBLER=arm-none-eabi-as
TRACE::2025-03-11.12:55:19::SCWBDomain::" "ARCHIVER=arm-none-eabi-ar" "COMPILER_FLAGS=  -O2 -c" "EXTRA_COMPILER_FLAGS=-mcpu=cortex-a9 -mfpu=vfpv3 -mfloat-abi=hard -nos
TRACE::2025-03-11.12:55:19::SCWBDomain::tartfiles -g -Wall -Wextra"

TRACE::2025-03-11.12:55:19::SCWBDomain::make -C ps7_cortexa9_0/libsrc/gpiops_v3_8/src -s include  "SHELL=CMD" "COMPILER=arm-none-eabi-gcc" "ASSEMBLER=arm-none-eabi-as"
TRACE::2025-03-11.12:55:19::SCWBDomain:: "ARCHIVER=arm-none-eabi-ar" "COMPILER_FLAGS=  -O2 -c" "EXTRA_COMPILER_FLAGS=-mcpu=cortex-a9 -mfpu=vfpv3 -mfloat-abi=hard -nost
TRACE::2025-03-11.12:55:19::SCWBDomain::artfiles -g -Wall -Wextra"

TRACE::2025-03-11.12:55:19::SCWBDomain::"Running Make include in ps7_cortexa9_0/libsrc/gpio_v4_7/src"

TRACE::2025-03-11.12:55:19::SCWBDomain::make -C ps7_cortexa9_0/libsrc/gpio_v4_7/src -s include  "SHELL=CMD" "COMPILER=arm-none-eabi-gcc" "ASSEMBLER=arm-none-eabi-as" "
TRACE::2025-03-11.12:55:19::SCWBDomain::ARCHIVER=arm-none-eabi-ar" "COMPILER_FLAGS=  -O2 -c" "EXTRA_COMPILER_FLAGS=-mcpu=cortex-a9 -mfpu=vfpv3 -mfloat-abi=hard -nostar
TRACE::2025-03-11.12:55:19::SCWBDomain::tfiles -g -Wall -Wextra"

TRACE::2025-03-11.12:55:19::SCWBDomain::"Running Make include in ps7_cortexa9_0/libsrc/mycolorRegister_v1_0/src"

TRACE::2025-03-11.12:55:19::SCWBDomain::make -C ps7_cortexa9_0/libsrc/mycolorRegister_v1_0/src -s include  "SHELL=CMD" "COMPILER=arm-none-eabi-gcc" "ASSEMBLER=arm-none
TRACE::2025-03-11.12:55:19::SCWBDomain::-eabi-as" "ARCHIVER=arm-none-eabi-ar" "COMPILER_FLAGS=  -O2 -c" "EXTRA_COMPILER_FLAGS=-mcpu=cortex-a9 -mfpu=vfpv3 -mfloat-abi=h
TRACE::2025-03-11.12:55:19::SCWBDomain::ard -nostartfiles -g -Wall -Wextra"

TRACE::2025-03-11.12:55:19::SCWBDomain::"Running Make include in ps7_cortexa9_0/libsrc/pixelDataToVideoStream_v1_0/src"

TRACE::2025-03-11.12:55:19::SCWBDomain::make -C ps7_cortexa9_0/libsrc/pixelDataToVideoStream_v1_0/src -s include  "SHELL=CMD" "COMPILER=arm-none-eabi-gcc" "ASSEMBLER=a
TRACE::2025-03-11.12:55:19::SCWBDomain::rm-none-eabi-as" "ARCHIVER=arm-none-eabi-ar" "COMPILER_FLAGS=  -O2 -c" "EXTRA_COMPILER_FLAGS=-mcpu=cortex-a9 -mfpu=vfpv3 -mfloa
TRACE::2025-03-11.12:55:19::SCWBDomain::t-abi=hard -nostartfiles -g -Wall -Wextra"

TRACE::2025-03-11.12:55:19::SCWBDomain::"Running Make include in ps7_cortexa9_0/libsrc/qspips_v3_8/src"

TRACE::2025-03-11.12:55:19::SCWBDomain::make -C ps7_cortexa9_0/libsrc/qspips_v3_8/src -s include  "SHELL=CMD" "COMPILER=arm-none-eabi-gcc" "ASSEMBLER=arm-none-eabi-as"
TRACE::2025-03-11.12:55:19::SCWBDomain:: "ARCHIVER=arm-none-eabi-ar" "COMPILER_FLAGS=  -O2 -c" "EXTRA_COMPILER_FLAGS=-mcpu=cortex-a9 -mfpu=vfpv3 -mfloat-abi=hard -nost
TRACE::2025-03-11.12:55:19::SCWBDomain::artfiles -g -Wall -Wextra"

TRACE::2025-03-11.12:55:19::SCWBDomain::"Running Make include in ps7_cortexa9_0/libsrc/scugic_v4_3/src"

TRACE::2025-03-11.12:55:19::SCWBDomain::make -C ps7_cortexa9_0/libsrc/scugic_v4_3/src -s include  "SHELL=CMD" "COMPILER=arm-none-eabi-gcc" "ASSEMBLER=arm-none-eabi-as"
TRACE::2025-03-11.12:55:19::SCWBDomain:: "ARCHIVER=arm-none-eabi-ar" "COMPILER_FLAGS=  -O2 -c" "EXTRA_COMPILER_FLAGS=-mcpu=cortex-a9 -mfpu=vfpv3 -mfloat-abi=hard -nost
TRACE::2025-03-11.12:55:19::SCWBDomain::artfiles -g -Wall -Wextra"

TRACE::2025-03-11.12:55:19::SCWBDomain::"Running Make include in ps7_cortexa9_0/libsrc/scutimer_v2_3/src"

TRACE::2025-03-11.12:55:19::SCWBDomain::make -C ps7_cortexa9_0/libsrc/scutimer_v2_3/src -s include  "SHELL=CMD" "COMPILER=arm-none-eabi-gcc" "ASSEMBLER=arm-none-eabi-a
TRACE::2025-03-11.12:55:19::SCWBDomain::s" "ARCHIVER=arm-none-eabi-ar" "COMPILER_FLAGS=  -O2 -c" "EXTRA_COMPILER_FLAGS=-mcpu=cortex-a9 -mfpu=vfpv3 -mfloat-abi=hard -no
TRACE::2025-03-11.12:55:19::SCWBDomain::startfiles -g -Wall -Wextra"

TRACE::2025-03-11.12:55:19::SCWBDomain::"Running Make include in ps7_cortexa9_0/libsrc/scuwdt_v2_3/src"

TRACE::2025-03-11.12:55:19::SCWBDomain::make -C ps7_cortexa9_0/libsrc/scuwdt_v2_3/src -s include  "SHELL=CMD" "COMPILER=arm-none-eabi-gcc" "ASSEMBLER=arm-none-eabi-as"
TRACE::2025-03-11.12:55:19::SCWBDomain:: "ARCHIVER=arm-none-eabi-ar" "COMPILER_FLAGS=  -O2 -c" "EXTRA_COMPILER_FLAGS=-mcpu=cortex-a9 -mfpu=vfpv3 -mfloat-abi=hard -nost
TRACE::2025-03-11.12:55:19::SCWBDomain::artfiles -g -Wall -Wextra"

TRACE::2025-03-11.12:55:19::SCWBDomain::"Running Make include in ps7_cortexa9_0/libsrc/sdps_v3_10/src"

TRACE::2025-03-11.12:55:19::SCWBDomain::make -C ps7_cortexa9_0/libsrc/sdps_v3_10/src -s include  "SHELL=CMD" "COMPILER=arm-none-eabi-gcc" "ASSEMBLER=arm-none-eabi-as" 
TRACE::2025-03-11.12:55:19::SCWBDomain::"ARCHIVER=arm-none-eabi-ar" "COMPILER_FLAGS=  -O2 -c" "EXTRA_COMPILER_FLAGS=-mcpu=cortex-a9 -mfpu=vfpv3 -mfloat-abi=hard -nosta
TRACE::2025-03-11.12:55:19::SCWBDomain::rtfiles -g -Wall -Wextra"

TRACE::2025-03-11.12:55:19::SCWBDomain::"Running Make include in ps7_cortexa9_0/libsrc/standalone_v7_3/src"

TRACE::2025-03-11.12:55:19::SCWBDomain::make -C ps7_cortexa9_0/libsrc/standalone_v7_3/src -s include  "SHELL=CMD" "COMPILER=arm-none-eabi-gcc" "ASSEMBLER=arm-none-eabi
TRACE::2025-03-11.12:55:19::SCWBDomain::-as" "ARCHIVER=arm-none-eabi-ar" "COMPILER_FLAGS=  -O2 -c" "EXTRA_COMPILER_FLAGS=-mcpu=cortex-a9 -mfpu=vfpv3 -mfloat-abi=hard -
TRACE::2025-03-11.12:55:19::SCWBDomain::nostartfiles -g -Wall -Wextra"

TRACE::2025-03-11.12:55:19::SCWBDomain::"Running Make include in ps7_cortexa9_0/libsrc/uartps_v3_10/src"

TRACE::2025-03-11.12:55:19::SCWBDomain::make -C ps7_cortexa9_0/libsrc/uartps_v3_10/src -s include  "SHELL=CMD" "COMPILER=arm-none-eabi-gcc" "ASSEMBLER=arm-none-eabi-as
TRACE::2025-03-11.12:55:19::SCWBDomain::" "ARCHIVER=arm-none-eabi-ar" "COMPILER_FLAGS=  -O2 -c" "EXTRA_COMPILER_FLAGS=-mcpu=cortex-a9 -mfpu=vfpv3 -mfloat-abi=hard -nos
TRACE::2025-03-11.12:55:19::SCWBDomain::tartfiles -g -Wall -Wextra"

TRACE::2025-03-11.12:55:19::SCWBDomain::"Running Make include in ps7_cortexa9_0/libsrc/usbps_v2_6/src"

TRACE::2025-03-11.12:55:19::SCWBDomain::make -C ps7_cortexa9_0/libsrc/usbps_v2_6/src -s include  "SHELL=CMD" "COMPILER=arm-none-eabi-gcc" "ASSEMBLER=arm-none-eabi-as" 
TRACE::2025-03-11.12:55:19::SCWBDomain::"ARCHIVER=arm-none-eabi-ar" "COMPILER_FLAGS=  -O2 -c" "EXTRA_COMPILER_FLAGS=-mcpu=cortex-a9 -mfpu=vfpv3 -mfloat-abi=hard -nosta
TRACE::2025-03-11.12:55:19::SCWBDomain::rtfiles -g -Wall -Wextra"

TRACE::2025-03-11.12:55:19::SCWBDomain::"Running Make include in ps7_cortexa9_0/libsrc/video_common_v4_10/src"

TRACE::2025-03-11.12:55:19::SCWBDomain::make -C ps7_cortexa9_0/libsrc/video_common_v4_10/src -s include  "SHELL=CMD" "COMPILER=arm-none-eabi-gcc" "ASSEMBLER=arm-none-e
TRACE::2025-03-11.12:55:19::SCWBDomain::abi-as" "ARCHIVER=arm-none-eabi-ar" "COMPILER_FLAGS=  -O2 -c" "EXTRA_COMPILER_FLAGS=-mcpu=cortex-a9 -mfpu=vfpv3 -mfloat-abi=har
TRACE::2025-03-11.12:55:19::SCWBDomain::d -nostartfiles -g -Wall -Wextra"

TRACE::2025-03-11.12:55:20::SCWBDomain::"Running Make include in ps7_cortexa9_0/libsrc/vprocss_v2_8/src"

TRACE::2025-03-11.12:55:20::SCWBDomain::make -C ps7_cortexa9_0/libsrc/vprocss_v2_8/src -s include  "SHELL=CMD" "COMPILER=arm-none-eabi-gcc" "ASSEMBLER=arm-none-eabi-as
TRACE::2025-03-11.12:55:20::SCWBDomain::" "ARCHIVER=arm-none-eabi-ar" "COMPILER_FLAGS=  -O2 -c" "EXTRA_COMPILER_FLAGS=-mcpu=cortex-a9 -mfpu=vfpv3 -mfloat-abi=hard -nos
TRACE::2025-03-11.12:55:20::SCWBDomain::tartfiles -g -Wall -Wextra"

TRACE::2025-03-11.12:55:20::SCWBDomain::"Running Make include in ps7_cortexa9_0/libsrc/v_csc_v2_5/src"

TRACE::2025-03-11.12:55:20::SCWBDomain::make -C ps7_cortexa9_0/libsrc/v_csc_v2_5/src -s include  "SHELL=CMD" "COMPILER=arm-none-eabi-gcc" "ASSEMBLER=arm-none-eabi-as" 
TRACE::2025-03-11.12:55:20::SCWBDomain::"ARCHIVER=arm-none-eabi-ar" "COMPILER_FLAGS=  -O2 -c" "EXTRA_COMPILER_FLAGS=-mcpu=cortex-a9 -mfpu=vfpv3 -mfloat-abi=hard -nosta
TRACE::2025-03-11.12:55:20::SCWBDomain::rtfiles -g -Wall -Wextra"

TRACE::2025-03-11.12:55:20::SCWBDomain::"Running Make include in ps7_cortexa9_0/libsrc/v_deinterlacer_v7_2/src"

TRACE::2025-03-11.12:55:20::SCWBDomain::make -C ps7_cortexa9_0/libsrc/v_deinterlacer_v7_2/src -s include  "SHELL=CMD" "COMPILER=arm-none-eabi-gcc" "ASSEMBLER=arm-none-
TRACE::2025-03-11.12:55:20::SCWBDomain::eabi-as" "ARCHIVER=arm-none-eabi-ar" "COMPILER_FLAGS=  -O2 -c" "EXTRA_COMPILER_FLAGS=-mcpu=cortex-a9 -mfpu=vfpv3 -mfloat-abi=ha
TRACE::2025-03-11.12:55:20::SCWBDomain::rd -nostartfiles -g -Wall -Wextra"

TRACE::2025-03-11.12:55:20::SCWBDomain::"Running Make include in ps7_cortexa9_0/libsrc/v_hcresampler_v3_2/src"

TRACE::2025-03-11.12:55:20::SCWBDomain::make -C ps7_cortexa9_0/libsrc/v_hcresampler_v3_2/src -s include  "SHELL=CMD" "COMPILER=arm-none-eabi-gcc" "ASSEMBLER=arm-none-e
TRACE::2025-03-11.12:55:20::SCWBDomain::abi-as" "ARCHIVER=arm-none-eabi-ar" "COMPILER_FLAGS=  -O2 -c" "EXTRA_COMPILER_FLAGS=-mcpu=cortex-a9 -mfpu=vfpv3 -mfloat-abi=har
TRACE::2025-03-11.12:55:20::SCWBDomain::d -nostartfiles -g -Wall -Wextra"

TRACE::2025-03-11.12:55:20::SCWBDomain::"Running Make include in ps7_cortexa9_0/libsrc/v_hscaler_v3_4/src"

TRACE::2025-03-11.12:55:20::SCWBDomain::"Running Make include in ps7_cortexa9_0/libsrc/v_letterbox_v2_3/src"

TRACE::2025-03-11.12:55:20::SCWBDomain::make -C ps7_cortexa9_0/libsrc/v_hscaler_v3_4/src -s include  "SHELL=CMD" "COMPILER=arm-none-eabi-gcc" "ASSEMBLER=arm-none-eabi-
TRACE::2025-03-11.12:55:20::SCWBDomain::as" "ARCHIVER=arm-none-eabi-ar" "COMPILER_FLAGS=  -O2 -c" "EXTRA_COMPILER_FLAGS=-mcpu=cortex-a9 -mfpu=vfpv3 -mfloat-abi=hard -n
TRACE::2025-03-11.12:55:20::SCWBDomain::ostartfiles -g -Wall -Wextra"

TRACE::2025-03-11.12:55:20::SCWBDomain::make -C ps7_cortexa9_0/libsrc/v_letterbox_v2_3/src -s include  "SHELL=CMD" "COMPILER=arm-none-eabi-gcc" "ASSEMBLER=arm-none-eab
TRACE::2025-03-11.12:55:20::SCWBDomain::i-as" "ARCHIVER=arm-none-eabi-ar" "COMPILER_FLAGS=  -O2 -c" "EXTRA_COMPILER_FLAGS=-mcpu=cortex-a9 -mfpu=vfpv3 -mfloat-abi=hard 
TRACE::2025-03-11.12:55:20::SCWBDomain::-nostartfiles -g -Wall -Wextra"

TRACE::2025-03-11.12:55:20::SCWBDomain::"Running Make include in ps7_cortexa9_0/libsrc/v_vcresampler_v3_2/src"

TRACE::2025-03-11.12:55:20::SCWBDomain::make -C ps7_cortexa9_0/libsrc/v_vcresampler_v3_2/src -s include  "SHELL=CMD" "COMPILER=arm-none-eabi-gcc" "ASSEMBLER=arm-none-e
TRACE::2025-03-11.12:55:20::SCWBDomain::abi-as" "ARCHIVER=arm-none-eabi-ar" "COMPILER_FLAGS=  -O2 -c" "EXTRA_COMPILER_FLAGS=-mcpu=cortex-a9 -mfpu=vfpv3 -mfloat-abi=har
TRACE::2025-03-11.12:55:20::SCWBDomain::d -nostartfiles -g -Wall -Wextra"

TRACE::2025-03-11.12:55:20::SCWBDomain::"Running Make include in ps7_cortexa9_0/libsrc/v_vscaler_v3_2/src"

TRACE::2025-03-11.12:55:20::SCWBDomain::make -C ps7_cortexa9_0/libsrc/v_vscaler_v3_2/src -s include  "SHELL=CMD" "COMPILER=arm-none-eabi-gcc" "ASSEMBLER=arm-none-eabi-
TRACE::2025-03-11.12:55:20::SCWBDomain::as" "ARCHIVER=arm-none-eabi-ar" "COMPILER_FLAGS=  -O2 -c" "EXTRA_COMPILER_FLAGS=-mcpu=cortex-a9 -mfpu=vfpv3 -mfloat-abi=hard -n
TRACE::2025-03-11.12:55:20::SCWBDomain::ostartfiles -g -Wall -Wextra"

TRACE::2025-03-11.12:55:20::SCWBDomain::"Running Make include in ps7_cortexa9_0/libsrc/xadcps_v2_5/src"

TRACE::2025-03-11.12:55:20::SCWBDomain::"Running Make include in ps7_cortexa9_0/libsrc/xilffs_v4_4/src"

TRACE::2025-03-11.12:55:20::SCWBDomain::make -C ps7_cortexa9_0/libsrc/xadcps_v2_5/src -s include  "SHELL=CMD" "COMPILER=arm-none-eabi-gcc" "ASSEMBLER=arm-none-eabi-as"
TRACE::2025-03-11.12:55:20::SCWBDomain:: "ARCHIVER=arm-none-eabi-ar" "COMPILER_FLAGS=  -O2 -c" "EXTRA_COMPILER_FLAGS=-mcpu=cortex-a9 -mfpu=vfpv3 -mfloat-abi=hard -nost
TRACE::2025-03-11.12:55:20::SCWBDomain::artfiles -g -Wall -Wextra"

TRACE::2025-03-11.12:55:20::SCWBDomain::make -C ps7_cortexa9_0/libsrc/xilffs_v4_4/src -s include  "SHELL=CMD" "COMPILER=arm-none-eabi-gcc" "ASSEMBLER=arm-none-eabi-as"
TRACE::2025-03-11.12:55:20::SCWBDomain:: "ARCHIVER=arm-none-eabi-ar" "COMPILER_FLAGS=  -O2 -c" "EXTRA_COMPILER_FLAGS=-mcpu=cortex-a9 -mfpu=vfpv3 -mfloat-abi=hard -nost
TRACE::2025-03-11.12:55:20::SCWBDomain::artfiles -g -Wall -Wextra"

TRACE::2025-03-11.12:55:20::SCWBDomain::"Running Make include in ps7_cortexa9_0/libsrc/xilrsa_v1_6/src"

TRACE::2025-03-11.12:55:20::SCWBDomain::make -C ps7_cortexa9_0/libsrc/xilrsa_v1_6/src -s include  "SHELL=CMD" "COMPILER=arm-none-eabi-gcc" "ASSEMBLER=arm-none-eabi-as"
TRACE::2025-03-11.12:55:20::SCWBDomain:: "ARCHIVER=arm-none-eabi-ar" "COMPILER_FLAGS=  -O2 -c" "EXTRA_COMPILER_FLAGS=-mcpu=cortex-a9 -mfpu=vfpv3 -mfloat-abi=hard -nost
TRACE::2025-03-11.12:55:20::SCWBDomain::artfiles -g -Wall -Wextra"

TRACE::2025-03-11.12:55:20::SCWBDomain::"Running Make libs in ps7_cortexa9_0/libsrc/axis_switch_v1_4/src"

TRACE::2025-03-11.12:55:20::SCWBDomain::make -C ps7_cortexa9_0/libsrc/axis_switch_v1_4/src -s libs  "SHELL=CMD" "COMPILER=arm-none-eabi-gcc" "ASSEMBLER=arm-none-eabi-a
TRACE::2025-03-11.12:55:20::SCWBDomain::s" "ARCHIVER=arm-none-eabi-ar" "COMPILER_FLAGS=  -O2 -c" "EXTRA_COMPILER_FLAGS=-mcpu=cortex-a9 -mfpu=vfpv3 -mfloat-abi=hard -no
TRACE::2025-03-11.12:55:20::SCWBDomain::startfiles -g -Wall -Wextra"

TRACE::2025-03-11.12:55:20::SCWBDomain::"Running Make libs in ps7_cortexa9_0/libsrc/axivdma_v6_8/src"

TRACE::2025-03-11.12:55:20::SCWBDomain::make -C ps7_cortexa9_0/libsrc/axivdma_v6_8/src -s libs  "SHELL=CMD" "COMPILER=arm-none-eabi-gcc" "ASSEMBLER=arm-none-eabi-as" "
TRACE::2025-03-11.12:55:20::SCWBDomain::ARCHIVER=arm-none-eabi-ar" "COMPILER_FLAGS=  -O2 -c" "EXTRA_COMPILER_FLAGS=-mcpu=cortex-a9 -mfpu=vfpv3 -mfloat-abi=hard -nostar
TRACE::2025-03-11.12:55:20::SCWBDomain::tfiles -g -Wall -Wextra"

TRACE::2025-03-11.12:55:20::SCWBDomain::"Running Make libs in ps7_cortexa9_0/libsrc/coresightps_dcc_v1_8/src"

TRACE::2025-03-11.12:55:20::SCWBDomain::make -C ps7_cortexa9_0/libsrc/coresightps_dcc_v1_8/src -s libs  "SHELL=CMD" "COMPILER=arm-none-eabi-gcc" "ASSEMBLER=arm-none-ea
TRACE::2025-03-11.12:55:20::SCWBDomain::bi-as" "ARCHIVER=arm-none-eabi-ar" "COMPILER_FLAGS=  -O2 -c" "EXTRA_COMPILER_FLAGS=-mcpu=cortex-a9 -mfpu=vfpv3 -mfloat-abi=hard
TRACE::2025-03-11.12:55:20::SCWBDomain:: -nostartfiles -g -Wall -Wextra"

TRACE::2025-03-11.12:55:20::SCWBDomain::"Running Make libs in ps7_cortexa9_0/libsrc/cpu_cortexa9_v2_10/src"

TRACE::2025-03-11.12:55:20::SCWBDomain::make -C ps7_cortexa9_0/libsrc/cpu_cortexa9_v2_10/src -s libs  "SHELL=CMD" "COMPILER=arm-none-eabi-gcc" "ASSEMBLER=arm-none-eabi
TRACE::2025-03-11.12:55:20::SCWBDomain::-as" "ARCHIVER=arm-none-eabi-ar" "COMPILER_FLAGS=  -O2 -c" "EXTRA_COMPILER_FLAGS=-mcpu=cortex-a9 -mfpu=vfpv3 -mfloat-abi=hard -
TRACE::2025-03-11.12:55:20::SCWBDomain::nostartfiles -g -Wall -Wextra"

TRACE::2025-03-11.12:55:20::SCWBDomain::"Running Make libs in ps7_cortexa9_0/libsrc/ddrps_v1_2/src"

TRACE::2025-03-11.12:55:20::SCWBDomain::make -C ps7_cortexa9_0/libsrc/ddrps_v1_2/src -s libs  "SHELL=CMD" "COMPILER=arm-none-eabi-gcc" "ASSEMBLER=arm-none-eabi-as" "AR
TRACE::2025-03-11.12:55:20::SCWBDomain::CHIVER=arm-none-eabi-ar" "COMPILER_FLAGS=  -O2 -c" "EXTRA_COMPILER_FLAGS=-mcpu=cortex-a9 -mfpu=vfpv3 -mfloat-abi=hard -nostartf
TRACE::2025-03-11.12:55:20::SCWBDomain::iles -g -Wall -Wextra"

TRACE::2025-03-11.12:55:20::SCWBDomain::"Running Make libs in ps7_cortexa9_0/libsrc/devcfg_v3_7/src"

TRACE::2025-03-11.12:55:20::SCWBDomain::make -C ps7_cortexa9_0/libsrc/devcfg_v3_7/src -s libs  "SHELL=CMD" "COMPILER=arm-none-eabi-gcc" "ASSEMBLER=arm-none-eabi-as" "A
TRACE::2025-03-11.12:55:20::SCWBDomain::RCHIVER=arm-none-eabi-ar" "COMPILER_FLAGS=  -O2 -c" "EXTRA_COMPILER_FLAGS=-mcpu=cortex-a9 -mfpu=vfpv3 -mfloat-abi=hard -nostart
TRACE::2025-03-11.12:55:20::SCWBDomain::files -g -Wall -Wextra"

TRACE::2025-03-11.12:55:20::SCWBDomain::"Running Make libs in ps7_cortexa9_0/libsrc/dmaps_v2_7/src"

TRACE::2025-03-11.12:55:20::SCWBDomain::make -C ps7_cortexa9_0/libsrc/dmaps_v2_7/src -s libs  "SHELL=CMD" "COMPILER=arm-none-eabi-gcc" "ASSEMBLER=arm-none-eabi-as" "AR
TRACE::2025-03-11.12:55:20::SCWBDomain::CHIVER=arm-none-eabi-ar" "COMPILER_FLAGS=  -O2 -c" "EXTRA_COMPILER_FLAGS=-mcpu=cortex-a9 -mfpu=vfpv3 -mfloat-abi=hard -nostartf
TRACE::2025-03-11.12:55:20::SCWBDomain::iles -g -Wall -Wextra"

TRACE::2025-03-11.12:55:20::SCWBDomain::"Running Make libs in ps7_cortexa9_0/libsrc/emacps_v3_12/src"

TRACE::2025-03-11.12:55:21::SCWBDomain::make -C ps7_cortexa9_0/libsrc/emacps_v3_12/src -s libs  "SHELL=CMD" "COMPILER=arm-none-eabi-gcc" "ASSEMBLER=arm-none-eabi-as" "
TRACE::2025-03-11.12:55:21::SCWBDomain::ARCHIVER=arm-none-eabi-ar" "COMPILER_FLAGS=  -O2 -c" "EXTRA_COMPILER_FLAGS=-mcpu=cortex-a9 -mfpu=vfpv3 -mfloat-abi=hard -nostar
TRACE::2025-03-11.12:55:21::SCWBDomain::tfiles -g -Wall -Wextra"

TRACE::2025-03-11.12:55:21::SCWBDomain::"Running Make libs in ps7_cortexa9_0/libsrc/gpiops_v3_8/src"

TRACE::2025-03-11.12:55:21::SCWBDomain::make -C ps7_cortexa9_0/libsrc/gpiops_v3_8/src -s libs  "SHELL=CMD" "COMPILER=arm-none-eabi-gcc" "ASSEMBLER=arm-none-eabi-as" "A
TRACE::2025-03-11.12:55:21::SCWBDomain::RCHIVER=arm-none-eabi-ar" "COMPILER_FLAGS=  -O2 -c" "EXTRA_COMPILER_FLAGS=-mcpu=cortex-a9 -mfpu=vfpv3 -mfloat-abi=hard -nostart
TRACE::2025-03-11.12:55:21::SCWBDomain::files -g -Wall -Wextra"

TRACE::2025-03-11.12:55:21::SCWBDomain::"Running Make libs in ps7_cortexa9_0/libsrc/gpio_v4_7/src"

TRACE::2025-03-11.12:55:21::SCWBDomain::make -C ps7_cortexa9_0/libsrc/gpio_v4_7/src -s libs  "SHELL=CMD" "COMPILER=arm-none-eabi-gcc" "ASSEMBLER=arm-none-eabi-as" "ARC
TRACE::2025-03-11.12:55:21::SCWBDomain::HIVER=arm-none-eabi-ar" "COMPILER_FLAGS=  -O2 -c" "EXTRA_COMPILER_FLAGS=-mcpu=cortex-a9 -mfpu=vfpv3 -mfloat-abi=hard -nostartfi
TRACE::2025-03-11.12:55:21::SCWBDomain::les -g -Wall -Wextra"

TRACE::2025-03-11.12:55:21::SCWBDomain::"Running Make libs in ps7_cortexa9_0/libsrc/qspips_v3_8/src"

TRACE::2025-03-11.12:55:21::SCWBDomain::make -C ps7_cortexa9_0/libsrc/qspips_v3_8/src -s libs  "SHELL=CMD" "COMPILER=arm-none-eabi-gcc" "ASSEMBLER=arm-none-eabi-as" "A
TRACE::2025-03-11.12:55:21::SCWBDomain::RCHIVER=arm-none-eabi-ar" "COMPILER_FLAGS=  -O2 -c" "EXTRA_COMPILER_FLAGS=-mcpu=cortex-a9 -mfpu=vfpv3 -mfloat-abi=hard -nostart
TRACE::2025-03-11.12:55:21::SCWBDomain::files -g -Wall -Wextra"

TRACE::2025-03-11.12:55:21::SCWBDomain::"Running Make libs in ps7_cortexa9_0/libsrc/scugic_v4_3/src"

TRACE::2025-03-11.12:55:21::SCWBDomain::make -C ps7_cortexa9_0/libsrc/scugic_v4_3/src -s libs  "SHELL=CMD" "COMPILER=arm-none-eabi-gcc" "ASSEMBLER=arm-none-eabi-as" "A
TRACE::2025-03-11.12:55:21::SCWBDomain::RCHIVER=arm-none-eabi-ar" "COMPILER_FLAGS=  -O2 -c" "EXTRA_COMPILER_FLAGS=-mcpu=cortex-a9 -mfpu=vfpv3 -mfloat-abi=hard -nostart
TRACE::2025-03-11.12:55:21::SCWBDomain::files -g -Wall -Wextra"

TRACE::2025-03-11.12:55:21::SCWBDomain::"Running Make libs in ps7_cortexa9_0/libsrc/scutimer_v2_3/src"

TRACE::2025-03-11.12:55:21::SCWBDomain::make -C ps7_cortexa9_0/libsrc/scutimer_v2_3/src -s libs  "SHELL=CMD" "COMPILER=arm-none-eabi-gcc" "ASSEMBLER=arm-none-eabi-as" 
TRACE::2025-03-11.12:55:21::SCWBDomain::"ARCHIVER=arm-none-eabi-ar" "COMPILER_FLAGS=  -O2 -c" "EXTRA_COMPILER_FLAGS=-mcpu=cortex-a9 -mfpu=vfpv3 -mfloat-abi=hard -nosta
TRACE::2025-03-11.12:55:21::SCWBDomain::rtfiles -g -Wall -Wextra"

TRACE::2025-03-11.12:55:21::SCWBDomain::"Running Make libs in ps7_cortexa9_0/libsrc/scuwdt_v2_3/src"

TRACE::2025-03-11.12:55:21::SCWBDomain::make -C ps7_cortexa9_0/libsrc/scuwdt_v2_3/src -s libs  "SHELL=CMD" "COMPILER=arm-none-eabi-gcc" "ASSEMBLER=arm-none-eabi-as" "A
TRACE::2025-03-11.12:55:21::SCWBDomain::RCHIVER=arm-none-eabi-ar" "COMPILER_FLAGS=  -O2 -c" "EXTRA_COMPILER_FLAGS=-mcpu=cortex-a9 -mfpu=vfpv3 -mfloat-abi=hard -nostart
TRACE::2025-03-11.12:55:21::SCWBDomain::files -g -Wall -Wextra"

TRACE::2025-03-11.12:55:21::SCWBDomain::"Running Make libs in ps7_cortexa9_0/libsrc/sdps_v3_10/src"

TRACE::2025-03-11.12:55:21::SCWBDomain::make -C ps7_cortexa9_0/libsrc/sdps_v3_10/src -s libs  "SHELL=CMD" "COMPILER=arm-none-eabi-gcc" "ASSEMBLER=arm-none-eabi-as" "AR
TRACE::2025-03-11.12:55:21::SCWBDomain::CHIVER=arm-none-eabi-ar" "COMPILER_FLAGS=  -O2 -c" "EXTRA_COMPILER_FLAGS=-mcpu=cortex-a9 -mfpu=vfpv3 -mfloat-abi=hard -nostartf
TRACE::2025-03-11.12:55:21::SCWBDomain::iles -g -Wall -Wextra"

TRACE::2025-03-11.12:55:21::SCWBDomain::"Running Make libs in ps7_cortexa9_0/libsrc/standalone_v7_3/src"

TRACE::2025-03-11.12:55:21::SCWBDomain::make -C ps7_cortexa9_0/libsrc/standalone_v7_3/src -s libs  "SHELL=CMD" "COMPILER=arm-none-eabi-gcc" "ASSEMBLER=arm-none-eabi-as
TRACE::2025-03-11.12:55:21::SCWBDomain::" "ARCHIVER=arm-none-eabi-ar" "COMPILER_FLAGS=  -O2 -c" "EXTRA_COMPILER_FLAGS=-mcpu=cortex-a9 -mfpu=vfpv3 -mfloat-abi=hard -nos
TRACE::2025-03-11.12:55:21::SCWBDomain::tartfiles -g -Wall -Wextra"

TRACE::2025-03-11.12:55:21::SCWBDomain::"Running Make libs in ps7_cortexa9_0/libsrc/uartps_v3_10/src"

TRACE::2025-03-11.12:55:21::SCWBDomain::make -C ps7_cortexa9_0/libsrc/uartps_v3_10/src -s libs  "SHELL=CMD" "COMPILER=arm-none-eabi-gcc" "ASSEMBLER=arm-none-eabi-as" "
TRACE::2025-03-11.12:55:21::SCWBDomain::ARCHIVER=arm-none-eabi-ar" "COMPILER_FLAGS=  -O2 -c" "EXTRA_COMPILER_FLAGS=-mcpu=cortex-a9 -mfpu=vfpv3 -mfloat-abi=hard -nostar
TRACE::2025-03-11.12:55:21::SCWBDomain::tfiles -g -Wall -Wextra"

TRACE::2025-03-11.12:55:21::SCWBDomain::"Running Make libs in ps7_cortexa9_0/libsrc/usbps_v2_6/src"

TRACE::2025-03-11.12:55:21::SCWBDomain::make -C ps7_cortexa9_0/libsrc/usbps_v2_6/src -s libs  "SHELL=CMD" "COMPILER=arm-none-eabi-gcc" "ASSEMBLER=arm-none-eabi-as" "AR
TRACE::2025-03-11.12:55:21::SCWBDomain::CHIVER=arm-none-eabi-ar" "COMPILER_FLAGS=  -O2 -c" "EXTRA_COMPILER_FLAGS=-mcpu=cortex-a9 -mfpu=vfpv3 -mfloat-abi=hard -nostartf
TRACE::2025-03-11.12:55:21::SCWBDomain::iles -g -Wall -Wextra"

TRACE::2025-03-11.12:55:21::SCWBDomain::"Running Make libs in ps7_cortexa9_0/libsrc/video_common_v4_10/src"

TRACE::2025-03-11.12:55:21::SCWBDomain::make -C ps7_cortexa9_0/libsrc/video_common_v4_10/src -s libs  "SHELL=CMD" "COMPILER=arm-none-eabi-gcc" "ASSEMBLER=arm-none-eabi
TRACE::2025-03-11.12:55:21::SCWBDomain::-as" "ARCHIVER=arm-none-eabi-ar" "COMPILER_FLAGS=  -O2 -c" "EXTRA_COMPILER_FLAGS=-mcpu=cortex-a9 -mfpu=vfpv3 -mfloat-abi=hard -
TRACE::2025-03-11.12:55:21::SCWBDomain::nostartfiles -g -Wall -Wextra"

TRACE::2025-03-11.12:55:21::SCWBDomain::"Running Make libs in ps7_cortexa9_0/libsrc/vprocss_v2_8/src"

TRACE::2025-03-11.12:55:21::SCWBDomain::"Running Make libs in ps7_cortexa9_0/libsrc/v_csc_v2_5/src"

TRACE::2025-03-11.12:55:21::SCWBDomain::make -C ps7_cortexa9_0/libsrc/vprocss_v2_8/src -s libs  "SHELL=CMD" "COMPILER=arm-none-eabi-gcc" "ASSEMBLER=arm-none-eabi-as" "
TRACE::2025-03-11.12:55:21::SCWBDomain::ARCHIVER=arm-none-eabi-ar" "COMPILER_FLAGS=  -O2 -c" "EXTRA_COMPILER_FLAGS=-mcpu=cortex-a9 -mfpu=vfpv3 -mfloat-abi=hard -nostar
TRACE::2025-03-11.12:55:21::SCWBDomain::tfiles -g -Wall -Wextra"

TRACE::2025-03-11.12:55:21::SCWBDomain::make -C ps7_cortexa9_0/libsrc/v_csc_v2_5/src -s libs  "SHELL=CMD" "COMPILER=arm-none-eabi-gcc" "ASSEMBLER=arm-none-eabi-as" "AR
TRACE::2025-03-11.12:55:21::SCWBDomain::CHIVER=arm-none-eabi-ar" "COMPILER_FLAGS=  -O2 -c" "EXTRA_COMPILER_FLAGS=-mcpu=cortex-a9 -mfpu=vfpv3 -mfloat-abi=hard -nostartf
TRACE::2025-03-11.12:55:21::SCWBDomain::iles -g -Wall -Wextra"

TRACE::2025-03-11.12:55:21::SCWBDomain::"Running Make libs in ps7_cortexa9_0/libsrc/v_deinterlacer_v7_2/src"

TRACE::2025-03-11.12:55:21::SCWBDomain::make -C ps7_cortexa9_0/libsrc/v_deinterlacer_v7_2/src -s libs  "SHELL=CMD" "COMPILER=arm-none-eabi-gcc" "ASSEMBLER=arm-none-eab
TRACE::2025-03-11.12:55:21::SCWBDomain::i-as" "ARCHIVER=arm-none-eabi-ar" "COMPILER_FLAGS=  -O2 -c" "EXTRA_COMPILER_FLAGS=-mcpu=cortex-a9 -mfpu=vfpv3 -mfloat-abi=hard 
TRACE::2025-03-11.12:55:21::SCWBDomain::-nostartfiles -g -Wall -Wextra"

TRACE::2025-03-11.12:55:21::SCWBDomain::"Running Make libs in ps7_cortexa9_0/libsrc/v_hcresampler_v3_2/src"

TRACE::2025-03-11.12:55:21::SCWBDomain::make -C ps7_cortexa9_0/libsrc/v_hcresampler_v3_2/src -s libs  "SHELL=CMD" "COMPILER=arm-none-eabi-gcc" "ASSEMBLER=arm-none-eabi
TRACE::2025-03-11.12:55:21::SCWBDomain::-as" "ARCHIVER=arm-none-eabi-ar" "COMPILER_FLAGS=  -O2 -c" "EXTRA_COMPILER_FLAGS=-mcpu=cortex-a9 -mfpu=vfpv3 -mfloat-abi=hard -
TRACE::2025-03-11.12:55:21::SCWBDomain::nostartfiles -g -Wall -Wextra"

TRACE::2025-03-11.12:55:21::SCWBDomain::"Running Make libs in ps7_cortexa9_0/libsrc/v_hscaler_v3_4/src"

TRACE::2025-03-11.12:55:21::SCWBDomain::make -C ps7_cortexa9_0/libsrc/v_hscaler_v3_4/src -s libs  "SHELL=CMD" "COMPILER=arm-none-eabi-gcc" "ASSEMBLER=arm-none-eabi-as"
TRACE::2025-03-11.12:55:21::SCWBDomain:: "ARCHIVER=arm-none-eabi-ar" "COMPILER_FLAGS=  -O2 -c" "EXTRA_COMPILER_FLAGS=-mcpu=cortex-a9 -mfpu=vfpv3 -mfloat-abi=hard -nost
TRACE::2025-03-11.12:55:21::SCWBDomain::artfiles -g -Wall -Wextra"

TRACE::2025-03-11.12:55:21::SCWBDomain::"Running Make libs in ps7_cortexa9_0/libsrc/v_letterbox_v2_3/src"

TRACE::2025-03-11.12:55:21::SCWBDomain::make -C ps7_cortexa9_0/libsrc/v_letterbox_v2_3/src -s libs  "SHELL=CMD" "COMPILER=arm-none-eabi-gcc" "ASSEMBLER=arm-none-eabi-a
TRACE::2025-03-11.12:55:21::SCWBDomain::s" "ARCHIVER=arm-none-eabi-ar" "COMPILER_FLAGS=  -O2 -c" "EXTRA_COMPILER_FLAGS=-mcpu=cortex-a9 -mfpu=vfpv3 -mfloat-abi=hard -no
TRACE::2025-03-11.12:55:21::SCWBDomain::startfiles -g -Wall -Wextra"

TRACE::2025-03-11.12:55:21::SCWBDomain::"Running Make libs in ps7_cortexa9_0/libsrc/v_vcresampler_v3_2/src"

TRACE::2025-03-11.12:55:21::SCWBDomain::make -C ps7_cortexa9_0/libsrc/v_vcresampler_v3_2/src -s libs  "SHELL=CMD" "COMPILER=arm-none-eabi-gcc" "ASSEMBLER=arm-none-eabi
TRACE::2025-03-11.12:55:21::SCWBDomain::-as" "ARCHIVER=arm-none-eabi-ar" "COMPILER_FLAGS=  -O2 -c" "EXTRA_COMPILER_FLAGS=-mcpu=cortex-a9 -mfpu=vfpv3 -mfloat-abi=hard -
TRACE::2025-03-11.12:55:21::SCWBDomain::nostartfiles -g -Wall -Wextra"

TRACE::2025-03-11.12:55:21::SCWBDomain::"Running Make libs in ps7_cortexa9_0/libsrc/v_vscaler_v3_2/src"

TRACE::2025-03-11.12:55:21::SCWBDomain::make -C ps7_cortexa9_0/libsrc/v_vscaler_v3_2/src -s libs  "SHELL=CMD" "COMPILER=arm-none-eabi-gcc" "ASSEMBLER=arm-none-eabi-as"
TRACE::2025-03-11.12:55:21::SCWBDomain:: "ARCHIVER=arm-none-eabi-ar" "COMPILER_FLAGS=  -O2 -c" "EXTRA_COMPILER_FLAGS=-mcpu=cortex-a9 -mfpu=vfpv3 -mfloat-abi=hard -nost
TRACE::2025-03-11.12:55:21::SCWBDomain::artfiles -g -Wall -Wextra"

TRACE::2025-03-11.12:55:21::SCWBDomain::"Running Make libs in ps7_cortexa9_0/libsrc/xadcps_v2_5/src"

TRACE::2025-03-11.12:55:22::SCWBDomain::make -C ps7_cortexa9_0/libsrc/xadcps_v2_5/src -s libs  "SHELL=CMD" "COMPILER=arm-none-eabi-gcc" "ASSEMBLER=arm-none-eabi-as" "A
TRACE::2025-03-11.12:55:22::SCWBDomain::RCHIVER=arm-none-eabi-ar" "COMPILER_FLAGS=  -O2 -c" "EXTRA_COMPILER_FLAGS=-mcpu=cortex-a9 -mfpu=vfpv3 -mfloat-abi=hard -nostart
TRACE::2025-03-11.12:55:22::SCWBDomain::files -g -Wall -Wextra"

TRACE::2025-03-11.12:55:22::SCWBDomain::"Running Make libs in ps7_cortexa9_0/libsrc/xilffs_v4_4/src"

TRACE::2025-03-11.12:55:22::SCWBDomain::make -C ps7_cortexa9_0/libsrc/xilffs_v4_4/src -s libs  "SHELL=CMD" "COMPILER=arm-none-eabi-gcc" "ASSEMBLER=arm-none-eabi-as" "A
TRACE::2025-03-11.12:55:22::SCWBDomain::RCHIVER=arm-none-eabi-ar" "COMPILER_FLAGS=  -O2 -c" "EXTRA_COMPILER_FLAGS=-mcpu=cortex-a9 -mfpu=vfpv3 -mfloat-abi=hard -nostart
TRACE::2025-03-11.12:55:22::SCWBDomain::files -g -Wall -Wextra"

TRACE::2025-03-11.12:55:22::SCWBDomain::'Finished building libraries parallelly.'

TRACE::2025-03-11.12:55:22::SCWBDomain::make --no-print-directory archive

TRACE::2025-03-11.12:55:22::SCWBDomain::arm-none-eabi-ar -r  ps7_cortexa9_0/lib/libxil.a ps7_cortexa9_0/lib/xadcps_selftest.o ps7_cortexa9_0/lib/xvprocss_sinit.o ps7_c
TRACE::2025-03-11.12:55:22::SCWBDomain::ortexa9_0/lib/xv_hcresampler_coeff.o ps7_cortexa9_0/lib/xv_vscaler_sinit.o ps7_cortexa9_0/lib/xplatform_info.o ps7_cortexa9_0/l
TRACE::2025-03-11.12:55:22::SCWBDomain::ib/xil_mmu.o ps7_cortexa9_0/lib/xv_hscaler_sinit.o ps7_cortexa9_0/lib/isatty.o ps7_cortexa9_0/lib/xusbps_sinit.o ps7_cortexa9_0
TRACE::2025-03-11.12:55:22::SCWBDomain::/lib/xdevcfg_hw.o ps7_cortexa9_0/lib/xil_sleeptimer.o ps7_cortexa9_0/lib/xgpio_sinit.o ps7_cortexa9_0/lib/xqspips_options.o ps7
TRACE::2025-03-11.12:55:22::SCWBDomain::_cortexa9_0/lib/xvidc_timings_table.o ps7_cortexa9_0/lib/xdmaps_g.o ps7_cortexa9_0/lib/xscutimer_g.o ps7_cortexa9_0/lib/xsdps_o
TRACE::2025-03-11.12:55:22::SCWBDomain::ptions.o ps7_cortexa9_0/lib/xv_deinterlacer.o ps7_cortexa9_0/lib/xil_misc_psreset_api.o ps7_cortexa9_0/lib/xdmaps_sinit.o ps7_c
TRACE::2025-03-11.12:55:22::SCWBDomain::ortexa9_0/lib/xscutimer_sinit.o ps7_cortexa9_0/lib/xemacps_hw.o ps7_cortexa9_0/lib/inbyte.o ps7_cortexa9_0/lib/xdmaps_selftest.
TRACE::2025-03-11.12:55:22::SCWBDomain::o ps7_cortexa9_0/lib/xscutimer_selftest.o ps7_cortexa9_0/lib/putnum.o ps7_cortexa9_0/lib/xqspips_hw.o ps7_cortexa9_0/lib/xgpiop
TRACE::2025-03-11.12:55:22::SCWBDomain::s_g.o ps7_cortexa9_0/lib/xsdps.o ps7_cortexa9_0/lib/close.o ps7_cortexa9_0/lib/xv_deinterlacer_l2.o ps7_cortexa9_0/lib/xemacps_
TRACE::2025-03-11.12:55:22::SCWBDomain::g.o ps7_cortexa9_0/lib/xgpiops_sinit.o ps7_cortexa9_0/lib/xvprocss_coreinit.o ps7_cortexa9_0/lib/xgpiops_selftest.o ps7_cortexa
TRACE::2025-03-11.12:55:22::SCWBDomain::9_0/lib/xgpio_g.o ps7_cortexa9_0/lib/xscuwdt.o ps7_cortexa9_0/lib/xv_hcresampler_linux.o ps7_cortexa9_0/lib/xaxivdma_g.o ps7_co
TRACE::2025-03-11.12:55:22::SCWBDomain::rtexa9_0/lib/xv_csc_l2.o ps7_cortexa9_0/lib/xil_mem.o ps7_cortexa9_0/lib/xaxivdma_sinit.o ps7_cortexa9_0/lib/xv_hscaler.o ps7_c
TRACE::2025-03-11.12:55:22::SCWBDomain::ortexa9_0/lib/xgpio_selftest.o ps7_cortexa9_0/lib/xaxivdma_selftest.o ps7_cortexa9_0/lib/xil_printf.o ps7_cortexa9_0/lib/kill.o
TRACE::2025-03-11.12:55:22::SCWBDomain:: ps7_cortexa9_0/lib/xadcps.o ps7_cortexa9_0/lib/xuartps_sinit.o ps7_cortexa9_0/lib/xaxis_switch_g.o ps7_cortexa9_0/lib/xuartps_
TRACE::2025-03-11.12:55:22::SCWBDomain::selftest.o ps7_cortexa9_0/lib/xuartps_g.o ps7_cortexa9_0/lib/outbyte.o ps7_cortexa9_0/lib/lseek.o ps7_cortexa9_0/lib/xv_vcresam
TRACE::2025-03-11.12:55:22::SCWBDomain::pler_sinit.o ps7_cortexa9_0/lib/xusbps_hw.o ps7_cortexa9_0/lib/xv_vcresampler_linux.o ps7_cortexa9_0/lib/xl2cc_counter.o ps7_co
TRACE::2025-03-11.12:55:22::SCWBDomain::rtexa9_0/lib/xv_deinterlacer_linux.o ps7_cortexa9_0/lib/asm_vectors.o ps7_cortexa9_0/lib/usleep.o ps7_cortexa9_0/lib/abort.o ps
TRACE::2025-03-11.12:55:22::SCWBDomain::7_cortexa9_0/lib/xscugic_intr.o ps7_cortexa9_0/lib/getpid.o ps7_cortexa9_0/lib/xil_testcache.o ps7_cortexa9_0/lib/xdevcfg_sinit
TRACE::2025-03-11.12:55:22::SCWBDomain::.o ps7_cortexa9_0/lib/xdmaps.o ps7_cortexa9_0/lib/xscutimer.o ps7_cortexa9_0/lib/xv_hscaler_linux.o ps7_cortexa9_0/lib/xdevcfg_
TRACE::2025-03-11.12:55:22::SCWBDomain::selftest.o ps7_cortexa9_0/lib/xpm_counter.o ps7_cortexa9_0/lib/xv_vcresampler_g.o ps7_cortexa9_0/lib/_sbrk.o ps7_cortexa9_0/lib
TRACE::2025-03-11.12:55:22::SCWBDomain::/xemacps_sinit.o ps7_cortexa9_0/lib/xusbps_endpoint.o ps7_cortexa9_0/lib/xqspips_g.o ps7_cortexa9_0/lib/xgpiops.o ps7_cortexa9_
TRACE::2025-03-11.12:55:22::SCWBDomain::0/lib/xusbps_g.o ps7_cortexa9_0/lib/xsdps_sinit.o ps7_cortexa9_0/lib/xvprocss.o ps7_cortexa9_0/lib/xv_vscaler_g.o ps7_cortexa9_
TRACE::2025-03-11.12:55:22::SCWBDomain::0/lib/xv_vcresampler_coeff.o ps7_cortexa9_0/lib/xqspips_selftest.o ps7_cortexa9_0/lib/xil_exception.o ps7_cortexa9_0/lib/xsdps_
TRACE::2025-03-11.12:55:22::SCWBDomain::g.o ps7_cortexa9_0/lib/xgpio.o ps7_cortexa9_0/lib/xil_testmem.o ps7_cortexa9_0/lib/xaxivdma.o ps7_cortexa9_0/lib/xemacps_contro
TRACE::2025-03-11.12:55:22::SCWBDomain::l.o ps7_cortexa9_0/lib/open.o ps7_cortexa9_0/lib/xaxis_switch_selftest.o ps7_cortexa9_0/lib/xil_assert.o ps7_cortexa9_0/lib/xax
TRACE::2025-03-11.12:55:22::SCWBDomain::ivdma_intr.o ps7_cortexa9_0/lib/xv_letterbox_linux.o ps7_cortexa9_0/lib/xusbps_intr.o ps7_cortexa9_0/lib/xv_vscaler_coeff.o ps7
TRACE::2025-03-11.12:55:22::SCWBDomain::_cortexa9_0/lib/xvidc.o ps7_cortexa9_0/lib/xsdps_host.o ps7_cortexa9_0/lib/xcoresightpsdcc.o ps7_cortexa9_0/lib/xv_csc.o ps7_co
TRACE::2025-03-11.12:55:22::SCWBDomain::rtexa9_0/lib/xscugic_hw.o ps7_cortexa9_0/lib/xuartps.o ps7_cortexa9_0/lib/sleep.o ps7_cortexa9_0/lib/cpputest_time.o ps7_cortex
TRACE::2025-03-11.12:55:22::SCWBDomain::a9_0/lib/_open.o ps7_cortexa9_0/lib/fcntl.o ps7_cortexa9_0/lib/xv_vscaler_l2.o ps7_cortexa9_0/lib/xvidc_edid.o ps7_cortexa9_0/l
TRACE::2025-03-11.12:55:22::SCWBDomain::ib/print.o ps7_cortexa9_0/lib/read.o ps7_cortexa9_0/lib/xv_hcresampler.o ps7_cortexa9_0/lib/xv_letterbox.o ps7_cortexa9_0/lib/x
TRACE::2025-03-11.12:55:22::SCWBDomain::devcfg.o ps7_cortexa9_0/lib/xadcps_intr.o ps7_cortexa9_0/lib/xqspips.o ps7_cortexa9_0/lib/xv_deinterlacer_g.o ps7_cortexa9_0/li
TRACE::2025-03-11.12:55:22::SCWBDomain::b/xv_deinterlacer_sinit.o ps7_cortexa9_0/lib/xemacps.o ps7_cortexa9_0/lib/xil_cache.o ps7_cortexa9_0/lib/xil_testio.o ps7_corte
TRACE::2025-03-11.12:55:22::SCWBDomain::xa9_0/lib/xv_vcresampler.o ps7_cortexa9_0/lib/xvidc_edid_ext.o ps7_cortexa9_0/lib/xuartps_intr.o ps7_cortexa9_0/lib/unlink.o ps
TRACE::2025-03-11.12:55:22::SCWBDomain::7_cortexa9_0/lib/xusbps.o ps7_cortexa9_0/lib/xaxis_switch.o ps7_cortexa9_0/lib/xv_vscaler.o ps7_cortexa9_0/lib/_exit.o ps7_cort
TRACE::2025-03-11.12:55:22::SCWBDomain::exa9_0/lib/translation_table.o ps7_cortexa9_0/lib/write.o ps7_cortexa9_0/lib/boot.o ps7_cortexa9_0/lib/xemacps_bdring.o ps7_cor
TRACE::2025-03-11.12:55:22::SCWBDomain::texa9_0/lib/xaxivdma_channel.o ps7_cortexa9_0/lib/cpu_init.o ps7_cortexa9_0/lib/xv_vscaler_linux.o ps7_cortexa9_0/lib/xil_sleep
TRACE::2025-03-11.12:55:22::SCWBDomain::common.o ps7_cortexa9_0/lib/xscugic_g.o ps7_cortexa9_0/lib/xv_hscaler_g.o ps7_cortexa9_0/lib/xgpiops_intr.o ps7_cortexa9_0/lib/
TRACE::2025-03-11.12:55:22::SCWBDomain::xscugic_sinit.o ps7_cortexa9_0/lib/xdevcfg_g.o ps7_cortexa9_0/lib/xuartps_hw.o ps7_cortexa9_0/lib/xgpio_intr.o ps7_cortexa9_0/l
TRACE::2025-03-11.12:55:22::SCWBDomain::ib/xv_hcresampler_g.o ps7_cortexa9_0/lib/xvprocss_router.o ps7_cortexa9_0/lib/xtime_l.o ps7_cortexa9_0/lib/xvidc_parse_edid.o p
TRACE::2025-03-11.12:55:22::SCWBDomain::s7_cortexa9_0/lib/xv_csc_g.o ps7_cortexa9_0/lib/xscugic_selftest.o ps7_cortexa9_0/lib/xil_util.o ps7_cortexa9_0/lib/xscuwdt_sin
TRACE::2025-03-11.12:55:22::SCWBDomain::it.o ps7_cortexa9_0/lib/xsdps_card.o ps7_cortexa9_0/lib/xdmaps_hw.o ps7_cortexa9_0/lib/xv_hcresampler_sinit.o ps7_cortexa9_0/li
TRACE::2025-03-11.12:55:22::SCWBDomain::b/xv_hscaler_coeff.o ps7_cortexa9_0/lib/xv_hcresampler_l2.o ps7_cortexa9_0/lib/xvprocss_log.o ps7_cortexa9_0/lib/xv_letterbox_l
TRACE::2025-03-11.12:55:22::SCWBDomain::2.o ps7_cortexa9_0/lib/sbrk.o ps7_cortexa9_0/lib/xgpiops_hw.o ps7_cortexa9_0/lib/fstat.o ps7_cortexa9_0/lib/errno.o ps7_cortexa
TRACE::2025-03-11.12:55:22::SCWBDomain::9_0/lib/xvprocss_vdma.o ps7_cortexa9_0/lib/xdevcfg_intr.o ps7_cortexa9_0/lib/xuartps_options.o ps7_cortexa9_0/lib/xv_hscaler_l2
TRACE::2025-03-11.12:55:22::SCWBDomain::.o ps7_cortexa9_0/lib/xaxis_switch_sinit.o ps7_cortexa9_0/lib/vectors.o ps7_cortexa9_0/lib/xv_csc_linux.o ps7_cortexa9_0/lib/xs
TRACE::2025-03-11.12:55:22::SCWBDomain::cuwdt_g.o ps7_cortexa9_0/lib/xvprocss_g.o ps7_cortexa9_0/lib/xv_letterbox_g.o ps7_cortexa9_0/lib/xil_clocking.o ps7_cortexa9_0/
TRACE::2025-03-11.12:55:22::SCWBDomain::lib/xv_vcresampler_l2.o ps7_cortexa9_0/lib/xv_csc_sinit.o ps7_cortexa9_0/lib/xv_letterbox_sinit.o ps7_cortexa9_0/lib/xemacps_in
TRACE::2025-03-11.12:55:22::SCWBDomain::tr.o ps7_cortexa9_0/lib/xscuwdt_selftest.o ps7_cortexa9_0/lib/xgpio_extra.o ps7_cortexa9_0/lib/xil-crt0.o ps7_cortexa9_0/lib/xs
TRACE::2025-03-11.12:55:22::SCWBDomain::cugic.o ps7_cortexa9_0/lib/xadcps_g.o ps7_cortexa9_0/lib/xqspips_sinit.o ps7_cortexa9_0/lib/xadcps_sinit.o

TRACE::2025-03-11.12:55:23::SCWBDomain::'Finished building libraries'

TRACE::2025-03-11.12:55:23::SCWBDomain::make: Leaving directory 'D:/Travail/s4-projet/vivado/atelier4_wrapper/zynq_fsbl/zynq_fsbl_bsp'

TRACE::2025-03-11.12:55:23::SCWBDomain::arm-none-eabi-gcc -o fsbl.elf  sd.o  nand.o  image_mover.o  md5.o  fsbl_hooks.o  main.o  nor.o  qspi.o  rsa.o  ps7_init.o  pcap
TRACE::2025-03-11.12:55:23::SCWBDomain::.o  fsbl_handoff.o -MMD -MP       -mcpu=cortex-a9 -mfpu=vfpv3 -mfloat-abi=hard   -mcpu=cortex-a9 -mfpu=vfpv3 -mfloat-abi=hard -
TRACE::2025-03-11.12:55:23::SCWBDomain::Wl,-build-id=none -specs=Xilinx.spec  -lrsa -Wl,--start-group,-lxil,-lgcc,-lc,--end-group -Wl,--start-group,-lxilffs,-lxil,-lgc
TRACE::2025-03-11.12:55:23::SCWBDomain::c,-lc,--end-group -Wl,--start-group,-lrsa,-lxil,-lgcc,-lc,--end-group                                       -Wl,--gc-sections -
TRACE::2025-03-11.12:55:23::SCWBDomain::Lzynq_fsbl_bsp/ps7_cortexa9_0/lib -L./ -Tlscript.ld

LOG::2025-03-11.12:55:26::SCWSystem::Checking the domain standalone_ps7_cortexa9_0
LOG::2025-03-11.12:55:26::SCWSystem::Not a boot domain 
LOG::2025-03-11.12:55:26::SCWSystem::Started Processing the domain standalone_ps7_cortexa9_0
TRACE::2025-03-11.12:55:26::SCWDomain::Generating domain artifcats
TRACE::2025-03-11.12:55:26::SCWMssOS::Generating standalone artifcats
TRACE::2025-03-11.12:55:26::SCWMssOS::Copying the qemu file from  C:/Xilinx/Vitis/2020.2/data/emulation/platforms/zynq/sw/a9_standalone/qemu/qemu_args.txt To D:/Travail/s4-projet/vivado/atelier4_wrapper/export/atelier4_wrapper/sw/atelier4_wrapper/qemu/
TRACE::2025-03-11.12:55:26::SCWMssOS::Copying the qemu file from  C:/Xilinx/Vitis/2020.2/data/emulation/platforms/zynq/sw/a9_standalone/qemu/qemu_args.txt To D:/Travail/s4-projet/vivado/atelier4_wrapper/export/atelier4_wrapper/sw/atelier4_wrapper/standalone_ps7_cortexa9_0/qemu/
TRACE::2025-03-11.12:55:26::SCWMssOS:: Copying the user libraries. 
TRACE::2025-03-11.12:55:26::SCWPlatform::Trying to open the hw design at D:/Travail/s4-projet/vivado/atelier4_wrapper/hw/atelier4_wrapper.xsa
TRACE::2025-03-11.12:55:26::SCWPlatform::DSA given D:/Travail/s4-projet/vivado/atelier4_wrapper/hw/atelier4_wrapper.xsa
TRACE::2025-03-11.12:55:26::SCWPlatform::DSA absoulate path D:/Travail/s4-projet/vivado/atelier4_wrapper/hw/atelier4_wrapper.xsa
TRACE::2025-03-11.12:55:26::SCWPlatform::DSA directory D:/Travail/s4-projet/vivado/atelier4_wrapper/hw
TRACE::2025-03-11.12:55:26::SCWPlatform:: Platform Path D:/Travail/s4-projet/vivado/atelier4_wrapper/hw/atelier4_wrapper.xsa
TRACE::2025-03-11.12:55:26::SCWPlatform:: Unique name xilinx:zybo-z7-10::0.0
TRACE::2025-03-11.12:55:26::SCWPlatform::Trying to set the existing hwdb with name atelier4_wrapper
TRACE::2025-03-11.12:55:26::SCWPlatform::Opened existing hwdb atelier4_wrapper
TRACE::2025-03-11.12:55:26::SCWPlatform::Found the Hw Db part of the input DSA
TRACE::2025-03-11.12:55:26::SCWMssOS::Checking the sw design at  D:/Travail/s4-projet/vivado/atelier4_wrapper/ps7_cortexa9_0/standalone_ps7_cortexa9_0/bsp/system.mss
TRACE::2025-03-11.12:55:26::SCWMssOS::DEBUG:  swdes dump  D:/Travail/s4-projet/vivado/atelier4_wrapper/ps7_cortexa9_0/standalone_ps7_cortexa9_0/bsp/system.mss|system_0||
D:/Travail/s4-projet/vivado/atelier4_wrapper/zynq_fsbl/zynq_fsbl_bsp/system.mss|system||

TRACE::2025-03-11.12:55:26::SCWMssOS::Sw design exists and opened at  D:/Travail/s4-projet/vivado/atelier4_wrapper/ps7_cortexa9_0/standalone_ps7_cortexa9_0/bsp/system.mss
TRACE::2025-03-11.12:55:26::SCWMssOS::Completed writing the mss file at D:/Travail/s4-projet/vivado/atelier4_wrapper/ps7_cortexa9_0/standalone_ps7_cortexa9_0/bsp
TRACE::2025-03-11.12:55:26::SCWMssOS::Mss edits present, copying mssfile into export location D:/Travail/s4-projet/vivado/atelier4_wrapper/ps7_cortexa9_0/standalone_ps7_cortexa9_0/bsp/system.mss
TRACE::2025-03-11.12:55:26::SCWMssOS::bsp generated is upto date with the mss file. Skipping bsp generation.
TRACE::2025-03-11.12:55:26::SCWMssOS::BSP is already built. skipping the bsp build ... 
TRACE::2025-03-11.12:55:26::SCWDomain::Building the domain as part of full build :  standalone_ps7_cortexa9_0
TRACE::2025-03-11.12:55:26::SCWMssOS::doing bsp build ... 
TRACE::2025-03-11.12:55:26::SCWMssOS::System Command Ran  D: & cd  D:/Travail/s4-projet/vivado/atelier4_wrapper/ps7_cortexa9_0/standalone_ps7_cortexa9_0/bsp & make 
TRACE::2025-03-11.12:55:26::SCWMssOS::make --no-print-directory seq_libs

TRACE::2025-03-11.12:55:26::SCWMssOS::"Running Make include in ps7_cortexa9_0/libsrc/axis_switch_v1_4/src"

TRACE::2025-03-11.12:55:26::SCWMssOS::make -C ps7_cortexa9_0/libsrc/axis_switch_v1_4/src -s include  "SHELL=CMD" "COMPILER=arm-none-eabi-gcc" "ASSEMBLER=arm-none-eab
TRACE::2025-03-11.12:55:26::SCWMssOS::i-as" "ARCHIVER=arm-none-eabi-ar" "COMPILER_FLAGS=  -O2 -c" "EXTRA_COMPILER_FLAGS=-mcpu=cortex-a9 -mfpu=vfpv3 -mfloat-abi=hard 
TRACE::2025-03-11.12:55:26::SCWMssOS::-nostartfiles -g -Wall -Wextra"

TRACE::2025-03-11.12:55:26::SCWMssOS::"Running Make include in ps7_cortexa9_0/libsrc/axivdma_v6_8/src"

TRACE::2025-03-11.12:55:26::SCWMssOS::make -C ps7_cortexa9_0/libsrc/axivdma_v6_8/src -s include  "SHELL=CMD" "COMPILER=arm-none-eabi-gcc" "ASSEMBLER=arm-none-eabi-as
TRACE::2025-03-11.12:55:26::SCWMssOS::" "ARCHIVER=arm-none-eabi-ar" "COMPILER_FLAGS=  -O2 -c" "EXTRA_COMPILER_FLAGS=-mcpu=cortex-a9 -mfpu=vfpv3 -mfloat-abi=hard -nos
TRACE::2025-03-11.12:55:26::SCWMssOS::tartfiles -g -Wall -Wextra"

TRACE::2025-03-11.12:55:26::SCWMssOS::"Running Make include in ps7_cortexa9_0/libsrc/coresightps_dcc_v1_8/src"

TRACE::2025-03-11.12:55:26::SCWMssOS::make -C ps7_cortexa9_0/libsrc/coresightps_dcc_v1_8/src -s include  "SHELL=CMD" "COMPILER=arm-none-eabi-gcc" "ASSEMBLER=arm-none
TRACE::2025-03-11.12:55:26::SCWMssOS::-eabi-as" "ARCHIVER=arm-none-eabi-ar" "COMPILER_FLAGS=  -O2 -c" "EXTRA_COMPILER_FLAGS=-mcpu=cortex-a9 -mfpu=vfpv3 -mfloat-abi=h
TRACE::2025-03-11.12:55:26::SCWMssOS::ard -nostartfiles -g -Wall -Wextra"

TRACE::2025-03-11.12:55:26::SCWMssOS::"Running Make include in ps7_cortexa9_0/libsrc/cpu_cortexa9_v2_10/src"

TRACE::2025-03-11.12:55:26::SCWMssOS::make -C ps7_cortexa9_0/libsrc/cpu_cortexa9_v2_10/src -s include  "SHELL=CMD" "COMPILER=arm-none-eabi-gcc" "ASSEMBLER=arm-none-e
TRACE::2025-03-11.12:55:26::SCWMssOS::abi-as" "ARCHIVER=arm-none-eabi-ar" "COMPILER_FLAGS=  -O2 -c" "EXTRA_COMPILER_FLAGS=-mcpu=cortex-a9 -mfpu=vfpv3 -mfloat-abi=har
TRACE::2025-03-11.12:55:26::SCWMssOS::d -nostartfiles -g -Wall -Wextra"

TRACE::2025-03-11.12:55:26::SCWMssOS::"Running Make include in ps7_cortexa9_0/libsrc/ddrps_v1_2/src"

TRACE::2025-03-11.12:55:26::SCWMssOS::make -C ps7_cortexa9_0/libsrc/ddrps_v1_2/src -s include  "SHELL=CMD" "COMPILER=arm-none-eabi-gcc" "ASSEMBLER=arm-none-eabi-as" 
TRACE::2025-03-11.12:55:26::SCWMssOS::"ARCHIVER=arm-none-eabi-ar" "COMPILER_FLAGS=  -O2 -c" "EXTRA_COMPILER_FLAGS=-mcpu=cortex-a9 -mfpu=vfpv3 -mfloat-abi=hard -nosta
TRACE::2025-03-11.12:55:26::SCWMssOS::rtfiles -g -Wall -Wextra"

TRACE::2025-03-11.12:55:27::SCWMssOS::"Running Make include in ps7_cortexa9_0/libsrc/devcfg_v3_7/src"

TRACE::2025-03-11.12:55:27::SCWMssOS::make -C ps7_cortexa9_0/libsrc/devcfg_v3_7/src -s include  "SHELL=CMD" "COMPILER=arm-none-eabi-gcc" "ASSEMBLER=arm-none-eabi-as"
TRACE::2025-03-11.12:55:27::SCWMssOS:: "ARCHIVER=arm-none-eabi-ar" "COMPILER_FLAGS=  -O2 -c" "EXTRA_COMPILER_FLAGS=-mcpu=cortex-a9 -mfpu=vfpv3 -mfloat-abi=hard -nost
TRACE::2025-03-11.12:55:27::SCWMssOS::artfiles -g -Wall -Wextra"

TRACE::2025-03-11.12:55:27::SCWMssOS::"Running Make include in ps7_cortexa9_0/libsrc/dmaps_v2_7/src"

TRACE::2025-03-11.12:55:27::SCWMssOS::make -C ps7_cortexa9_0/libsrc/dmaps_v2_7/src -s include  "SHELL=CMD" "COMPILER=arm-none-eabi-gcc" "ASSEMBLER=arm-none-eabi-as" 
TRACE::2025-03-11.12:55:27::SCWMssOS::"ARCHIVER=arm-none-eabi-ar" "COMPILER_FLAGS=  -O2 -c" "EXTRA_COMPILER_FLAGS=-mcpu=cortex-a9 -mfpu=vfpv3 -mfloat-abi=hard -nosta
TRACE::2025-03-11.12:55:27::SCWMssOS::rtfiles -g -Wall -Wextra"

TRACE::2025-03-11.12:55:27::SCWMssOS::"Running Make include in ps7_cortexa9_0/libsrc/emacps_v3_12/src"

TRACE::2025-03-11.12:55:27::SCWMssOS::make -C ps7_cortexa9_0/libsrc/emacps_v3_12/src -s include  "SHELL=CMD" "COMPILER=arm-none-eabi-gcc" "ASSEMBLER=arm-none-eabi-as
TRACE::2025-03-11.12:55:27::SCWMssOS::" "ARCHIVER=arm-none-eabi-ar" "COMPILER_FLAGS=  -O2 -c" "EXTRA_COMPILER_FLAGS=-mcpu=cortex-a9 -mfpu=vfpv3 -mfloat-abi=hard -nos
TRACE::2025-03-11.12:55:27::SCWMssOS::tartfiles -g -Wall -Wextra"

TRACE::2025-03-11.12:55:27::SCWMssOS::"Running Make include in ps7_cortexa9_0/libsrc/gpiops_v3_8/src"

TRACE::2025-03-11.12:55:27::SCWMssOS::make -C ps7_cortexa9_0/libsrc/gpiops_v3_8/src -s include  "SHELL=CMD" "COMPILER=arm-none-eabi-gcc" "ASSEMBLER=arm-none-eabi-as"
TRACE::2025-03-11.12:55:27::SCWMssOS:: "ARCHIVER=arm-none-eabi-ar" "COMPILER_FLAGS=  -O2 -c" "EXTRA_COMPILER_FLAGS=-mcpu=cortex-a9 -mfpu=vfpv3 -mfloat-abi=hard -nost
TRACE::2025-03-11.12:55:27::SCWMssOS::artfiles -g -Wall -Wextra"

TRACE::2025-03-11.12:55:27::SCWMssOS::"Running Make include in ps7_cortexa9_0/libsrc/gpio_v4_7/src"

TRACE::2025-03-11.12:55:27::SCWMssOS::make -C ps7_cortexa9_0/libsrc/gpio_v4_7/src -s include  "SHELL=CMD" "COMPILER=arm-none-eabi-gcc" "ASSEMBLER=arm-none-eabi-as" "
TRACE::2025-03-11.12:55:27::SCWMssOS::ARCHIVER=arm-none-eabi-ar" "COMPILER_FLAGS=  -O2 -c" "EXTRA_COMPILER_FLAGS=-mcpu=cortex-a9 -mfpu=vfpv3 -mfloat-abi=hard -nostar
TRACE::2025-03-11.12:55:27::SCWMssOS::tfiles -g -Wall -Wextra"

TRACE::2025-03-11.12:55:27::SCWMssOS::"Running Make include in ps7_cortexa9_0/libsrc/mycolorRegister_v1_0/src"

TRACE::2025-03-11.12:55:27::SCWMssOS::make -C ps7_cortexa9_0/libsrc/mycolorRegister_v1_0/src -s include  "SHELL=CMD" "COMPILER=arm-none-eabi-gcc" "ASSEMBLER=arm-none
TRACE::2025-03-11.12:55:27::SCWMssOS::-eabi-as" "ARCHIVER=arm-none-eabi-ar" "COMPILER_FLAGS=  -O2 -c" "EXTRA_COMPILER_FLAGS=-mcpu=cortex-a9 -mfpu=vfpv3 -mfloat-abi=h
TRACE::2025-03-11.12:55:27::SCWMssOS::ard -nostartfiles -g -Wall -Wextra"

TRACE::2025-03-11.12:55:27::SCWMssOS::"Running Make include in ps7_cortexa9_0/libsrc/pixelDataToVideoStream_v1_0/src"

TRACE::2025-03-11.12:55:27::SCWMssOS::make -C ps7_cortexa9_0/libsrc/pixelDataToVideoStream_v1_0/src -s include  "SHELL=CMD" "COMPILER=arm-none-eabi-gcc" "ASSEMBLER=a
TRACE::2025-03-11.12:55:27::SCWMssOS::rm-none-eabi-as" "ARCHIVER=arm-none-eabi-ar" "COMPILER_FLAGS=  -O2 -c" "EXTRA_COMPILER_FLAGS=-mcpu=cortex-a9 -mfpu=vfpv3 -mfloa
TRACE::2025-03-11.12:55:27::SCWMssOS::t-abi=hard -nostartfiles -g -Wall -Wextra"

TRACE::2025-03-11.12:55:27::SCWMssOS::"Running Make include in ps7_cortexa9_0/libsrc/qspips_v3_8/src"

TRACE::2025-03-11.12:55:27::SCWMssOS::make -C ps7_cortexa9_0/libsrc/qspips_v3_8/src -s include  "SHELL=CMD" "COMPILER=arm-none-eabi-gcc" "ASSEMBLER=arm-none-eabi-as"
TRACE::2025-03-11.12:55:27::SCWMssOS:: "ARCHIVER=arm-none-eabi-ar" "COMPILER_FLAGS=  -O2 -c" "EXTRA_COMPILER_FLAGS=-mcpu=cortex-a9 -mfpu=vfpv3 -mfloat-abi=hard -nost
TRACE::2025-03-11.12:55:27::SCWMssOS::artfiles -g -Wall -Wextra"

TRACE::2025-03-11.12:55:27::SCWMssOS::"Running Make include in ps7_cortexa9_0/libsrc/scugic_v4_3/src"

TRACE::2025-03-11.12:55:27::SCWMssOS::make -C ps7_cortexa9_0/libsrc/scugic_v4_3/src -s include  "SHELL=CMD" "COMPILER=arm-none-eabi-gcc" "ASSEMBLER=arm-none-eabi-as"
TRACE::2025-03-11.12:55:27::SCWMssOS:: "ARCHIVER=arm-none-eabi-ar" "COMPILER_FLAGS=  -O2 -c" "EXTRA_COMPILER_FLAGS=-mcpu=cortex-a9 -mfpu=vfpv3 -mfloat-abi=hard -nost
TRACE::2025-03-11.12:55:27::SCWMssOS::artfiles -g -Wall -Wextra"

TRACE::2025-03-11.12:55:27::SCWMssOS::"Running Make include in ps7_cortexa9_0/libsrc/scutimer_v2_3/src"

TRACE::2025-03-11.12:55:27::SCWMssOS::make -C ps7_cortexa9_0/libsrc/scutimer_v2_3/src -s include  "SHELL=CMD" "COMPILER=arm-none-eabi-gcc" "ASSEMBLER=arm-none-eabi-a
TRACE::2025-03-11.12:55:27::SCWMssOS::s" "ARCHIVER=arm-none-eabi-ar" "COMPILER_FLAGS=  -O2 -c" "EXTRA_COMPILER_FLAGS=-mcpu=cortex-a9 -mfpu=vfpv3 -mfloat-abi=hard -no
TRACE::2025-03-11.12:55:27::SCWMssOS::startfiles -g -Wall -Wextra"

TRACE::2025-03-11.12:55:27::SCWMssOS::"Running Make include in ps7_cortexa9_0/libsrc/scuwdt_v2_3/src"

TRACE::2025-03-11.12:55:27::SCWMssOS::make -C ps7_cortexa9_0/libsrc/scuwdt_v2_3/src -s include  "SHELL=CMD" "COMPILER=arm-none-eabi-gcc" "ASSEMBLER=arm-none-eabi-as"
TRACE::2025-03-11.12:55:27::SCWMssOS:: "ARCHIVER=arm-none-eabi-ar" "COMPILER_FLAGS=  -O2 -c" "EXTRA_COMPILER_FLAGS=-mcpu=cortex-a9 -mfpu=vfpv3 -mfloat-abi=hard -nost
TRACE::2025-03-11.12:55:27::SCWMssOS::artfiles -g -Wall -Wextra"

TRACE::2025-03-11.12:55:27::SCWMssOS::"Running Make include in ps7_cortexa9_0/libsrc/sdps_v3_10/src"

TRACE::2025-03-11.12:55:27::SCWMssOS::make -C ps7_cortexa9_0/libsrc/sdps_v3_10/src -s include  "SHELL=CMD" "COMPILER=arm-none-eabi-gcc" "ASSEMBLER=arm-none-eabi-as" 
TRACE::2025-03-11.12:55:27::SCWMssOS::"ARCHIVER=arm-none-eabi-ar" "COMPILER_FLAGS=  -O2 -c" "EXTRA_COMPILER_FLAGS=-mcpu=cortex-a9 -mfpu=vfpv3 -mfloat-abi=hard -nosta
TRACE::2025-03-11.12:55:27::SCWMssOS::rtfiles -g -Wall -Wextra"

TRACE::2025-03-11.12:55:28::SCWMssOS::"Running Make include in ps7_cortexa9_0/libsrc/standalone_v7_3/src"

TRACE::2025-03-11.12:55:28::SCWMssOS::make -C ps7_cortexa9_0/libsrc/standalone_v7_3/src -s include  "SHELL=CMD" "COMPILER=arm-none-eabi-gcc" "ASSEMBLER=arm-none-eabi
TRACE::2025-03-11.12:55:28::SCWMssOS::-as" "ARCHIVER=arm-none-eabi-ar" "COMPILER_FLAGS=  -O2 -c" "EXTRA_COMPILER_FLAGS=-mcpu=cortex-a9 -mfpu=vfpv3 -mfloat-abi=hard -
TRACE::2025-03-11.12:55:28::SCWMssOS::nostartfiles -g -Wall -Wextra"

TRACE::2025-03-11.12:55:28::SCWMssOS::"Running Make include in ps7_cortexa9_0/libsrc/uartps_v3_10/src"

TRACE::2025-03-11.12:55:28::SCWMssOS::make -C ps7_cortexa9_0/libsrc/uartps_v3_10/src -s include  "SHELL=CMD" "COMPILER=arm-none-eabi-gcc" "ASSEMBLER=arm-none-eabi-as
TRACE::2025-03-11.12:55:28::SCWMssOS::" "ARCHIVER=arm-none-eabi-ar" "COMPILER_FLAGS=  -O2 -c" "EXTRA_COMPILER_FLAGS=-mcpu=cortex-a9 -mfpu=vfpv3 -mfloat-abi=hard -nos
TRACE::2025-03-11.12:55:28::SCWMssOS::tartfiles -g -Wall -Wextra"

TRACE::2025-03-11.12:55:28::SCWMssOS::"Running Make include in ps7_cortexa9_0/libsrc/usbps_v2_6/src"

TRACE::2025-03-11.12:55:28::SCWMssOS::make -C ps7_cortexa9_0/libsrc/usbps_v2_6/src -s include  "SHELL=CMD" "COMPILER=arm-none-eabi-gcc" "ASSEMBLER=arm-none-eabi-as" 
TRACE::2025-03-11.12:55:28::SCWMssOS::"ARCHIVER=arm-none-eabi-ar" "COMPILER_FLAGS=  -O2 -c" "EXTRA_COMPILER_FLAGS=-mcpu=cortex-a9 -mfpu=vfpv3 -mfloat-abi=hard -nosta
TRACE::2025-03-11.12:55:28::SCWMssOS::rtfiles -g -Wall -Wextra"

TRACE::2025-03-11.12:55:28::SCWMssOS::"Running Make include in ps7_cortexa9_0/libsrc/video_common_v4_10/src"

TRACE::2025-03-11.12:55:28::SCWMssOS::make -C ps7_cortexa9_0/libsrc/video_common_v4_10/src -s include  "SHELL=CMD" "COMPILER=arm-none-eabi-gcc" "ASSEMBLER=arm-none-e
TRACE::2025-03-11.12:55:28::SCWMssOS::abi-as" "ARCHIVER=arm-none-eabi-ar" "COMPILER_FLAGS=  -O2 -c" "EXTRA_COMPILER_FLAGS=-mcpu=cortex-a9 -mfpu=vfpv3 -mfloat-abi=har
TRACE::2025-03-11.12:55:28::SCWMssOS::d -nostartfiles -g -Wall -Wextra"

TRACE::2025-03-11.12:55:28::SCWMssOS::"Running Make include in ps7_cortexa9_0/libsrc/vprocss_v2_8/src"

TRACE::2025-03-11.12:55:28::SCWMssOS::make -C ps7_cortexa9_0/libsrc/vprocss_v2_8/src -s include  "SHELL=CMD" "COMPILER=arm-none-eabi-gcc" "ASSEMBLER=arm-none-eabi-as
TRACE::2025-03-11.12:55:28::SCWMssOS::" "ARCHIVER=arm-none-eabi-ar" "COMPILER_FLAGS=  -O2 -c" "EXTRA_COMPILER_FLAGS=-mcpu=cortex-a9 -mfpu=vfpv3 -mfloat-abi=hard -nos
TRACE::2025-03-11.12:55:28::SCWMssOS::tartfiles -g -Wall -Wextra"

TRACE::2025-03-11.12:55:28::SCWMssOS::"Running Make include in ps7_cortexa9_0/libsrc/v_csc_v2_5/src"

TRACE::2025-03-11.12:55:28::SCWMssOS::make -C ps7_cortexa9_0/libsrc/v_csc_v2_5/src -s include  "SHELL=CMD" "COMPILER=arm-none-eabi-gcc" "ASSEMBLER=arm-none-eabi-as" 
TRACE::2025-03-11.12:55:28::SCWMssOS::"ARCHIVER=arm-none-eabi-ar" "COMPILER_FLAGS=  -O2 -c" "EXTRA_COMPILER_FLAGS=-mcpu=cortex-a9 -mfpu=vfpv3 -mfloat-abi=hard -nosta
TRACE::2025-03-11.12:55:28::SCWMssOS::rtfiles -g -Wall -Wextra"

TRACE::2025-03-11.12:55:28::SCWMssOS::"Running Make include in ps7_cortexa9_0/libsrc/v_deinterlacer_v7_2/src"

TRACE::2025-03-11.12:55:28::SCWMssOS::make -C ps7_cortexa9_0/libsrc/v_deinterlacer_v7_2/src -s include  "SHELL=CMD" "COMPILER=arm-none-eabi-gcc" "ASSEMBLER=arm-none-
TRACE::2025-03-11.12:55:28::SCWMssOS::eabi-as" "ARCHIVER=arm-none-eabi-ar" "COMPILER_FLAGS=  -O2 -c" "EXTRA_COMPILER_FLAGS=-mcpu=cortex-a9 -mfpu=vfpv3 -mfloat-abi=ha
TRACE::2025-03-11.12:55:28::SCWMssOS::rd -nostartfiles -g -Wall -Wextra"

TRACE::2025-03-11.12:55:29::SCWMssOS::"Running Make include in ps7_cortexa9_0/libsrc/v_hcresampler_v3_2/src"

TRACE::2025-03-11.12:55:29::SCWMssOS::make -C ps7_cortexa9_0/libsrc/v_hcresampler_v3_2/src -s include  "SHELL=CMD" "COMPILER=arm-none-eabi-gcc" "ASSEMBLER=arm-none-e
TRACE::2025-03-11.12:55:29::SCWMssOS::abi-as" "ARCHIVER=arm-none-eabi-ar" "COMPILER_FLAGS=  -O2 -c" "EXTRA_COMPILER_FLAGS=-mcpu=cortex-a9 -mfpu=vfpv3 -mfloat-abi=har
TRACE::2025-03-11.12:55:29::SCWMssOS::d -nostartfiles -g -Wall -Wextra"

TRACE::2025-03-11.12:55:29::SCWMssOS::"Running Make include in ps7_cortexa9_0/libsrc/v_hscaler_v3_4/src"

TRACE::2025-03-11.12:55:29::SCWMssOS::make -C ps7_cortexa9_0/libsrc/v_hscaler_v3_4/src -s include  "SHELL=CMD" "COMPILER=arm-none-eabi-gcc" "ASSEMBLER=arm-none-eabi-
TRACE::2025-03-11.12:55:29::SCWMssOS::as" "ARCHIVER=arm-none-eabi-ar" "COMPILER_FLAGS=  -O2 -c" "EXTRA_COMPILER_FLAGS=-mcpu=cortex-a9 -mfpu=vfpv3 -mfloat-abi=hard -n
TRACE::2025-03-11.12:55:29::SCWMssOS::ostartfiles -g -Wall -Wextra"

TRACE::2025-03-11.12:55:29::SCWMssOS::"Running Make include in ps7_cortexa9_0/libsrc/v_letterbox_v2_3/src"

TRACE::2025-03-11.12:55:29::SCWMssOS::make -C ps7_cortexa9_0/libsrc/v_letterbox_v2_3/src -s include  "SHELL=CMD" "COMPILER=arm-none-eabi-gcc" "ASSEMBLER=arm-none-eab
TRACE::2025-03-11.12:55:29::SCWMssOS::i-as" "ARCHIVER=arm-none-eabi-ar" "COMPILER_FLAGS=  -O2 -c" "EXTRA_COMPILER_FLAGS=-mcpu=cortex-a9 -mfpu=vfpv3 -mfloat-abi=hard 
TRACE::2025-03-11.12:55:29::SCWMssOS::-nostartfiles -g -Wall -Wextra"

TRACE::2025-03-11.12:55:29::SCWMssOS::"Running Make include in ps7_cortexa9_0/libsrc/v_vcresampler_v3_2/src"

TRACE::2025-03-11.12:55:29::SCWMssOS::make -C ps7_cortexa9_0/libsrc/v_vcresampler_v3_2/src -s include  "SHELL=CMD" "COMPILER=arm-none-eabi-gcc" "ASSEMBLER=arm-none-e
TRACE::2025-03-11.12:55:29::SCWMssOS::abi-as" "ARCHIVER=arm-none-eabi-ar" "COMPILER_FLAGS=  -O2 -c" "EXTRA_COMPILER_FLAGS=-mcpu=cortex-a9 -mfpu=vfpv3 -mfloat-abi=har
TRACE::2025-03-11.12:55:29::SCWMssOS::d -nostartfiles -g -Wall -Wextra"

TRACE::2025-03-11.12:55:29::SCWMssOS::"Running Make include in ps7_cortexa9_0/libsrc/v_vscaler_v3_2/src"

TRACE::2025-03-11.12:55:29::SCWMssOS::make -C ps7_cortexa9_0/libsrc/v_vscaler_v3_2/src -s include  "SHELL=CMD" "COMPILER=arm-none-eabi-gcc" "ASSEMBLER=arm-none-eabi-
TRACE::2025-03-11.12:55:29::SCWMssOS::as" "ARCHIVER=arm-none-eabi-ar" "COMPILER_FLAGS=  -O2 -c" "EXTRA_COMPILER_FLAGS=-mcpu=cortex-a9 -mfpu=vfpv3 -mfloat-abi=hard -n
TRACE::2025-03-11.12:55:29::SCWMssOS::ostartfiles -g -Wall -Wextra"

TRACE::2025-03-11.12:55:29::SCWMssOS::"Running Make include in ps7_cortexa9_0/libsrc/xadcps_v2_5/src"

TRACE::2025-03-11.12:55:29::SCWMssOS::make -C ps7_cortexa9_0/libsrc/xadcps_v2_5/src -s include  "SHELL=CMD" "COMPILER=arm-none-eabi-gcc" "ASSEMBLER=arm-none-eabi-as"
TRACE::2025-03-11.12:55:29::SCWMssOS:: "ARCHIVER=arm-none-eabi-ar" "COMPILER_FLAGS=  -O2 -c" "EXTRA_COMPILER_FLAGS=-mcpu=cortex-a9 -mfpu=vfpv3 -mfloat-abi=hard -nost
TRACE::2025-03-11.12:55:29::SCWMssOS::artfiles -g -Wall -Wextra"

TRACE::2025-03-11.12:55:29::SCWMssOS::"Running Make libs in ps7_cortexa9_0/libsrc/mycolorRegister_v1_0/src"

TRACE::2025-03-11.12:55:29::SCWMssOS::make -C ps7_cortexa9_0/libsrc/mycolorRegister_v1_0/src -s libs  "SHELL=CMD" "COMPILER=arm-none-eabi-gcc" "ASSEMBLER=arm-none-ea
TRACE::2025-03-11.12:55:29::SCWMssOS::bi-as" "ARCHIVER=arm-none-eabi-ar" "COMPILER_FLAGS=  -O2 -c" "EXTRA_COMPILER_FLAGS=-mcpu=cortex-a9 -mfpu=vfpv3 -mfloat-abi=hard
TRACE::2025-03-11.12:55:29::SCWMssOS:: -nostartfiles -g -Wall -Wextra"

TRACE::2025-03-11.12:55:29::SCWMssOS::"Compiling mycolorRegister..."

TRACE::2025-03-11.12:55:30::SCWMssOS::"Running Make libs in ps7_cortexa9_0/libsrc/pixelDataToVideoStream_v1_0/src"

TRACE::2025-03-11.12:55:30::SCWMssOS::make -C ps7_cortexa9_0/libsrc/pixelDataToVideoStream_v1_0/src -s libs  "SHELL=CMD" "COMPILER=arm-none-eabi-gcc" "ASSEMBLER=arm-
TRACE::2025-03-11.12:55:30::SCWMssOS::none-eabi-as" "ARCHIVER=arm-none-eabi-ar" "COMPILER_FLAGS=  -O2 -c" "EXTRA_COMPILER_FLAGS=-mcpu=cortex-a9 -mfpu=vfpv3 -mfloat-a
TRACE::2025-03-11.12:55:30::SCWMssOS::bi=hard -nostartfiles -g -Wall -Wextra"

TRACE::2025-03-11.12:55:30::SCWMssOS::"Compiling pixelDataToVideoStream..."

TRACE::2025-03-11.12:55:30::SCWMssOS::'Finished building libraries sequentially.'

TRACE::2025-03-11.12:55:30::SCWMssOS::make -j --no-print-directory par_libs

TRACE::2025-03-11.12:55:30::SCWMssOS::"Running Make include in ps7_cortexa9_0/libsrc/axis_switch_v1_4/src"

TRACE::2025-03-11.12:55:30::SCWMssOS::make -C ps7_cortexa9_0/libsrc/axis_switch_v1_4/src -s include  "SHELL=CMD" "COMPILER=arm-none-eabi-gcc" "ASSEMBLER=arm-none-eab
TRACE::2025-03-11.12:55:30::SCWMssOS::i-as" "ARCHIVER=arm-none-eabi-ar" "COMPILER_FLAGS=  -O2 -c" "EXTRA_COMPILER_FLAGS=-mcpu=cortex-a9 -mfpu=vfpv3 -mfloat-abi=hard 
TRACE::2025-03-11.12:55:30::SCWMssOS::-nostartfiles -g -Wall -Wextra"

TRACE::2025-03-11.12:55:30::SCWMssOS::"Running Make include in ps7_cortexa9_0/libsrc/axivdma_v6_8/src"

TRACE::2025-03-11.12:55:30::SCWMssOS::make -C ps7_cortexa9_0/libsrc/axivdma_v6_8/src -s include  "SHELL=CMD" "COMPILER=arm-none-eabi-gcc" "ASSEMBLER=arm-none-eabi-as
TRACE::2025-03-11.12:55:30::SCWMssOS::" "ARCHIVER=arm-none-eabi-ar" "COMPILER_FLAGS=  -O2 -c" "EXTRA_COMPILER_FLAGS=-mcpu=cortex-a9 -mfpu=vfpv3 -mfloat-abi=hard -nos
TRACE::2025-03-11.12:55:30::SCWMssOS::tartfiles -g -Wall -Wextra"

TRACE::2025-03-11.12:55:30::SCWMssOS::"Running Make include in ps7_cortexa9_0/libsrc/coresightps_dcc_v1_8/src"

TRACE::2025-03-11.12:55:30::SCWMssOS::make -C ps7_cortexa9_0/libsrc/coresightps_dcc_v1_8/src -s include  "SHELL=CMD" "COMPILER=arm-none-eabi-gcc" "ASSEMBLER=arm-none
TRACE::2025-03-11.12:55:30::SCWMssOS::-eabi-as" "ARCHIVER=arm-none-eabi-ar" "COMPILER_FLAGS=  -O2 -c" "EXTRA_COMPILER_FLAGS=-mcpu=cortex-a9 -mfpu=vfpv3 -mfloat-abi=h
TRACE::2025-03-11.12:55:30::SCWMssOS::ard -nostartfiles -g -Wall -Wextra"

TRACE::2025-03-11.12:55:30::SCWMssOS::"Running Make include in ps7_cortexa9_0/libsrc/cpu_cortexa9_v2_10/src"

TRACE::2025-03-11.12:55:30::SCWMssOS::"Running Make include in ps7_cortexa9_0/libsrc/ddrps_v1_2/src"

TRACE::2025-03-11.12:55:30::SCWMssOS::make -C ps7_cortexa9_0/libsrc/cpu_cortexa9_v2_10/src -s include  "SHELL=CMD" "COMPILER=arm-none-eabi-gcc" "ASSEMBLER=arm-none-e
TRACE::2025-03-11.12:55:30::SCWMssOS::abi-as" "ARCHIVER=arm-none-eabi-ar" "COMPILER_FLAGS=  -O2 -c" "EXTRA_COMPILER_FLAGS=-mcpu=cortex-a9 -mfpu=vfpv3 -mfloat-abi=har
TRACE::2025-03-11.12:55:30::SCWMssOS::d -nostartfiles -g -Wall -Wextra"

TRACE::2025-03-11.12:55:30::SCWMssOS::make -C ps7_cortexa9_0/libsrc/ddrps_v1_2/src -s include  "SHELL=CMD" "COMPILER=arm-none-eabi-gcc" "ASSEMBLER=arm-none-eabi-as" 
TRACE::2025-03-11.12:55:30::SCWMssOS::"ARCHIVER=arm-none-eabi-ar" "COMPILER_FLAGS=  -O2 -c" "EXTRA_COMPILER_FLAGS=-mcpu=cortex-a9 -mfpu=vfpv3 -mfloat-abi=hard -nosta
TRACE::2025-03-11.12:55:30::SCWMssOS::rtfiles -g -Wall -Wextra"

TRACE::2025-03-11.12:55:30::SCWMssOS::"Running Make include in ps7_cortexa9_0/libsrc/devcfg_v3_7/src"

TRACE::2025-03-11.12:55:30::SCWMssOS::make -C ps7_cortexa9_0/libsrc/devcfg_v3_7/src -s include  "SHELL=CMD" "COMPILER=arm-none-eabi-gcc" "ASSEMBLER=arm-none-eabi-as"
TRACE::2025-03-11.12:55:30::SCWMssOS:: "ARCHIVER=arm-none-eabi-ar" "COMPILER_FLAGS=  -O2 -c" "EXTRA_COMPILER_FLAGS=-mcpu=cortex-a9 -mfpu=vfpv3 -mfloat-abi=hard -nost
TRACE::2025-03-11.12:55:30::SCWMssOS::artfiles -g -Wall -Wextra"

TRACE::2025-03-11.12:55:30::SCWMssOS::"Running Make include in ps7_cortexa9_0/libsrc/dmaps_v2_7/src"

TRACE::2025-03-11.12:55:30::SCWMssOS::make -C ps7_cortexa9_0/libsrc/dmaps_v2_7/src -s include  "SHELL=CMD" "COMPILER=arm-none-eabi-gcc" "ASSEMBLER=arm-none-eabi-as" 
TRACE::2025-03-11.12:55:30::SCWMssOS::"ARCHIVER=arm-none-eabi-ar" "COMPILER_FLAGS=  -O2 -c" "EXTRA_COMPILER_FLAGS=-mcpu=cortex-a9 -mfpu=vfpv3 -mfloat-abi=hard -nosta
TRACE::2025-03-11.12:55:30::SCWMssOS::rtfiles -g -Wall -Wextra"

TRACE::2025-03-11.12:55:30::SCWMssOS::"Running Make include in ps7_cortexa9_0/libsrc/emacps_v3_12/src"

TRACE::2025-03-11.12:55:30::SCWMssOS::make -C ps7_cortexa9_0/libsrc/emacps_v3_12/src -s include  "SHELL=CMD" "COMPILER=arm-none-eabi-gcc" "ASSEMBLER=arm-none-eabi-as
TRACE::2025-03-11.12:55:30::SCWMssOS::" "ARCHIVER=arm-none-eabi-ar" "COMPILER_FLAGS=  -O2 -c" "EXTRA_COMPILER_FLAGS=-mcpu=cortex-a9 -mfpu=vfpv3 -mfloat-abi=hard -nos
TRACE::2025-03-11.12:55:30::SCWMssOS::tartfiles -g -Wall -Wextra"

TRACE::2025-03-11.12:55:30::SCWMssOS::"Running Make include in ps7_cortexa9_0/libsrc/gpiops_v3_8/src"

TRACE::2025-03-11.12:55:30::SCWMssOS::"Running Make include in ps7_cortexa9_0/libsrc/gpio_v4_7/src"

TRACE::2025-03-11.12:55:30::SCWMssOS::make -C ps7_cortexa9_0/libsrc/gpiops_v3_8/src -s include  "SHELL=CMD" "COMPILER=arm-none-eabi-gcc" "ASSEMBLER=arm-none-eabi-as"
TRACE::2025-03-11.12:55:30::SCWMssOS:: "ARCHIVER=arm-none-eabi-ar" "COMPILER_FLAGS=  -O2 -c" "EXTRA_COMPILER_FLAGS=-mcpu=cortex-a9 -mfpu=vfpv3 -mfloat-abi=hard -nost
TRACE::2025-03-11.12:55:30::SCWMssOS::artfiles -g -Wall -Wextra"

TRACE::2025-03-11.12:55:30::SCWMssOS::make -C ps7_cortexa9_0/libsrc/gpio_v4_7/src -s include  "SHELL=CMD" "COMPILER=arm-none-eabi-gcc" "ASSEMBLER=arm-none-eabi-as" "
TRACE::2025-03-11.12:55:30::SCWMssOS::ARCHIVER=arm-none-eabi-ar" "COMPILER_FLAGS=  -O2 -c" "EXTRA_COMPILER_FLAGS=-mcpu=cortex-a9 -mfpu=vfpv3 -mfloat-abi=hard -nostar
TRACE::2025-03-11.12:55:30::SCWMssOS::tfiles -g -Wall -Wextra"

TRACE::2025-03-11.12:55:30::SCWMssOS::"Running Make include in ps7_cortexa9_0/libsrc/mycolorRegister_v1_0/src"

TRACE::2025-03-11.12:55:31::SCWMssOS::make -C ps7_cortexa9_0/libsrc/mycolorRegister_v1_0/src -s include  "SHELL=CMD" "COMPILER=arm-none-eabi-gcc" "ASSEMBLER=arm-none
TRACE::2025-03-11.12:55:31::SCWMssOS::-eabi-as" "ARCHIVER=arm-none-eabi-ar" "COMPILER_FLAGS=  -O2 -c" "EXTRA_COMPILER_FLAGS=-mcpu=cortex-a9 -mfpu=vfpv3 -mfloat-abi=h
TRACE::2025-03-11.12:55:31::SCWMssOS::ard -nostartfiles -g -Wall -Wextra"

TRACE::2025-03-11.12:55:31::SCWMssOS::"Running Make include in ps7_cortexa9_0/libsrc/pixelDataToVideoStream_v1_0/src"

TRACE::2025-03-11.12:55:31::SCWMssOS::make -C ps7_cortexa9_0/libsrc/pixelDataToVideoStream_v1_0/src -s include  "SHELL=CMD" "COMPILER=arm-none-eabi-gcc" "ASSEMBLER=a
TRACE::2025-03-11.12:55:31::SCWMssOS::rm-none-eabi-as" "ARCHIVER=arm-none-eabi-ar" "COMPILER_FLAGS=  -O2 -c" "EXTRA_COMPILER_FLAGS=-mcpu=cortex-a9 -mfpu=vfpv3 -mfloa
TRACE::2025-03-11.12:55:31::SCWMssOS::t-abi=hard -nostartfiles -g -Wall -Wextra"

TRACE::2025-03-11.12:55:31::SCWMssOS::"Running Make include in ps7_cortexa9_0/libsrc/qspips_v3_8/src"

TRACE::2025-03-11.12:55:31::SCWMssOS::make -C ps7_cortexa9_0/libsrc/qspips_v3_8/src -s include  "SHELL=CMD" "COMPILER=arm-none-eabi-gcc" "ASSEMBLER=arm-none-eabi-as"
TRACE::2025-03-11.12:55:31::SCWMssOS:: "ARCHIVER=arm-none-eabi-ar" "COMPILER_FLAGS=  -O2 -c" "EXTRA_COMPILER_FLAGS=-mcpu=cortex-a9 -mfpu=vfpv3 -mfloat-abi=hard -nost
TRACE::2025-03-11.12:55:31::SCWMssOS::artfiles -g -Wall -Wextra"

TRACE::2025-03-11.12:55:31::SCWMssOS::"Running Make include in ps7_cortexa9_0/libsrc/scugic_v4_3/src"

TRACE::2025-03-11.12:55:31::SCWMssOS::make -C ps7_cortexa9_0/libsrc/scugic_v4_3/src -s include  "SHELL=CMD" "COMPILER=arm-none-eabi-gcc" "ASSEMBLER=arm-none-eabi-as"
TRACE::2025-03-11.12:55:31::SCWMssOS:: "ARCHIVER=arm-none-eabi-ar" "COMPILER_FLAGS=  -O2 -c" "EXTRA_COMPILER_FLAGS=-mcpu=cortex-a9 -mfpu=vfpv3 -mfloat-abi=hard -nost
TRACE::2025-03-11.12:55:31::SCWMssOS::artfiles -g -Wall -Wextra"

TRACE::2025-03-11.12:55:31::SCWMssOS::"Running Make include in ps7_cortexa9_0/libsrc/scutimer_v2_3/src"

TRACE::2025-03-11.12:55:31::SCWMssOS::make -C ps7_cortexa9_0/libsrc/scutimer_v2_3/src -s include  "SHELL=CMD" "COMPILER=arm-none-eabi-gcc" "ASSEMBLER=arm-none-eabi-a
TRACE::2025-03-11.12:55:31::SCWMssOS::s" "ARCHIVER=arm-none-eabi-ar" "COMPILER_FLAGS=  -O2 -c" "EXTRA_COMPILER_FLAGS=-mcpu=cortex-a9 -mfpu=vfpv3 -mfloat-abi=hard -no
TRACE::2025-03-11.12:55:31::SCWMssOS::startfiles -g -Wall -Wextra"

TRACE::2025-03-11.12:55:31::SCWMssOS::"Running Make include in ps7_cortexa9_0/libsrc/scuwdt_v2_3/src"

TRACE::2025-03-11.12:55:31::SCWMssOS::make -C ps7_cortexa9_0/libsrc/scuwdt_v2_3/src -s include  "SHELL=CMD" "COMPILER=arm-none-eabi-gcc" "ASSEMBLER=arm-none-eabi-as"
TRACE::2025-03-11.12:55:31::SCWMssOS:: "ARCHIVER=arm-none-eabi-ar" "COMPILER_FLAGS=  -O2 -c" "EXTRA_COMPILER_FLAGS=-mcpu=cortex-a9 -mfpu=vfpv3 -mfloat-abi=hard -nost
TRACE::2025-03-11.12:55:31::SCWMssOS::artfiles -g -Wall -Wextra"

TRACE::2025-03-11.12:55:31::SCWMssOS::"Running Make include in ps7_cortexa9_0/libsrc/sdps_v3_10/src"

TRACE::2025-03-11.12:55:31::SCWMssOS::make -C ps7_cortexa9_0/libsrc/sdps_v3_10/src -s include  "SHELL=CMD" "COMPILER=arm-none-eabi-gcc" "ASSEMBLER=arm-none-eabi-as" 
TRACE::2025-03-11.12:55:31::SCWMssOS::"ARCHIVER=arm-none-eabi-ar" "COMPILER_FLAGS=  -O2 -c" "EXTRA_COMPILER_FLAGS=-mcpu=cortex-a9 -mfpu=vfpv3 -mfloat-abi=hard -nosta
TRACE::2025-03-11.12:55:31::SCWMssOS::rtfiles -g -Wall -Wextra"

TRACE::2025-03-11.12:55:31::SCWMssOS::"Running Make include in ps7_cortexa9_0/libsrc/standalone_v7_3/src"

TRACE::2025-03-11.12:55:31::SCWMssOS::make -C ps7_cortexa9_0/libsrc/standalone_v7_3/src -s include  "SHELL=CMD" "COMPILER=arm-none-eabi-gcc" "ASSEMBLER=arm-none-eabi
TRACE::2025-03-11.12:55:31::SCWMssOS::-as" "ARCHIVER=arm-none-eabi-ar" "COMPILER_FLAGS=  -O2 -c" "EXTRA_COMPILER_FLAGS=-mcpu=cortex-a9 -mfpu=vfpv3 -mfloat-abi=hard -
TRACE::2025-03-11.12:55:31::SCWMssOS::nostartfiles -g -Wall -Wextra"

TRACE::2025-03-11.12:55:31::SCWMssOS::"Running Make include in ps7_cortexa9_0/libsrc/uartps_v3_10/src"

TRACE::2025-03-11.12:55:31::SCWMssOS::make -C ps7_cortexa9_0/libsrc/uartps_v3_10/src -s include  "SHELL=CMD" "COMPILER=arm-none-eabi-gcc" "ASSEMBLER=arm-none-eabi-as
TRACE::2025-03-11.12:55:31::SCWMssOS::" "ARCHIVER=arm-none-eabi-ar" "COMPILER_FLAGS=  -O2 -c" "EXTRA_COMPILER_FLAGS=-mcpu=cortex-a9 -mfpu=vfpv3 -mfloat-abi=hard -nos
TRACE::2025-03-11.12:55:31::SCWMssOS::tartfiles -g -Wall -Wextra"

TRACE::2025-03-11.12:55:31::SCWMssOS::"Running Make include in ps7_cortexa9_0/libsrc/usbps_v2_6/src"

TRACE::2025-03-11.12:55:31::SCWMssOS::make -C ps7_cortexa9_0/libsrc/usbps_v2_6/src -s include  "SHELL=CMD" "COMPILER=arm-none-eabi-gcc" "ASSEMBLER=arm-none-eabi-as" 
TRACE::2025-03-11.12:55:31::SCWMssOS::"ARCHIVER=arm-none-eabi-ar" "COMPILER_FLAGS=  -O2 -c" "EXTRA_COMPILER_FLAGS=-mcpu=cortex-a9 -mfpu=vfpv3 -mfloat-abi=hard -nosta
TRACE::2025-03-11.12:55:31::SCWMssOS::rtfiles -g -Wall -Wextra"

TRACE::2025-03-11.12:55:31::SCWMssOS::"Running Make include in ps7_cortexa9_0/libsrc/video_common_v4_10/src"

TRACE::2025-03-11.12:55:31::SCWMssOS::make -C ps7_cortexa9_0/libsrc/video_common_v4_10/src -s include  "SHELL=CMD" "COMPILER=arm-none-eabi-gcc" "ASSEMBLER=arm-none-e
TRACE::2025-03-11.12:55:31::SCWMssOS::abi-as" "ARCHIVER=arm-none-eabi-ar" "COMPILER_FLAGS=  -O2 -c" "EXTRA_COMPILER_FLAGS=-mcpu=cortex-a9 -mfpu=vfpv3 -mfloat-abi=har
TRACE::2025-03-11.12:55:31::SCWMssOS::d -nostartfiles -g -Wall -Wextra"

TRACE::2025-03-11.12:55:31::SCWMssOS::"Running Make include in ps7_cortexa9_0/libsrc/vprocss_v2_8/src"

TRACE::2025-03-11.12:55:31::SCWMssOS::"Running Make include in ps7_cortexa9_0/libsrc/v_csc_v2_5/src"

TRACE::2025-03-11.12:55:31::SCWMssOS::make -C ps7_cortexa9_0/libsrc/vprocss_v2_8/src -s include  "SHELL=CMD" "COMPILER=arm-none-eabi-gcc" "ASSEMBLER=arm-none-eabi-as
TRACE::2025-03-11.12:55:31::SCWMssOS::" "ARCHIVER=arm-none-eabi-ar" "COMPILER_FLAGS=  -O2 -c" "EXTRA_COMPILER_FLAGS=-mcpu=cortex-a9 -mfpu=vfpv3 -mfloat-abi=hard -nos
TRACE::2025-03-11.12:55:31::SCWMssOS::tartfiles -g -Wall -Wextra"

TRACE::2025-03-11.12:55:31::SCWMssOS::make -C ps7_cortexa9_0/libsrc/v_csc_v2_5/src -s include  "SHELL=CMD" "COMPILER=arm-none-eabi-gcc" "ASSEMBLER=arm-none-eabi-as" 
TRACE::2025-03-11.12:55:31::SCWMssOS::"ARCHIVER=arm-none-eabi-ar" "COMPILER_FLAGS=  -O2 -c" "EXTRA_COMPILER_FLAGS=-mcpu=cortex-a9 -mfpu=vfpv3 -mfloat-abi=hard -nosta
TRACE::2025-03-11.12:55:31::SCWMssOS::rtfiles -g -Wall -Wextra"

TRACE::2025-03-11.12:55:31::SCWMssOS::"Running Make include in ps7_cortexa9_0/libsrc/v_deinterlacer_v7_2/src"

TRACE::2025-03-11.12:55:31::SCWMssOS::make -C ps7_cortexa9_0/libsrc/v_deinterlacer_v7_2/src -s include  "SHELL=CMD" "COMPILER=arm-none-eabi-gcc" "ASSEMBLER=arm-none-
TRACE::2025-03-11.12:55:31::SCWMssOS::eabi-as" "ARCHIVER=arm-none-eabi-ar" "COMPILER_FLAGS=  -O2 -c" "EXTRA_COMPILER_FLAGS=-mcpu=cortex-a9 -mfpu=vfpv3 -mfloat-abi=ha
TRACE::2025-03-11.12:55:31::SCWMssOS::rd -nostartfiles -g -Wall -Wextra"

TRACE::2025-03-11.12:55:31::SCWMssOS::"Running Make include in ps7_cortexa9_0/libsrc/v_hcresampler_v3_2/src"

TRACE::2025-03-11.12:55:31::SCWMssOS::make -C ps7_cortexa9_0/libsrc/v_hcresampler_v3_2/src -s include  "SHELL=CMD" "COMPILER=arm-none-eabi-gcc" "ASSEMBLER=arm-none-e
TRACE::2025-03-11.12:55:31::SCWMssOS::abi-as" "ARCHIVER=arm-none-eabi-ar" "COMPILER_FLAGS=  -O2 -c" "EXTRA_COMPILER_FLAGS=-mcpu=cortex-a9 -mfpu=vfpv3 -mfloat-abi=har
TRACE::2025-03-11.12:55:31::SCWMssOS::d -nostartfiles -g -Wall -Wextra"

TRACE::2025-03-11.12:55:31::SCWMssOS::"Running Make include in ps7_cortexa9_0/libsrc/v_hscaler_v3_4/src"

TRACE::2025-03-11.12:55:31::SCWMssOS::make -C ps7_cortexa9_0/libsrc/v_hscaler_v3_4/src -s include  "SHELL=CMD" "COMPILER=arm-none-eabi-gcc" "ASSEMBLER=arm-none-eabi-
TRACE::2025-03-11.12:55:31::SCWMssOS::as" "ARCHIVER=arm-none-eabi-ar" "COMPILER_FLAGS=  -O2 -c" "EXTRA_COMPILER_FLAGS=-mcpu=cortex-a9 -mfpu=vfpv3 -mfloat-abi=hard -n
TRACE::2025-03-11.12:55:31::SCWMssOS::ostartfiles -g -Wall -Wextra"

TRACE::2025-03-11.12:55:31::SCWMssOS::"Running Make include in ps7_cortexa9_0/libsrc/v_letterbox_v2_3/src"

TRACE::2025-03-11.12:55:31::SCWMssOS::"Running Make include in ps7_cortexa9_0/libsrc/v_vcresampler_v3_2/src"

TRACE::2025-03-11.12:55:31::SCWMssOS::make -C ps7_cortexa9_0/libsrc/v_letterbox_v2_3/src -s include  "SHELL=CMD" "COMPILER=arm-none-eabi-gcc" "ASSEMBLER=arm-none-eab
TRACE::2025-03-11.12:55:31::SCWMssOS::i-as" "ARCHIVER=arm-none-eabi-ar" "COMPILER_FLAGS=  -O2 -c" "EXTRA_COMPILER_FLAGS=-mcpu=cortex-a9 -mfpu=vfpv3 -mfloat-abi=hard 
TRACE::2025-03-11.12:55:31::SCWMssOS::-nostartfiles -g -Wall -Wextra"

TRACE::2025-03-11.12:55:31::SCWMssOS::make -C ps7_cortexa9_0/libsrc/v_vcresampler_v3_2/src -s include  "SHELL=CMD" "COMPILER=arm-none-eabi-gcc" "ASSEMBLER=arm-none-e
TRACE::2025-03-11.12:55:31::SCWMssOS::abi-as" "ARCHIVER=arm-none-eabi-ar" "COMPILER_FLAGS=  -O2 -c" "EXTRA_COMPILER_FLAGS=-mcpu=cortex-a9 -mfpu=vfpv3 -mfloat-abi=har
TRACE::2025-03-11.12:55:31::SCWMssOS::d -nostartfiles -g -Wall -Wextra"

TRACE::2025-03-11.12:55:31::SCWMssOS::"Running Make include in ps7_cortexa9_0/libsrc/v_vscaler_v3_2/src"

TRACE::2025-03-11.12:55:31::SCWMssOS::make -C ps7_cortexa9_0/libsrc/v_vscaler_v3_2/src -s include  "SHELL=CMD" "COMPILER=arm-none-eabi-gcc" "ASSEMBLER=arm-none-eabi-
TRACE::2025-03-11.12:55:31::SCWMssOS::as" "ARCHIVER=arm-none-eabi-ar" "COMPILER_FLAGS=  -O2 -c" "EXTRA_COMPILER_FLAGS=-mcpu=cortex-a9 -mfpu=vfpv3 -mfloat-abi=hard -n
TRACE::2025-03-11.12:55:31::SCWMssOS::ostartfiles -g -Wall -Wextra"

TRACE::2025-03-11.12:55:31::SCWMssOS::"Running Make include in ps7_cortexa9_0/libsrc/xadcps_v2_5/src"

TRACE::2025-03-11.12:55:31::SCWMssOS::make -C ps7_cortexa9_0/libsrc/xadcps_v2_5/src -s include  "SHELL=CMD" "COMPILER=arm-none-eabi-gcc" "ASSEMBLER=arm-none-eabi-as"
TRACE::2025-03-11.12:55:31::SCWMssOS:: "ARCHIVER=arm-none-eabi-ar" "COMPILER_FLAGS=  -O2 -c" "EXTRA_COMPILER_FLAGS=-mcpu=cortex-a9 -mfpu=vfpv3 -mfloat-abi=hard -nost
TRACE::2025-03-11.12:55:31::SCWMssOS::artfiles -g -Wall -Wextra"

TRACE::2025-03-11.12:55:32::SCWMssOS::"Running Make libs in ps7_cortexa9_0/libsrc/axis_switch_v1_4/src"

TRACE::2025-03-11.12:55:32::SCWMssOS::make -C ps7_cortexa9_0/libsrc/axis_switch_v1_4/src -s libs  "SHELL=CMD" "COMPILER=arm-none-eabi-gcc" "ASSEMBLER=arm-none-eabi-a
TRACE::2025-03-11.12:55:32::SCWMssOS::s" "ARCHIVER=arm-none-eabi-ar" "COMPILER_FLAGS=  -O2 -c" "EXTRA_COMPILER_FLAGS=-mcpu=cortex-a9 -mfpu=vfpv3 -mfloat-abi=hard -no
TRACE::2025-03-11.12:55:32::SCWMssOS::startfiles -g -Wall -Wextra"

TRACE::2025-03-11.12:55:32::SCWMssOS::"Running Make libs in ps7_cortexa9_0/libsrc/axivdma_v6_8/src"

TRACE::2025-03-11.12:55:32::SCWMssOS::"Running Make libs in ps7_cortexa9_0/libsrc/coresightps_dcc_v1_8/src"

TRACE::2025-03-11.12:55:32::SCWMssOS::make -C ps7_cortexa9_0/libsrc/axivdma_v6_8/src -s libs  "SHELL=CMD" "COMPILER=arm-none-eabi-gcc" "ASSEMBLER=arm-none-eabi-as" "
TRACE::2025-03-11.12:55:32::SCWMssOS::ARCHIVER=arm-none-eabi-ar" "COMPILER_FLAGS=  -O2 -c" "EXTRA_COMPILER_FLAGS=-mcpu=cortex-a9 -mfpu=vfpv3 -mfloat-abi=hard -nostar
TRACE::2025-03-11.12:55:32::SCWMssOS::tfiles -g -Wall -Wextra"

TRACE::2025-03-11.12:55:32::SCWMssOS::make -C ps7_cortexa9_0/libsrc/coresightps_dcc_v1_8/src -s libs  "SHELL=CMD" "COMPILER=arm-none-eabi-gcc" "ASSEMBLER=arm-none-ea
TRACE::2025-03-11.12:55:32::SCWMssOS::bi-as" "ARCHIVER=arm-none-eabi-ar" "COMPILER_FLAGS=  -O2 -c" "EXTRA_COMPILER_FLAGS=-mcpu=cortex-a9 -mfpu=vfpv3 -mfloat-abi=hard
TRACE::2025-03-11.12:55:32::SCWMssOS:: -nostartfiles -g -Wall -Wextra"

TRACE::2025-03-11.12:55:32::SCWMssOS::"Running Make libs in ps7_cortexa9_0/libsrc/cpu_cortexa9_v2_10/src"

TRACE::2025-03-11.12:55:32::SCWMssOS::make -C ps7_cortexa9_0/libsrc/cpu_cortexa9_v2_10/src -s libs  "SHELL=CMD" "COMPILER=arm-none-eabi-gcc" "ASSEMBLER=arm-none-eabi
TRACE::2025-03-11.12:55:32::SCWMssOS::-as" "ARCHIVER=arm-none-eabi-ar" "COMPILER_FLAGS=  -O2 -c" "EXTRA_COMPILER_FLAGS=-mcpu=cortex-a9 -mfpu=vfpv3 -mfloat-abi=hard -
TRACE::2025-03-11.12:55:32::SCWMssOS::nostartfiles -g -Wall -Wextra"

TRACE::2025-03-11.12:55:32::SCWMssOS::"Running Make libs in ps7_cortexa9_0/libsrc/ddrps_v1_2/src"

TRACE::2025-03-11.12:55:32::SCWMssOS::"Running Make libs in ps7_cortexa9_0/libsrc/devcfg_v3_7/src"

TRACE::2025-03-11.12:55:32::SCWMssOS::make -C ps7_cortexa9_0/libsrc/ddrps_v1_2/src -s libs  "SHELL=CMD" "COMPILER=arm-none-eabi-gcc" "ASSEMBLER=arm-none-eabi-as" "AR
TRACE::2025-03-11.12:55:32::SCWMssOS::CHIVER=arm-none-eabi-ar" "COMPILER_FLAGS=  -O2 -c" "EXTRA_COMPILER_FLAGS=-mcpu=cortex-a9 -mfpu=vfpv3 -mfloat-abi=hard -nostartf
TRACE::2025-03-11.12:55:32::SCWMssOS::iles -g -Wall -Wextra"

TRACE::2025-03-11.12:55:32::SCWMssOS::make -C ps7_cortexa9_0/libsrc/devcfg_v3_7/src -s libs  "SHELL=CMD" "COMPILER=arm-none-eabi-gcc" "ASSEMBLER=arm-none-eabi-as" "A
TRACE::2025-03-11.12:55:32::SCWMssOS::RCHIVER=arm-none-eabi-ar" "COMPILER_FLAGS=  -O2 -c" "EXTRA_COMPILER_FLAGS=-mcpu=cortex-a9 -mfpu=vfpv3 -mfloat-abi=hard -nostart
TRACE::2025-03-11.12:55:32::SCWMssOS::files -g -Wall -Wextra"

TRACE::2025-03-11.12:55:32::SCWMssOS::"Running Make libs in ps7_cortexa9_0/libsrc/dmaps_v2_7/src"

TRACE::2025-03-11.12:55:32::SCWMssOS::make -C ps7_cortexa9_0/libsrc/dmaps_v2_7/src -s libs  "SHELL=CMD" "COMPILER=arm-none-eabi-gcc" "ASSEMBLER=arm-none-eabi-as" "AR
TRACE::2025-03-11.12:55:32::SCWMssOS::CHIVER=arm-none-eabi-ar" "COMPILER_FLAGS=  -O2 -c" "EXTRA_COMPILER_FLAGS=-mcpu=cortex-a9 -mfpu=vfpv3 -mfloat-abi=hard -nostartf
TRACE::2025-03-11.12:55:32::SCWMssOS::iles -g -Wall -Wextra"

TRACE::2025-03-11.12:55:32::SCWMssOS::"Running Make libs in ps7_cortexa9_0/libsrc/emacps_v3_12/src"

TRACE::2025-03-11.12:55:32::SCWMssOS::make -C ps7_cortexa9_0/libsrc/emacps_v3_12/src -s libs  "SHELL=CMD" "COMPILER=arm-none-eabi-gcc" "ASSEMBLER=arm-none-eabi-as" "
TRACE::2025-03-11.12:55:32::SCWMssOS::ARCHIVER=arm-none-eabi-ar" "COMPILER_FLAGS=  -O2 -c" "EXTRA_COMPILER_FLAGS=-mcpu=cortex-a9 -mfpu=vfpv3 -mfloat-abi=hard -nostar
TRACE::2025-03-11.12:55:32::SCWMssOS::tfiles -g -Wall -Wextra"

TRACE::2025-03-11.12:55:32::SCWMssOS::"Running Make libs in ps7_cortexa9_0/libsrc/gpiops_v3_8/src"

TRACE::2025-03-11.12:55:32::SCWMssOS::make -C ps7_cortexa9_0/libsrc/gpiops_v3_8/src -s libs  "SHELL=CMD" "COMPILER=arm-none-eabi-gcc" "ASSEMBLER=arm-none-eabi-as" "A
TRACE::2025-03-11.12:55:32::SCWMssOS::RCHIVER=arm-none-eabi-ar" "COMPILER_FLAGS=  -O2 -c" "EXTRA_COMPILER_FLAGS=-mcpu=cortex-a9 -mfpu=vfpv3 -mfloat-abi=hard -nostart
TRACE::2025-03-11.12:55:32::SCWMssOS::files -g -Wall -Wextra"

TRACE::2025-03-11.12:55:32::SCWMssOS::"Running Make libs in ps7_cortexa9_0/libsrc/gpio_v4_7/src"

TRACE::2025-03-11.12:55:32::SCWMssOS::make -C ps7_cortexa9_0/libsrc/gpio_v4_7/src -s libs  "SHELL=CMD" "COMPILER=arm-none-eabi-gcc" "ASSEMBLER=arm-none-eabi-as" "ARC
TRACE::2025-03-11.12:55:32::SCWMssOS::HIVER=arm-none-eabi-ar" "COMPILER_FLAGS=  -O2 -c" "EXTRA_COMPILER_FLAGS=-mcpu=cortex-a9 -mfpu=vfpv3 -mfloat-abi=hard -nostartfi
TRACE::2025-03-11.12:55:32::SCWMssOS::les -g -Wall -Wextra"

TRACE::2025-03-11.12:55:32::SCWMssOS::"Running Make libs in ps7_cortexa9_0/libsrc/qspips_v3_8/src"

TRACE::2025-03-11.12:55:32::SCWMssOS::make -C ps7_cortexa9_0/libsrc/qspips_v3_8/src -s libs  "SHELL=CMD" "COMPILER=arm-none-eabi-gcc" "ASSEMBLER=arm-none-eabi-as" "A
TRACE::2025-03-11.12:55:32::SCWMssOS::RCHIVER=arm-none-eabi-ar" "COMPILER_FLAGS=  -O2 -c" "EXTRA_COMPILER_FLAGS=-mcpu=cortex-a9 -mfpu=vfpv3 -mfloat-abi=hard -nostart
TRACE::2025-03-11.12:55:32::SCWMssOS::files -g -Wall -Wextra"

TRACE::2025-03-11.12:55:32::SCWMssOS::"Running Make libs in ps7_cortexa9_0/libsrc/scugic_v4_3/src"

TRACE::2025-03-11.12:55:32::SCWMssOS::make -C ps7_cortexa9_0/libsrc/scugic_v4_3/src -s libs  "SHELL=CMD" "COMPILER=arm-none-eabi-gcc" "ASSEMBLER=arm-none-eabi-as" "A
TRACE::2025-03-11.12:55:32::SCWMssOS::RCHIVER=arm-none-eabi-ar" "COMPILER_FLAGS=  -O2 -c" "EXTRA_COMPILER_FLAGS=-mcpu=cortex-a9 -mfpu=vfpv3 -mfloat-abi=hard -nostart
TRACE::2025-03-11.12:55:32::SCWMssOS::files -g -Wall -Wextra"

TRACE::2025-03-11.12:55:32::SCWMssOS::"Running Make libs in ps7_cortexa9_0/libsrc/scutimer_v2_3/src"

TRACE::2025-03-11.12:55:32::SCWMssOS::"Running Make libs in ps7_cortexa9_0/libsrc/scuwdt_v2_3/src"

TRACE::2025-03-11.12:55:32::SCWMssOS::make -C ps7_cortexa9_0/libsrc/scutimer_v2_3/src -s libs  "SHELL=CMD" "COMPILER=arm-none-eabi-gcc" "ASSEMBLER=arm-none-eabi-as" 
TRACE::2025-03-11.12:55:32::SCWMssOS::"ARCHIVER=arm-none-eabi-ar" "COMPILER_FLAGS=  -O2 -c" "EXTRA_COMPILER_FLAGS=-mcpu=cortex-a9 -mfpu=vfpv3 -mfloat-abi=hard -nosta
TRACE::2025-03-11.12:55:32::SCWMssOS::rtfiles -g -Wall -Wextra"

TRACE::2025-03-11.12:55:32::SCWMssOS::make -C ps7_cortexa9_0/libsrc/scuwdt_v2_3/src -s libs  "SHELL=CMD" "COMPILER=arm-none-eabi-gcc" "ASSEMBLER=arm-none-eabi-as" "A
TRACE::2025-03-11.12:55:32::SCWMssOS::RCHIVER=arm-none-eabi-ar" "COMPILER_FLAGS=  -O2 -c" "EXTRA_COMPILER_FLAGS=-mcpu=cortex-a9 -mfpu=vfpv3 -mfloat-abi=hard -nostart
TRACE::2025-03-11.12:55:32::SCWMssOS::files -g -Wall -Wextra"

TRACE::2025-03-11.12:55:32::SCWMssOS::"Running Make libs in ps7_cortexa9_0/libsrc/sdps_v3_10/src"

TRACE::2025-03-11.12:55:32::SCWMssOS::make -C ps7_cortexa9_0/libsrc/sdps_v3_10/src -s libs  "SHELL=CMD" "COMPILER=arm-none-eabi-gcc" "ASSEMBLER=arm-none-eabi-as" "AR
TRACE::2025-03-11.12:55:32::SCWMssOS::CHIVER=arm-none-eabi-ar" "COMPILER_FLAGS=  -O2 -c" "EXTRA_COMPILER_FLAGS=-mcpu=cortex-a9 -mfpu=vfpv3 -mfloat-abi=hard -nostartf
TRACE::2025-03-11.12:55:32::SCWMssOS::iles -g -Wall -Wextra"

TRACE::2025-03-11.12:55:32::SCWMssOS::"Running Make libs in ps7_cortexa9_0/libsrc/standalone_v7_3/src"

TRACE::2025-03-11.12:55:32::SCWMssOS::make -C ps7_cortexa9_0/libsrc/standalone_v7_3/src -s libs  "SHELL=CMD" "COMPILER=arm-none-eabi-gcc" "ASSEMBLER=arm-none-eabi-as
TRACE::2025-03-11.12:55:32::SCWMssOS::" "ARCHIVER=arm-none-eabi-ar" "COMPILER_FLAGS=  -O2 -c" "EXTRA_COMPILER_FLAGS=-mcpu=cortex-a9 -mfpu=vfpv3 -mfloat-abi=hard -nos
TRACE::2025-03-11.12:55:32::SCWMssOS::tartfiles -g -Wall -Wextra"

TRACE::2025-03-11.12:55:32::SCWMssOS::"Running Make libs in ps7_cortexa9_0/libsrc/uartps_v3_10/src"

TRACE::2025-03-11.12:55:32::SCWMssOS::make -C ps7_cortexa9_0/libsrc/uartps_v3_10/src -s libs  "SHELL=CMD" "COMPILER=arm-none-eabi-gcc" "ASSEMBLER=arm-none-eabi-as" "
TRACE::2025-03-11.12:55:32::SCWMssOS::ARCHIVER=arm-none-eabi-ar" "COMPILER_FLAGS=  -O2 -c" "EXTRA_COMPILER_FLAGS=-mcpu=cortex-a9 -mfpu=vfpv3 -mfloat-abi=hard -nostar
TRACE::2025-03-11.12:55:32::SCWMssOS::tfiles -g -Wall -Wextra"

TRACE::2025-03-11.12:55:32::SCWMssOS::"Running Make libs in ps7_cortexa9_0/libsrc/usbps_v2_6/src"

TRACE::2025-03-11.12:55:32::SCWMssOS::"Running Make libs in ps7_cortexa9_0/libsrc/video_common_v4_10/src"

TRACE::2025-03-11.12:55:32::SCWMssOS::make -C ps7_cortexa9_0/libsrc/usbps_v2_6/src -s libs  "SHELL=CMD" "COMPILER=arm-none-eabi-gcc" "ASSEMBLER=arm-none-eabi-as" "AR
TRACE::2025-03-11.12:55:32::SCWMssOS::CHIVER=arm-none-eabi-ar" "COMPILER_FLAGS=  -O2 -c" "EXTRA_COMPILER_FLAGS=-mcpu=cortex-a9 -mfpu=vfpv3 -mfloat-abi=hard -nostartf
TRACE::2025-03-11.12:55:32::SCWMssOS::iles -g -Wall -Wextra"

TRACE::2025-03-11.12:55:32::SCWMssOS::"Running Make libs in ps7_cortexa9_0/libsrc/vprocss_v2_8/src"

TRACE::2025-03-11.12:55:32::SCWMssOS::make -C ps7_cortexa9_0/libsrc/video_common_v4_10/src -s libs  "SHELL=CMD" "COMPILER=arm-none-eabi-gcc" "ASSEMBLER=arm-none-eabi
TRACE::2025-03-11.12:55:32::SCWMssOS::-as" "ARCHIVER=arm-none-eabi-ar" "COMPILER_FLAGS=  -O2 -c" "EXTRA_COMPILER_FLAGS=-mcpu=cortex-a9 -mfpu=vfpv3 -mfloat-abi=hard -
TRACE::2025-03-11.12:55:32::SCWMssOS::nostartfiles -g -Wall -Wextra"

TRACE::2025-03-11.12:55:32::SCWMssOS::make -C ps7_cortexa9_0/libsrc/vprocss_v2_8/src -s libs  "SHELL=CMD" "COMPILER=arm-none-eabi-gcc" "ASSEMBLER=arm-none-eabi-as" "
TRACE::2025-03-11.12:55:32::SCWMssOS::ARCHIVER=arm-none-eabi-ar" "COMPILER_FLAGS=  -O2 -c" "EXTRA_COMPILER_FLAGS=-mcpu=cortex-a9 -mfpu=vfpv3 -mfloat-abi=hard -nostar
TRACE::2025-03-11.12:55:32::SCWMssOS::tfiles -g -Wall -Wextra"

TRACE::2025-03-11.12:55:32::SCWMssOS::"Running Make libs in ps7_cortexa9_0/libsrc/v_csc_v2_5/src"

TRACE::2025-03-11.12:55:32::SCWMssOS::make -C ps7_cortexa9_0/libsrc/v_csc_v2_5/src -s libs  "SHELL=CMD" "COMPILER=arm-none-eabi-gcc" "ASSEMBLER=arm-none-eabi-as" "AR
TRACE::2025-03-11.12:55:32::SCWMssOS::CHIVER=arm-none-eabi-ar" "COMPILER_FLAGS=  -O2 -c" "EXTRA_COMPILER_FLAGS=-mcpu=cortex-a9 -mfpu=vfpv3 -mfloat-abi=hard -nostartf
TRACE::2025-03-11.12:55:32::SCWMssOS::iles -g -Wall -Wextra"

TRACE::2025-03-11.12:55:32::SCWMssOS::"Running Make libs in ps7_cortexa9_0/libsrc/v_deinterlacer_v7_2/src"

TRACE::2025-03-11.12:55:32::SCWMssOS::make -C ps7_cortexa9_0/libsrc/v_deinterlacer_v7_2/src -s libs  "SHELL=CMD" "COMPILER=arm-none-eabi-gcc" "ASSEMBLER=arm-none-eab
TRACE::2025-03-11.12:55:32::SCWMssOS::i-as" "ARCHIVER=arm-none-eabi-ar" "COMPILER_FLAGS=  -O2 -c" "EXTRA_COMPILER_FLAGS=-mcpu=cortex-a9 -mfpu=vfpv3 -mfloat-abi=hard 
TRACE::2025-03-11.12:55:32::SCWMssOS::-nostartfiles -g -Wall -Wextra"

TRACE::2025-03-11.12:55:32::SCWMssOS::"Running Make libs in ps7_cortexa9_0/libsrc/v_hcresampler_v3_2/src"

TRACE::2025-03-11.12:55:32::SCWMssOS::make -C ps7_cortexa9_0/libsrc/v_hcresampler_v3_2/src -s libs  "SHELL=CMD" "COMPILER=arm-none-eabi-gcc" "ASSEMBLER=arm-none-eabi
TRACE::2025-03-11.12:55:32::SCWMssOS::-as" "ARCHIVER=arm-none-eabi-ar" "COMPILER_FLAGS=  -O2 -c" "EXTRA_COMPILER_FLAGS=-mcpu=cortex-a9 -mfpu=vfpv3 -mfloat-abi=hard -
TRACE::2025-03-11.12:55:32::SCWMssOS::nostartfiles -g -Wall -Wextra"

TRACE::2025-03-11.12:55:32::SCWMssOS::"Running Make libs in ps7_cortexa9_0/libsrc/v_hscaler_v3_4/src"

TRACE::2025-03-11.12:55:32::SCWMssOS::make -C ps7_cortexa9_0/libsrc/v_hscaler_v3_4/src -s libs  "SHELL=CMD" "COMPILER=arm-none-eabi-gcc" "ASSEMBLER=arm-none-eabi-as"
TRACE::2025-03-11.12:55:32::SCWMssOS:: "ARCHIVER=arm-none-eabi-ar" "COMPILER_FLAGS=  -O2 -c" "EXTRA_COMPILER_FLAGS=-mcpu=cortex-a9 -mfpu=vfpv3 -mfloat-abi=hard -nost
TRACE::2025-03-11.12:55:32::SCWMssOS::artfiles -g -Wall -Wextra"

TRACE::2025-03-11.12:55:32::SCWMssOS::"Running Make libs in ps7_cortexa9_0/libsrc/v_letterbox_v2_3/src"

TRACE::2025-03-11.12:55:32::SCWMssOS::make -C ps7_cortexa9_0/libsrc/v_letterbox_v2_3/src -s libs  "SHELL=CMD" "COMPILER=arm-none-eabi-gcc" "ASSEMBLER=arm-none-eabi-a
TRACE::2025-03-11.12:55:32::SCWMssOS::s" "ARCHIVER=arm-none-eabi-ar" "COMPILER_FLAGS=  -O2 -c" "EXTRA_COMPILER_FLAGS=-mcpu=cortex-a9 -mfpu=vfpv3 -mfloat-abi=hard -no
TRACE::2025-03-11.12:55:32::SCWMssOS::startfiles -g -Wall -Wextra"

TRACE::2025-03-11.12:55:32::SCWMssOS::"Running Make libs in ps7_cortexa9_0/libsrc/v_vcresampler_v3_2/src"

TRACE::2025-03-11.12:55:32::SCWMssOS::make -C ps7_cortexa9_0/libsrc/v_vcresampler_v3_2/src -s libs  "SHELL=CMD" "COMPILER=arm-none-eabi-gcc" "ASSEMBLER=arm-none-eabi
TRACE::2025-03-11.12:55:33::SCWMssOS::-as" "ARCHIVER=arm-none-eabi-ar" "COMPILER_FLAGS=  -O2 -c" "EXTRA_COMPILER_FLAGS=-mcpu=cortex-a9 -mfpu=vfpv3 -mfloat-abi=hard -
TRACE::2025-03-11.12:55:33::SCWMssOS::nostartfiles -g -Wall -Wextra"

TRACE::2025-03-11.12:55:33::SCWMssOS::"Running Make libs in ps7_cortexa9_0/libsrc/v_vscaler_v3_2/src"

TRACE::2025-03-11.12:55:33::SCWMssOS::make -C ps7_cortexa9_0/libsrc/v_vscaler_v3_2/src -s libs  "SHELL=CMD" "COMPILER=arm-none-eabi-gcc" "ASSEMBLER=arm-none-eabi-as"
TRACE::2025-03-11.12:55:33::SCWMssOS:: "ARCHIVER=arm-none-eabi-ar" "COMPILER_FLAGS=  -O2 -c" "EXTRA_COMPILER_FLAGS=-mcpu=cortex-a9 -mfpu=vfpv3 -mfloat-abi=hard -nost
TRACE::2025-03-11.12:55:33::SCWMssOS::artfiles -g -Wall -Wextra"

TRACE::2025-03-11.12:55:33::SCWMssOS::"Running Make libs in ps7_cortexa9_0/libsrc/xadcps_v2_5/src"

TRACE::2025-03-11.12:55:33::SCWMssOS::make -C ps7_cortexa9_0/libsrc/xadcps_v2_5/src -s libs  "SHELL=CMD" "COMPILER=arm-none-eabi-gcc" "ASSEMBLER=arm-none-eabi-as" "A
TRACE::2025-03-11.12:55:33::SCWMssOS::RCHIVER=arm-none-eabi-ar" "COMPILER_FLAGS=  -O2 -c" "EXTRA_COMPILER_FLAGS=-mcpu=cortex-a9 -mfpu=vfpv3 -mfloat-abi=hard -nostart
TRACE::2025-03-11.12:55:33::SCWMssOS::files -g -Wall -Wextra"

TRACE::2025-03-11.12:55:33::SCWMssOS::'Finished building libraries parallelly.'

TRACE::2025-03-11.12:55:33::SCWMssOS::make --no-print-directory archive

TRACE::2025-03-11.12:55:33::SCWMssOS::arm-none-eabi-ar -r  ps7_cortexa9_0/lib/libxil.a ps7_cortexa9_0/lib/xadcps_selftest.o ps7_cortexa9_0/lib/xvprocss_sinit.o ps7_c
TRACE::2025-03-11.12:55:33::SCWMssOS::ortexa9_0/lib/xv_hcresampler_coeff.o ps7_cortexa9_0/lib/xv_vscaler_sinit.o ps7_cortexa9_0/lib/xplatform_info.o ps7_cortexa9_0/l
TRACE::2025-03-11.12:55:33::SCWMssOS::ib/xil_mmu.o ps7_cortexa9_0/lib/xv_vscaler_linux.o ps7_cortexa9_0/lib/xv_hscaler_sinit.o ps7_cortexa9_0/lib/xusbps_endpoint.o p
TRACE::2025-03-11.12:55:33::SCWMssOS::s7_cortexa9_0/lib/xusbps_sinit.o ps7_cortexa9_0/lib/unlink.o ps7_cortexa9_0/lib/xdevcfg_hw.o ps7_cortexa9_0/lib/xil_sleeptimer.
TRACE::2025-03-11.12:55:33::SCWMssOS::o ps7_cortexa9_0/lib/xgpio_sinit.o ps7_cortexa9_0/lib/xqspips_options.o ps7_cortexa9_0/lib/xvidc_timings_table.o ps7_cortexa9_0
TRACE::2025-03-11.12:55:33::SCWMssOS::/lib/xdmaps_g.o ps7_cortexa9_0/lib/xscutimer_g.o ps7_cortexa9_0/lib/xsdps_options.o ps7_cortexa9_0/lib/xv_deinterlacer.o ps7_co
TRACE::2025-03-11.12:55:33::SCWMssOS::rtexa9_0/lib/xil_misc_psreset_api.o ps7_cortexa9_0/lib/xdmaps_sinit.o ps7_cortexa9_0/lib/xscutimer_sinit.o ps7_cortexa9_0/lib/x
TRACE::2025-03-11.12:55:33::SCWMssOS::emacps_hw.o ps7_cortexa9_0/lib/inbyte.o ps7_cortexa9_0/lib/xdmaps_selftest.o ps7_cortexa9_0/lib/xscutimer_selftest.o ps7_cortex
TRACE::2025-03-11.12:55:33::SCWMssOS::a9_0/lib/putnum.o ps7_cortexa9_0/lib/xqspips_hw.o ps7_cortexa9_0/lib/xgpiops_g.o ps7_cortexa9_0/lib/xsdps.o ps7_cortexa9_0/lib/
TRACE::2025-03-11.12:55:33::SCWMssOS::close.o ps7_cortexa9_0/lib/xv_deinterlacer_l2.o ps7_cortexa9_0/lib/xemacps_g.o ps7_cortexa9_0/lib/xgpiops_sinit.o ps7_cortexa9_
TRACE::2025-03-11.12:55:33::SCWMssOS::0/lib/xvprocss_coreinit.o ps7_cortexa9_0/lib/xgpiops_selftest.o ps7_cortexa9_0/lib/xgpio_g.o ps7_cortexa9_0/lib/xscuwdt.o ps7_c
TRACE::2025-03-11.12:55:33::SCWMssOS::ortexa9_0/lib/xv_hcresampler_linux.o ps7_cortexa9_0/lib/xaxivdma_g.o ps7_cortexa9_0/lib/xv_csc_l2.o ps7_cortexa9_0/lib/xil_mem.
TRACE::2025-03-11.12:55:33::SCWMssOS::o ps7_cortexa9_0/lib/xaxivdma_sinit.o ps7_cortexa9_0/lib/xv_hscaler.o ps7_cortexa9_0/lib/xgpio_selftest.o ps7_cortexa9_0/lib/xa
TRACE::2025-03-11.12:55:33::SCWMssOS::xivdma_selftest.o ps7_cortexa9_0/lib/xil_printf.o ps7_cortexa9_0/lib/kill.o ps7_cortexa9_0/lib/xadcps.o ps7_cortexa9_0/lib/xuar
TRACE::2025-03-11.12:55:33::SCWMssOS::tps_sinit.o ps7_cortexa9_0/lib/xaxis_switch_g.o ps7_cortexa9_0/lib/xuartps_selftest.o ps7_cortexa9_0/lib/xuartps_g.o ps7_cortex
TRACE::2025-03-11.12:55:33::SCWMssOS::a9_0/lib/outbyte.o ps7_cortexa9_0/lib/lseek.o ps7_cortexa9_0/lib/xv_vcresampler_sinit.o ps7_cortexa9_0/lib/xusbps_hw.o ps7_cort
TRACE::2025-03-11.12:55:33::SCWMssOS::exa9_0/lib/xv_vcresampler_linux.o ps7_cortexa9_0/lib/xl2cc_counter.o ps7_cortexa9_0/lib/xv_deinterlacer_linux.o ps7_cortexa9_0/
TRACE::2025-03-11.12:55:33::SCWMssOS::lib/asm_vectors.o ps7_cortexa9_0/lib/usleep.o ps7_cortexa9_0/lib/abort.o ps7_cortexa9_0/lib/xscugic_intr.o ps7_cortexa9_0/lib/g
TRACE::2025-03-11.12:55:33::SCWMssOS::etpid.o ps7_cortexa9_0/lib/xil_testcache.o ps7_cortexa9_0/lib/xdevcfg_sinit.o ps7_cortexa9_0/lib/xdmaps.o ps7_cortexa9_0/lib/xs
TRACE::2025-03-11.12:55:33::SCWMssOS::cutimer.o ps7_cortexa9_0/lib/xv_hscaler_linux.o ps7_cortexa9_0/lib/xdevcfg_selftest.o ps7_cortexa9_0/lib/xpm_counter.o ps7_cort
TRACE::2025-03-11.12:55:33::SCWMssOS::exa9_0/lib/xv_vcresampler_g.o ps7_cortexa9_0/lib/_sbrk.o ps7_cortexa9_0/lib/xemacps_sinit.o ps7_cortexa9_0/lib/xqspips_g.o ps7_
TRACE::2025-03-11.12:55:33::SCWMssOS::cortexa9_0/lib/xgpiops.o ps7_cortexa9_0/lib/xsdps_g.o ps7_cortexa9_0/lib/xusbps_g.o ps7_cortexa9_0/lib/xsdps_sinit.o ps7_cortex
TRACE::2025-03-11.12:55:33::SCWMssOS::a9_0/lib/xvprocss.o ps7_cortexa9_0/lib/xv_vscaler_g.o ps7_cortexa9_0/lib/xv_vcresampler_coeff.o ps7_cortexa9_0/lib/xqspips_self
TRACE::2025-03-11.12:55:33::SCWMssOS::test.o ps7_cortexa9_0/lib/xil_exception.o ps7_cortexa9_0/lib/xgpio.o ps7_cortexa9_0/lib/xil_testmem.o ps7_cortexa9_0/lib/xaxivd
TRACE::2025-03-11.12:55:33::SCWMssOS::ma.o ps7_cortexa9_0/lib/xemacps_control.o ps7_cortexa9_0/lib/open.o ps7_cortexa9_0/lib/xaxis_switch_selftest.o ps7_cortexa9_0/l
TRACE::2025-03-11.12:55:33::SCWMssOS::ib/xil_assert.o ps7_cortexa9_0/lib/xaxivdma_intr.o ps7_cortexa9_0/lib/xv_letterbox_linux.o ps7_cortexa9_0/lib/xusbps_intr.o ps7
TRACE::2025-03-11.12:55:33::SCWMssOS::_cortexa9_0/lib/xv_vscaler_coeff.o ps7_cortexa9_0/lib/xvidc.o ps7_cortexa9_0/lib/xsdps_host.o ps7_cortexa9_0/lib/xcoresightpsdc
TRACE::2025-03-11.12:55:33::SCWMssOS::c.o ps7_cortexa9_0/lib/xv_csc.o ps7_cortexa9_0/lib/xscugic_hw.o ps7_cortexa9_0/lib/xuartps.o ps7_cortexa9_0/lib/sleep.o ps7_cor
TRACE::2025-03-11.12:55:33::SCWMssOS::texa9_0/lib/cpputest_time.o ps7_cortexa9_0/lib/_open.o ps7_cortexa9_0/lib/fcntl.o ps7_cortexa9_0/lib/xv_vscaler_l2.o ps7_cortex
TRACE::2025-03-11.12:55:33::SCWMssOS::a9_0/lib/xvidc_edid.o ps7_cortexa9_0/lib/print.o ps7_cortexa9_0/lib/read.o ps7_cortexa9_0/lib/xv_hcresampler.o ps7_cortexa9_0/l
TRACE::2025-03-11.12:55:33::SCWMssOS::ib/xv_letterbox.o ps7_cortexa9_0/lib/xdevcfg.o ps7_cortexa9_0/lib/xadcps_intr.o ps7_cortexa9_0/lib/xqspips.o ps7_cortexa9_0/lib
TRACE::2025-03-11.12:55:33::SCWMssOS::/xv_deinterlacer_g.o ps7_cortexa9_0/lib/xv_deinterlacer_sinit.o ps7_cortexa9_0/lib/xemacps.o ps7_cortexa9_0/lib/xil_cache.o ps7
TRACE::2025-03-11.12:55:33::SCWMssOS::_cortexa9_0/lib/xil_testio.o ps7_cortexa9_0/lib/xv_vcresampler.o ps7_cortexa9_0/lib/xvidc_edid_ext.o ps7_cortexa9_0/lib/xuartps
TRACE::2025-03-11.12:55:33::SCWMssOS::_intr.o ps7_cortexa9_0/lib/xusbps.o ps7_cortexa9_0/lib/xaxis_switch.o ps7_cortexa9_0/lib/xv_vscaler.o ps7_cortexa9_0/lib/_exit.
TRACE::2025-03-11.12:55:33::SCWMssOS::o ps7_cortexa9_0/lib/translation_table.o ps7_cortexa9_0/lib/write.o ps7_cortexa9_0/lib/boot.o ps7_cortexa9_0/lib/xemacps_bdring
TRACE::2025-03-11.12:55:33::SCWMssOS::.o ps7_cortexa9_0/lib/xaxivdma_channel.o ps7_cortexa9_0/lib/cpu_init.o ps7_cortexa9_0/lib/xil_sleepcommon.o ps7_cortexa9_0/lib/
TRACE::2025-03-11.12:55:33::SCWMssOS::xscugic_g.o ps7_cortexa9_0/lib/xv_hscaler_g.o ps7_cortexa9_0/lib/xgpiops_intr.o ps7_cortexa9_0/lib/xscugic_sinit.o ps7_cortexa9
TRACE::2025-03-11.12:55:33::SCWMssOS::_0/lib/xdevcfg_g.o ps7_cortexa9_0/lib/xuartps_hw.o ps7_cortexa9_0/lib/xgpio_intr.o ps7_cortexa9_0/lib/xv_hcresampler_g.o ps7_co
TRACE::2025-03-11.12:55:33::SCWMssOS::rtexa9_0/lib/xvprocss_router.o ps7_cortexa9_0/lib/xtime_l.o ps7_cortexa9_0/lib/xvidc_parse_edid.o ps7_cortexa9_0/lib/xv_csc_g.o
TRACE::2025-03-11.12:55:33::SCWMssOS:: ps7_cortexa9_0/lib/xscugic_selftest.o ps7_cortexa9_0/lib/xil_util.o ps7_cortexa9_0/lib/xscuwdt_sinit.o ps7_cortexa9_0/lib/xsdp
TRACE::2025-03-11.12:55:33::SCWMssOS::s_card.o ps7_cortexa9_0/lib/xdmaps_hw.o ps7_cortexa9_0/lib/xv_hcresampler_sinit.o ps7_cortexa9_0/lib/xv_hscaler_coeff.o ps7_cor
TRACE::2025-03-11.12:55:33::SCWMssOS::texa9_0/lib/xv_hcresampler_l2.o ps7_cortexa9_0/lib/xvprocss_log.o ps7_cortexa9_0/lib/xv_letterbox_l2.o ps7_cortexa9_0/lib/sbrk.
TRACE::2025-03-11.12:55:33::SCWMssOS::o ps7_cortexa9_0/lib/xgpiops_hw.o ps7_cortexa9_0/lib/fstat.o ps7_cortexa9_0/lib/errno.o ps7_cortexa9_0/lib/xvprocss_vdma.o ps7_
TRACE::2025-03-11.12:55:33::SCWMssOS::cortexa9_0/lib/xdevcfg_intr.o ps7_cortexa9_0/lib/xuartps_options.o ps7_cortexa9_0/lib/xv_hscaler_l2.o ps7_cortexa9_0/lib/xaxis_
TRACE::2025-03-11.12:55:33::SCWMssOS::switch_sinit.o ps7_cortexa9_0/lib/vectors.o ps7_cortexa9_0/lib/xv_csc_linux.o ps7_cortexa9_0/lib/xscuwdt_g.o ps7_cortexa9_0/lib
TRACE::2025-03-11.12:55:33::SCWMssOS::/xvprocss_g.o ps7_cortexa9_0/lib/xv_letterbox_g.o ps7_cortexa9_0/lib/xil_clocking.o ps7_cortexa9_0/lib/xv_vcresampler_l2.o ps7_
TRACE::2025-03-11.12:55:33::SCWMssOS::cortexa9_0/lib/xv_csc_sinit.o ps7_cortexa9_0/lib/xv_letterbox_sinit.o ps7_cortexa9_0/lib/xemacps_intr.o ps7_cortexa9_0/lib/xscu
TRACE::2025-03-11.12:55:33::SCWMssOS::wdt_selftest.o ps7_cortexa9_0/lib/xgpio_extra.o ps7_cortexa9_0/lib/isatty.o ps7_cortexa9_0/lib/xil-crt0.o ps7_cortexa9_0/lib/xs
TRACE::2025-03-11.12:55:33::SCWMssOS::cugic.o ps7_cortexa9_0/lib/xadcps_g.o ps7_cortexa9_0/lib/xqspips_sinit.o ps7_cortexa9_0/lib/xadcps_sinit.o

TRACE::2025-03-11.12:55:34::SCWMssOS::'Finished building libraries'

TRACE::2025-03-11.12:55:35::SCWMssOS::Copying to export directory.
TRACE::2025-03-11.12:55:36::SCWMssOS:: Checking if to create the Supporting Applications
TRACE::2025-03-11.12:55:36::SCWMssOS:: No Linux domain exists, trying to generate FSBL 
LOG::2025-03-11.12:55:36::SCWSystem::Completed Processing the domain standalone_ps7_cortexa9_0
LOG::2025-03-11.12:55:36::SCWSystem::Completed Processing the sysconfig atelier4_wrapper
LOG::2025-03-11.12:55:36::SCWPlatform::Completed generating the artifacts for system configuration atelier4_wrapper
TRACE::2025-03-11.12:55:36::SCWPlatform::Started preparing the platform 
TRACE::2025-03-11.12:55:36::SCWSystem::Writing the bif file for system config atelier4_wrapper
TRACE::2025-03-11.12:55:36::SCWSystem::dir created 
TRACE::2025-03-11.12:55:36::SCWSystem::Writing the bif 
TRACE::2025-03-11.12:55:36::SCWPlatform::Started writing the spfm file 
TRACE::2025-03-11.12:55:36::SCWPlatform::Started writing the xpfm file 
TRACE::2025-03-11.12:55:36::SCWPlatform::Completed generating the platform
TRACE::2025-03-11.12:55:36::SCWMssOS::Saving the mss changes D:/Travail/s4-projet/vivado/atelier4_wrapper/zynq_fsbl/zynq_fsbl_bsp/system.mss
TRACE::2025-03-11.12:55:36::SCWMssOS::Found a swdesign opened with the mssfile.
TRACE::2025-03-11.12:55:36::SCWMssOS::Completed writemss as part of save.
TRACE::2025-03-11.12:55:36::SCWMssOS::Commit changes completed.
TRACE::2025-03-11.12:55:36::SCWMssOS::Saving the mss changes D:/Travail/s4-projet/vivado/atelier4_wrapper/ps7_cortexa9_0/standalone_ps7_cortexa9_0/bsp/system.mss
TRACE::2025-03-11.12:55:36::SCWMssOS::Found a swdesign opened with the mssfile.
TRACE::2025-03-11.12:55:36::SCWMssOS::Completed writemss as part of save.
TRACE::2025-03-11.12:55:36::SCWMssOS::Commit changes completed.
TRACE::2025-03-11.12:55:36::SCWPlatform::Trying to open the hw design at D:/Travail/s4-projet/vivado/atelier4_wrapper/hw/atelier4_wrapper.xsa
TRACE::2025-03-11.12:55:36::SCWPlatform::DSA given D:/Travail/s4-projet/vivado/atelier4_wrapper/hw/atelier4_wrapper.xsa
TRACE::2025-03-11.12:55:36::SCWPlatform::DSA absoulate path D:/Travail/s4-projet/vivado/atelier4_wrapper/hw/atelier4_wrapper.xsa
TRACE::2025-03-11.12:55:36::SCWPlatform::DSA directory D:/Travail/s4-projet/vivado/atelier4_wrapper/hw
TRACE::2025-03-11.12:55:36::SCWPlatform:: Platform Path D:/Travail/s4-projet/vivado/atelier4_wrapper/hw/atelier4_wrapper.xsa
TRACE::2025-03-11.12:55:36::SCWPlatform:: Unique name xilinx:zybo-z7-10::0.0
TRACE::2025-03-11.12:55:36::SCWPlatform::Trying to set the existing hwdb with name atelier4_wrapper
TRACE::2025-03-11.12:55:36::SCWPlatform::Opened existing hwdb atelier4_wrapper
TRACE::2025-03-11.12:55:36::SCWPlatform::Found the Hw Db part of the input DSA
TRACE::2025-03-11.12:55:36::SCWMssOS::Checking the sw design at  D:/Travail/s4-projet/vivado/atelier4_wrapper/zynq_fsbl/zynq_fsbl_bsp/system.mss
TRACE::2025-03-11.12:55:36::SCWMssOS::DEBUG:  swdes dump  D:/Travail/s4-projet/vivado/atelier4_wrapper/ps7_cortexa9_0/standalone_ps7_cortexa9_0/bsp/system.mss|system_0||
D:/Travail/s4-projet/vivado/atelier4_wrapper/zynq_fsbl/zynq_fsbl_bsp/system.mss|system||

TRACE::2025-03-11.12:55:36::SCWMssOS::Sw design exists and opened at  D:/Travail/s4-projet/vivado/atelier4_wrapper/zynq_fsbl/zynq_fsbl_bsp/system.mss
TRACE::2025-03-11.12:55:36::SCWPlatform::Trying to open the hw design at D:/Travail/s4-projet/vivado/atelier4_wrapper/hw/atelier4_wrapper.xsa
TRACE::2025-03-11.12:55:36::SCWPlatform::DSA given D:/Travail/s4-projet/vivado/atelier4_wrapper/hw/atelier4_wrapper.xsa
TRACE::2025-03-11.12:55:36::SCWPlatform::DSA absoulate path D:/Travail/s4-projet/vivado/atelier4_wrapper/hw/atelier4_wrapper.xsa
TRACE::2025-03-11.12:55:36::SCWPlatform::DSA directory D:/Travail/s4-projet/vivado/atelier4_wrapper/hw
TRACE::2025-03-11.12:55:36::SCWPlatform:: Platform Path D:/Travail/s4-projet/vivado/atelier4_wrapper/hw/atelier4_wrapper.xsa
TRACE::2025-03-11.12:55:36::SCWPlatform:: Unique name xilinx:zybo-z7-10::0.0
TRACE::2025-03-11.12:55:36::SCWPlatform::Trying to set the existing hwdb with name atelier4_wrapper
TRACE::2025-03-11.12:55:36::SCWPlatform::Opened existing hwdb atelier4_wrapper
TRACE::2025-03-11.12:55:36::SCWPlatform::Found the Hw Db part of the input DSA
TRACE::2025-03-11.12:55:36::SCWMssOS::Checking the sw design at  D:/Travail/s4-projet/vivado/atelier4_wrapper/ps7_cortexa9_0/standalone_ps7_cortexa9_0/bsp/system.mss
TRACE::2025-03-11.12:55:36::SCWMssOS::DEBUG:  swdes dump  D:/Travail/s4-projet/vivado/atelier4_wrapper/ps7_cortexa9_0/standalone_ps7_cortexa9_0/bsp/system.mss|system_0||
D:/Travail/s4-projet/vivado/atelier4_wrapper/zynq_fsbl/zynq_fsbl_bsp/system.mss|system||

TRACE::2025-03-11.12:55:36::SCWMssOS::Sw design exists and opened at  D:/Travail/s4-projet/vivado/atelier4_wrapper/ps7_cortexa9_0/standalone_ps7_cortexa9_0/bsp/system.mss
TRACE::2025-03-11.12:55:36::SCWWriter::formatted JSON is {
	"platformName":	"atelier4_wrapper",
	"sprVersion":	"2.0",
	"mode":	"gui",
	"dsaType":	"Fixed",
	"platformDesc":	"atelier4_wrapper",
	"platHandOff":	"<platformDir>.xsa",
	"platIntHandOff":	"<platformDir>/hw/atelier4_wrapper.xsa",
	"deviceType":	"zynq",
	"platIsPrebuiltAutogen":	"false",
	"platIsNoBootBsp":	"false",
	"hasFsblMakeHasChanges":	"false",
	"hasPmufwMakeHasChanges":	"false",
	"fsblExtraCompilerFlags":	"-MMD -MP       -mcpu=cortex-a9 -mfpu=vfpv3 -mfloat-abi=hard ",
	"platPreBuiltFlag":	false,
	"platformSamplesDir":	"",
	"platActiveSys":	"atelier4_wrapper",
	"systems":	[{
			"systemName":	"atelier4_wrapper",
			"systemDesc":	"atelier4_wrapper",
			"sysIsBootAutoGen":	"true",
			"systemDispName":	"atelier4_wrapper",
			"sysActiveDom":	"standalone_ps7_cortexa9_0",
			"sysDefaultDom":	"standalone_ps7_cortexa9_0",
			"domains":	[{
					"domainName":	"zynq_fsbl",
					"domainDispName":	"zynq_fsbl",
					"domainDesc":	"FSBL Application BSP - Auto Generated.",
					"processors":	"ps7_cortexa9_0",
					"os":	"standalone",
					"sdxOs":	"standalone",
					"debugEnable":	"",
					"domRuntimes":	["cpp"],
					"swRepo":	"",
					"mssOsVer":	"7.3",
					"mssFile":	"",
					"md5Digest":	"0be5ea4ab905254957fadc8566944063",
					"compatibleApp":	"zynq_fsbl",
					"domType":	"bootDomain",
					"arch":	"32-bit",
					"appSettings":	{
						"appCompilerFlags":	"",
						"appLinkerFlags":	""
					},
					"addedLibs":	["xilffs:4.4", "xilrsa:1.6"],
					"libOptions":	{
						"libsContainingOptions":	[]
					},
					"prebuiltLibs":	{
						"prebuiltIncPath":	[],
						"prebuiltLibPath":	[]
					},
					"isolation":	{
					}
				}, {
					"domainName":	"standalone_ps7_cortexa9_0",
					"domainDispName":	"standalone_ps7_cortexa9_0",
					"domainDesc":	"standalone_ps7_cortexa9_0",
					"processors":	"ps7_cortexa9_0",
					"os":	"standalone",
					"sdxOs":	"standalone",
					"qemuArgs":	"C:/Xilinx/Vitis/2020.2/data/emulation/platforms/zynq/sw/a9_standalone/qemu/qemu_args.txt",
					"qemuData":	"C:/Xilinx/Vitis/2020.2/data/emulation/platforms/zynq/sw/a9_standalone/qemu/",
					"debugEnable":	"False",
					"domRuntimes":	["cpp"],
					"swRepo":	"",
					"mssOsVer":	"7.3",
					"mssFile":	"",
					"md5Digest":	"c7b67555032dc1ffe6b30962acb1207c",
					"compatibleApp":	"",
					"domType":	"mssDomain",
					"arch":	"32-bit",
					"appSettings":	{
						"appCompilerFlags":	"",
						"appLinkerFlags":	""
					},
					"addedLibs":	[],
					"libOptions":	{
						"libsContainingOptions":	[]
					},
					"prebuiltLibs":	{
						"prebuiltIncPath":	[],
						"prebuiltLibPath":	[]
					},
					"isolation":	{
					}
				}]
		}]
}
KEYINFO::2025-03-11.12:55:36::SCWPlatform::updated the xpfm file.
TRACE::2025-03-11.12:55:36::SCWPlatform::Trying to open the hw design at D:/Travail/s4-projet/vivado/atelier4_wrapper/hw/atelier4_wrapper.xsa
TRACE::2025-03-11.12:55:36::SCWPlatform::DSA given D:/Travail/s4-projet/vivado/atelier4_wrapper/hw/atelier4_wrapper.xsa
TRACE::2025-03-11.12:55:36::SCWPlatform::DSA absoulate path D:/Travail/s4-projet/vivado/atelier4_wrapper/hw/atelier4_wrapper.xsa
TRACE::2025-03-11.12:55:36::SCWPlatform::DSA directory D:/Travail/s4-projet/vivado/atelier4_wrapper/hw
TRACE::2025-03-11.12:55:36::SCWPlatform:: Platform Path D:/Travail/s4-projet/vivado/atelier4_wrapper/hw/atelier4_wrapper.xsa
TRACE::2025-03-11.12:55:36::SCWPlatform:: Unique name xilinx:zybo-z7-10::0.0
TRACE::2025-03-11.12:55:36::SCWPlatform::Trying to set the existing hwdb with name atelier4_wrapper
TRACE::2025-03-11.12:55:36::SCWPlatform::Opened existing hwdb atelier4_wrapper
TRACE::2025-03-11.12:55:36::SCWPlatform::Found the Hw Db part of the input DSA
TRACE::2025-03-11.12:55:36::SCWMssOS::Checking the sw design at  D:/Travail/s4-projet/vivado/atelier4_wrapper/ps7_cortexa9_0/standalone_ps7_cortexa9_0/bsp/system.mss
TRACE::2025-03-11.12:55:36::SCWMssOS::DEBUG:  swdes dump  D:/Travail/s4-projet/vivado/atelier4_wrapper/ps7_cortexa9_0/standalone_ps7_cortexa9_0/bsp/system.mss|system_0||
D:/Travail/s4-projet/vivado/atelier4_wrapper/zynq_fsbl/zynq_fsbl_bsp/system.mss|system||

TRACE::2025-03-11.12:55:36::SCWMssOS::Sw design exists and opened at  D:/Travail/s4-projet/vivado/atelier4_wrapper/ps7_cortexa9_0/standalone_ps7_cortexa9_0/bsp/system.mss
